headline,stock,date,publisher,url
JPM Announces Stock Buyback,JPM,2025-01-01 10:19:00,Reuters,https://finance.example.com/news/1982
Market Rally Lifts JPM Higher,JPM,2025-01-01 11:03:00,Wall Street Journal,https://finance.example.com/news/1944
META Hits All-Time High on Strong Earnings,META,2025-01-01 15:52:00,CNBC,https://finance.example.com/news/1029
PFE Beats Earnings Estimates,PFE,2025-01-01 19:43:00,InvestorPlace,https://finance.example.com/news/945
META Hits All-Time High on Strong Earnings,META,2025-01-02 12:49:00,CNBC,https://finance.example.com/news/67
Analysts Upgrade WMT to Buy,WMT,2025-01-02 13:44:00,Zacks,https://finance.example.com/news/1307
JPM Reports Record Quarterly Revenue,JPM,2025-01-02 18:13:00,Bloomberg,https://finance.example.com/news/456
AMZN Partners with Industry Leader,AMZN,2025-01-02 19:01:00,MarketWatch,https://finance.example.com/news/463
JPM Announces New Product Line,JPM,2025-01-03 12:15:00,Wall Street Journal,https://finance.example.com/news/909
PFE Misses Q3 Targets,PFE,2025-01-03 14:21:00,Wall Street Journal,https://finance.example.com/news/1664
TSLA Expands into New Markets,TSLA,2025-01-03 15:15:00,Wall Street Journal,https://finance.example.com/news/1337
AAPL Announces Stock Buyback,AAPL,2025-01-03 17:46:00,Wall Street Journal,https://finance.example.com/news/790
BAC Announces Stock Buyback,BAC,2025-01-04 08:55:00,Zacks,https://finance.example.com/news/1877
MSFT Hits All-Time High on Strong Earnings,MSFT,2025-01-04 09:59:00,Bloomberg,https://finance.example.com/news/1332
PFE Hits All-Time High on Strong Earnings,PFE,2025-01-04 10:19:00,Wall Street Journal,https://finance.example.com/news/275
Analysts Upgrade PFE to Buy,PFE,2025-01-04 10:52:00,InvestorPlace,https://finance.example.com/news/1731
GOOGL Reports Record Quarterly Revenue,GOOGL,2025-01-04 13:21:00,InvestorPlace,https://finance.example.com/news/537
AMZN Beats Earnings Estimates,AMZN,2025-01-04 13:38:00,MarketWatch,https://finance.example.com/news/1918
Analysts Upgrade PFE to Buy,PFE,2025-01-04 15:23:00,Wall Street Journal,https://finance.example.com/news/1032
BAC Hits All-Time High on Strong Earnings,BAC,2025-01-04 15:35:00,InvestorPlace,https://finance.example.com/news/502
PFE Shares Drop After Weak Guidance,PFE,2025-01-04 15:42:00,Financial Times,https://finance.example.com/news/765
AAPL Misses Q3 Targets,AAPL,2025-01-04 16:33:00,Bloomberg,https://finance.example.com/news/951
META Beats Earnings Estimates,META,2025-01-05 08:27:00,CNBC,https://finance.example.com/news/396
BAC Reports Record Quarterly Revenue,BAC,2025-01-05 19:27:00,MarketWatch,https://finance.example.com/news/1031
BAC CFO Steps Down,BAC,2025-01-06 08:07:00,Bloomberg,https://finance.example.com/news/1969
FDA Approves TSLA Drug Application,TSLA,2025-01-06 11:13:00,Wall Street Journal,https://finance.example.com/news/707
TSLA Beats Earnings Estimates,TSLA,2025-01-06 14:29:00,Zacks,https://finance.example.com/news/1266
TSLA Beats Earnings Estimates,TSLA,2025-01-06 17:15:00,CNBC,https://finance.example.com/news/919
JPM Partners with Industry Leader,JPM,2025-01-07 08:49:00,Wall Street Journal,https://finance.example.com/news/1047
AAPL Partners with Industry Leader,AAPL,2025-01-07 10:02:00,Zacks,https://finance.example.com/news/643
Insider Buying at WMT,WMT,2025-01-07 12:59:00,Financial Times,https://finance.example.com/news/624
BAC Shares Drop After Weak Guidance,BAC,2025-01-07 16:18:00,Zacks,https://finance.example.com/news/149
WMT Hits All-Time High on Strong Earnings,WMT,2025-01-07 18:16:00,Wall Street Journal,https://finance.example.com/news/864
JPM CFO Steps Down,JPM,2025-01-08 09:50:00,MarketWatch,https://finance.example.com/news/1054
JPM Hits All-Time High on Strong Earnings,JPM,2025-01-08 12:52:00,Wall Street Journal,https://finance.example.com/news/1854
MSFT Announces New Product Line,MSFT,2025-01-08 14:13:00,Financial Times,https://finance.example.com/news/1043
META Shares Drop After Weak Guidance,META,2025-01-08 16:35:00,Bloomberg,https://finance.example.com/news/1217
GOOGL Reports Record Quarterly Revenue,GOOGL,2025-01-08 18:34:00,CNBC,https://finance.example.com/news/147
FDA Approves BAC Drug Application,BAC,2025-01-09 08:18:00,Wall Street Journal,https://finance.example.com/news/140
Tech Sell-off Drags PFE Lower,PFE,2025-01-09 10:13:00,Bloomberg,https://finance.example.com/news/467
TSLA Reports Record Quarterly Revenue,TSLA,2025-01-09 12:50:00,Bloomberg,https://finance.example.com/news/338
JPM CFO Steps Down,JPM,2025-01-09 13:43:00,Bloomberg,https://finance.example.com/news/891
Market Rally Lifts META Higher,META,2025-01-09 15:08:00,MarketWatch,https://finance.example.com/news/1091
MSFT Partners with Industry Leader,MSFT,2025-01-09 18:12:00,Reuters,https://finance.example.com/news/1609
WMT Beats Earnings Estimates,WMT,2025-01-10 10:36:00,Financial Times,https://finance.example.com/news/1200
Insider Buying at GOOGL,GOOGL,2025-01-10 16:54:00,Financial Times,https://finance.example.com/news/1068
WMT Announces New Product Line,WMT,2025-01-10 17:45:00,CNBC,https://finance.example.com/news/1501
MSFT Shares Drop After Weak Guidance,MSFT,2025-01-10 19:30:00,InvestorPlace,https://finance.example.com/news/1441
Tech Sell-off Drags BAC Lower,BAC,2025-01-11 07:55:00,Bloomberg,https://finance.example.com/news/1513
FDA Approves BAC Drug Application,BAC,2025-01-11 14:37:00,Wall Street Journal,https://finance.example.com/news/1614
Analysts Upgrade AMZN to Buy,AMZN,2025-01-11 16:09:00,Wall Street Journal,https://finance.example.com/news/120
JPM Beats Earnings Estimates,JPM,2025-01-11 19:49:00,Reuters,https://finance.example.com/news/760
AAPL Beats Earnings Estimates,AAPL,2025-01-12 09:06:00,MarketWatch,https://finance.example.com/news/1041
WMT Announces Stock Buyback,WMT,2025-01-12 11:26:00,CNBC,https://finance.example.com/news/1383
BAC Partners with Industry Leader,BAC,2025-01-12 12:27:00,CNBC,https://finance.example.com/news/1696
Market Rally Lifts TSLA Higher,TSLA,2025-01-12 16:50:00,Reuters,https://finance.example.com/news/1816
AMZN Announces New Product Line,AMZN,2025-01-13 07:15:00,Zacks,https://finance.example.com/news/95
Analysts Upgrade AMZN to Buy,AMZN,2025-01-13 17:12:00,InvestorPlace,https://finance.example.com/news/79
BAC Beats Earnings Estimates,BAC,2025-01-13 19:30:00,CNBC,https://finance.example.com/news/1208
AMZN Shares Drop After Weak Guidance,AMZN,2025-01-14 10:10:00,MarketWatch,https://finance.example.com/news/722
META Announces New Product Line,META,2025-01-14 12:38:00,Wall Street Journal,https://finance.example.com/news/686
PFE Hits All-Time High on Strong Earnings,PFE,2025-01-15 08:02:00,MarketWatch,https://finance.example.com/news/380
Market Rally Lifts PFE Higher,PFE,2025-01-15 09:12:00,Financial Times,https://finance.example.com/news/1195
MSFT Expands into New Markets,MSFT,2025-01-15 09:59:00,Financial Times,https://finance.example.com/news/1935
AAPL Announces New Product Line,AAPL,2025-01-15 14:57:00,Reuters,https://finance.example.com/news/1221
BAC Misses Q3 Targets,BAC,2025-01-15 19:03:00,CNBC,https://finance.example.com/news/1534
Tech Sell-off Drags MSFT Lower,MSFT,2025-01-16 12:51:00,InvestorPlace,https://finance.example.com/news/638
MSFT CFO Steps Down,MSFT,2025-01-16 15:07:00,CNBC,https://finance.example.com/news/1774
MSFT CFO Steps Down,MSFT,2025-01-16 16:15:00,Zacks,https://finance.example.com/news/1915
GOOGL Announces New Product Line,GOOGL,2025-01-17 10:06:00,Zacks,https://finance.example.com/news/1073
Insider Buying at MSFT,MSFT,2025-01-17 12:04:00,Wall Street Journal,https://finance.example.com/news/38
META Partners with Industry Leader,META,2025-01-17 14:16:00,Financial Times,https://finance.example.com/news/585
AMZN Shares Drop After Weak Guidance,AMZN,2025-01-17 16:41:00,InvestorPlace,https://finance.example.com/news/1074
AAPL Announces New Product Line,AAPL,2025-01-17 17:36:00,MarketWatch,https://finance.example.com/news/1176
Analysts Upgrade JPM to Buy,JPM,2025-01-18 08:15:00,InvestorPlace,https://finance.example.com/news/1966
Tech Sell-off Drags JPM Lower,JPM,2025-01-18 11:55:00,Bloomberg,https://finance.example.com/news/1530
FDA Approves AMZN Drug Application,AMZN,2025-01-18 12:40:00,Reuters,https://finance.example.com/news/1898
Market Rally Lifts MSFT Higher,MSFT,2025-01-18 14:38:00,Reuters,https://finance.example.com/news/468
Insider Buying at JPM,JPM,2025-01-18 15:36:00,CNBC,https://finance.example.com/news/732
Analysts Upgrade AAPL to Buy,AAPL,2025-01-19 10:09:00,MarketWatch,https://finance.example.com/news/1986
AMZN Misses Q3 Targets,AMZN,2025-01-19 14:24:00,Bloomberg,https://finance.example.com/news/1211
META Shares Drop After Weak Guidance,META,2025-01-19 15:21:00,InvestorPlace,https://finance.example.com/news/1657
JPM Expands into New Markets,JPM,2025-01-19 16:45:00,Wall Street Journal,https://finance.example.com/news/772
META Announces New Product Line,META,2025-01-19 18:59:00,MarketWatch,https://finance.example.com/news/1268
Insider Buying at JPM,JPM,2025-01-20 08:24:00,CNBC,https://finance.example.com/news/1894
GOOGL Announces New Product Line,GOOGL,2025-01-20 11:58:00,Zacks,https://finance.example.com/news/327
Tech Sell-off Drags TSLA Lower,TSLA,2025-01-20 19:12:00,Bloomberg,https://finance.example.com/news/1207
Insider Buying at BAC,BAC,2025-01-21 09:43:00,Bloomberg,https://finance.example.com/news/1400
BAC CFO Steps Down,BAC,2025-01-21 10:48:00,Zacks,https://finance.example.com/news/921
JPM Hits All-Time High on Strong Earnings,JPM,2025-01-21 14:46:00,Reuters,https://finance.example.com/news/1360
JPM Shares Drop After Weak Guidance,JPM,2025-01-21 15:21:00,Zacks,https://finance.example.com/news/1590
Market Rally Lifts META Higher,META,2025-01-21 19:48:00,CNBC,https://finance.example.com/news/169
FDA Approves WMT Drug Application,WMT,2025-01-22 07:52:00,Zacks,https://finance.example.com/news/1711
WMT Announces Stock Buyback,WMT,2025-01-22 08:58:00,Financial Times,https://finance.example.com/news/1283
JPM Announces New Product Line,JPM,2025-01-22 11:23:00,Reuters,https://finance.example.com/news/71
Tech Sell-off Drags PFE Lower,PFE,2025-01-22 12:34:00,InvestorPlace,https://finance.example.com/news/128
MSFT Expands into New Markets,MSFT,2025-01-22 13:01:00,Zacks,https://finance.example.com/news/279
AMZN Announces New Product Line,AMZN,2025-01-22 13:05:00,InvestorPlace,https://finance.example.com/news/734
AAPL CFO Steps Down,AAPL,2025-01-22 13:07:00,Wall Street Journal,https://finance.example.com/news/1318
Insider Buying at BAC,BAC,2025-01-22 14:14:00,Reuters,https://finance.example.com/news/1770
Market Rally Lifts AMZN Higher,AMZN,2025-01-22 14:32:00,Financial Times,https://finance.example.com/news/1797
GOOGL Announces Stock Buyback,GOOGL,2025-01-22 18:59:00,Bloomberg,https://finance.example.com/news/1051
WMT Partners with Industry Leader,WMT,2025-01-22 19:46:00,Zacks,https://finance.example.com/news/583
Tech Sell-off Drags GOOGL Lower,GOOGL,2025-01-23 07:08:00,MarketWatch,https://finance.example.com/news/1760
Analysts Upgrade AAPL to Buy,AAPL,2025-01-23 09:36:00,CNBC,https://finance.example.com/news/934
AMZN Misses Q3 Targets,AMZN,2025-01-23 13:28:00,Wall Street Journal,https://finance.example.com/news/469
AAPL Reports Record Quarterly Revenue,AAPL,2025-01-23 17:54:00,Bloomberg,https://finance.example.com/news/1212
WMT Hits All-Time High on Strong Earnings,WMT,2025-01-24 07:08:00,Financial Times,https://finance.example.com/news/403
MSFT Announces New Product Line,MSFT,2025-01-24 07:19:00,Zacks,https://finance.example.com/news/228
MSFT Partners with Industry Leader,MSFT,2025-01-24 07:54:00,CNBC,https://finance.example.com/news/815
FDA Approves TSLA Drug Application,TSLA,2025-01-24 08:33:00,MarketWatch,https://finance.example.com/news/1213
Insider Buying at AMZN,AMZN,2025-01-24 19:39:00,Wall Street Journal,https://finance.example.com/news/1785
Tech Sell-off Drags META Lower,META,2025-01-25 09:22:00,MarketWatch,https://finance.example.com/news/1390
AMZN Partners with Industry Leader,AMZN,2025-01-25 19:41:00,MarketWatch,https://finance.example.com/news/1580
TSLA Hits All-Time High on Strong Earnings,TSLA,2025-01-26 16:30:00,CNBC,https://finance.example.com/news/52
Insider Buying at META,META,2025-01-27 08:40:00,InvestorPlace,https://finance.example.com/news/66
GOOGL Reports Record Quarterly Revenue,GOOGL,2025-01-27 09:47:00,InvestorPlace,https://finance.example.com/news/243
Tech Sell-off Drags BAC Lower,BAC,2025-01-27 10:17:00,CNBC,https://finance.example.com/news/178
AAPL Shares Drop After Weak Guidance,AAPL,2025-01-27 15:11:00,CNBC,https://finance.example.com/news/1344
AAPL Expands into New Markets,AAPL,2025-01-27 16:35:00,Wall Street Journal,https://finance.example.com/news/398
Analysts Upgrade MSFT to Buy,MSFT,2025-01-27 17:09:00,Wall Street Journal,https://finance.example.com/news/1878
BAC Beats Earnings Estimates,BAC,2025-01-28 07:49:00,InvestorPlace,https://finance.example.com/news/1019
MSFT Expands into New Markets,MSFT,2025-01-28 08:27:00,InvestorPlace,https://finance.example.com/news/1222
AAPL Shares Drop After Weak Guidance,AAPL,2025-01-28 08:31:00,Reuters,https://finance.example.com/news/1469
MSFT Misses Q3 Targets,MSFT,2025-01-28 10:39:00,CNBC,https://finance.example.com/news/1117
AAPL Expands into New Markets,AAPL,2025-01-28 13:32:00,Financial Times,https://finance.example.com/news/324
META Hits All-Time High on Strong Earnings,META,2025-01-28 15:18:00,CNBC,https://finance.example.com/news/148
Analysts Upgrade WMT to Buy,WMT,2025-01-29 09:32:00,MarketWatch,https://finance.example.com/news/470
TSLA Partners with Industry Leader,TSLA,2025-01-29 10:52:00,Reuters,https://finance.example.com/news/15
AAPL CFO Steps Down,AAPL,2025-01-29 11:22:00,Financial Times,https://finance.example.com/news/202
Market Rally Lifts PFE Higher,PFE,2025-01-29 11:42:00,CNBC,https://finance.example.com/news/634
Market Rally Lifts META Higher,META,2025-01-29 12:32:00,Bloomberg,https://finance.example.com/news/292
JPM CFO Steps Down,JPM,2025-01-29 17:15:00,Wall Street Journal,https://finance.example.com/news/1485
Tech Sell-off Drags TSLA Lower,TSLA,2025-01-29 18:04:00,InvestorPlace,https://finance.example.com/news/1581
Tech Sell-off Drags MSFT Lower,MSFT,2025-01-29 19:21:00,Financial Times,https://finance.example.com/news/1100
AMZN Partners with Industry Leader,AMZN,2025-01-30 10:02:00,Zacks,https://finance.example.com/news/752
Analysts Upgrade META to Buy,META,2025-01-30 10:56:00,Bloomberg,https://finance.example.com/news/30
GOOGL Hits All-Time High on Strong Earnings,GOOGL,2025-01-30 11:24:00,Bloomberg,https://finance.example.com/news/1701
Insider Buying at BAC,BAC,2025-01-30 15:26:00,InvestorPlace,https://finance.example.com/news/478
MSFT Misses Q3 Targets,MSFT,2025-01-31 09:28:00,InvestorPlace,https://finance.example.com/news/384
META CFO Steps Down,META,2025-02-01 07:37:00,Reuters,https://finance.example.com/news/1482
Market Rally Lifts META Higher,META,2025-02-01 09:48:00,Bloomberg,https://finance.example.com/news/727
AMZN Misses Q3 Targets,AMZN,2025-02-01 15:01:00,InvestorPlace,https://finance.example.com/news/1619
PFE Reports Record Quarterly Revenue,PFE,2025-02-01 17:30:00,CNBC,https://finance.example.com/news/1269
GOOGL Partners with Industry Leader,GOOGL,2025-02-01 18:50:00,MarketWatch,https://finance.example.com/news/859
Analysts Upgrade META to Buy,META,2025-02-02 07:55:00,Wall Street Journal,https://finance.example.com/news/1385
BAC Hits All-Time High on Strong Earnings,BAC,2025-02-02 11:41:00,Financial Times,https://finance.example.com/news/823
META Beats Earnings Estimates,META,2025-02-02 11:45:00,Bloomberg,https://finance.example.com/news/639
FDA Approves MSFT Drug Application,MSFT,2025-02-02 12:17:00,Financial Times,https://finance.example.com/news/767
META Hits All-Time High on Strong Earnings,META,2025-02-02 12:22:00,Zacks,https://finance.example.com/news/1377
WMT Shares Drop After Weak Guidance,WMT,2025-02-02 14:28:00,Financial Times,https://finance.example.com/news/244
BAC Shares Drop After Weak Guidance,BAC,2025-02-03 13:31:00,Bloomberg,https://finance.example.com/news/151
TSLA Misses Q3 Targets,TSLA,2025-02-03 15:34:00,MarketWatch,https://finance.example.com/news/365
Insider Buying at TSLA,TSLA,2025-02-04 08:24:00,InvestorPlace,https://finance.example.com/news/736
Market Rally Lifts WMT Higher,WMT,2025-02-04 08:52:00,Reuters,https://finance.example.com/news/1448
AAPL Announces New Product Line,AAPL,2025-02-04 10:49:00,Financial Times,https://finance.example.com/news/356
FDA Approves GOOGL Drug Application,GOOGL,2025-02-04 14:28:00,MarketWatch,https://finance.example.com/news/291
WMT CFO Steps Down,WMT,2025-02-04 15:34:00,Reuters,https://finance.example.com/news/336
Market Rally Lifts AAPL Higher,AAPL,2025-02-04 16:50:00,Wall Street Journal,https://finance.example.com/news/1757
GOOGL Beats Earnings Estimates,GOOGL,2025-02-04 19:32:00,CNBC,https://finance.example.com/news/874
AMZN Partners with Industry Leader,AMZN,2025-02-05 09:08:00,MarketWatch,https://finance.example.com/news/1038
Insider Buying at TSLA,TSLA,2025-02-05 10:23:00,MarketWatch,https://finance.example.com/news/60
Analysts Upgrade GOOGL to Buy,GOOGL,2025-02-05 13:18:00,Wall Street Journal,https://finance.example.com/news/1822
BAC Misses Q3 Targets,BAC,2025-02-05 13:57:00,Wall Street Journal,https://finance.example.com/news/1826
TSLA Expands into New Markets,TSLA,2025-02-05 17:58:00,Financial Times,https://finance.example.com/news/86
TSLA Reports Record Quarterly Revenue,TSLA,2025-02-05 19:17:00,Financial Times,https://finance.example.com/news/80
AMZN Partners with Industry Leader,AMZN,2025-02-05 19:30:00,Financial Times,https://finance.example.com/news/1459
WMT Hits All-Time High on Strong Earnings,WMT,2025-02-06 11:04:00,Wall Street Journal,https://finance.example.com/news/1080
META Beats Earnings Estimates,META,2025-02-06 16:52:00,Wall Street Journal,https://finance.example.com/news/889
Analysts Upgrade WMT to Buy,WMT,2025-02-06 17:46:00,MarketWatch,https://finance.example.com/news/1991
BAC CFO Steps Down,BAC,2025-02-07 07:29:00,Bloomberg,https://finance.example.com/news/58
Tech Sell-off Drags BAC Lower,BAC,2025-02-07 07:37:00,Bloomberg,https://finance.example.com/news/626
PFE Partners with Industry Leader,PFE,2025-02-07 14:26:00,Wall Street Journal,https://finance.example.com/news/96
TSLA Announces Stock Buyback,TSLA,2025-02-07 14:29:00,Financial Times,https://finance.example.com/news/372
BAC Hits All-Time High on Strong Earnings,BAC,2025-02-07 17:44:00,Zacks,https://finance.example.com/news/1841
FDA Approves GOOGL Drug Application,GOOGL,2025-02-07 19:54:00,Reuters,https://finance.example.com/news/712
MSFT Misses Q3 Targets,MSFT,2025-02-08 07:54:00,Reuters,https://finance.example.com/news/914
AMZN Partners with Industry Leader,AMZN,2025-02-08 12:38:00,InvestorPlace,https://finance.example.com/news/520
Insider Buying at AAPL,AAPL,2025-02-08 17:59:00,MarketWatch,https://finance.example.com/news/514
GOOGL Reports Record Quarterly Revenue,GOOGL,2025-02-09 08:10:00,MarketWatch,https://finance.example.com/news/1381
FDA Approves JPM Drug Application,JPM,2025-02-09 08:52:00,CNBC,https://finance.example.com/news/1435
FDA Approves AMZN Drug Application,AMZN,2025-02-09 09:37:00,Wall Street Journal,https://finance.example.com/news/609
Tech Sell-off Drags BAC Lower,BAC,2025-02-09 12:16:00,Wall Street Journal,https://finance.example.com/news/535
Tech Sell-off Drags TSLA Lower,TSLA,2025-02-09 17:52:00,MarketWatch,https://finance.example.com/news/1498
FDA Approves META Drug Application,META,2025-02-09 18:18:00,Wall Street Journal,https://finance.example.com/news/104
Insider Buying at BAC,BAC,2025-02-10 13:39:00,MarketWatch,https://finance.example.com/news/1010
AMZN Reports Record Quarterly Revenue,AMZN,2025-02-10 13:40:00,Wall Street Journal,https://finance.example.com/news/1035
AMZN Beats Earnings Estimates,AMZN,2025-02-10 13:46:00,Zacks,https://finance.example.com/news/1880
BAC Beats Earnings Estimates,BAC,2025-02-10 15:56:00,Bloomberg,https://finance.example.com/news/1263
GOOGL Announces New Product Line,GOOGL,2025-02-10 16:55:00,InvestorPlace,https://finance.example.com/news/204
AMZN Announces New Product Line,AMZN,2025-02-10 18:38:00,MarketWatch,https://finance.example.com/news/1603
BAC Expands into New Markets,BAC,2025-02-10 19:30:00,MarketWatch,https://finance.example.com/news/1593
AAPL Beats Earnings Estimates,AAPL,2025-02-11 09:04:00,Bloomberg,https://finance.example.com/news/53
AMZN Expands into New Markets,AMZN,2025-02-11 12:14:00,Reuters,https://finance.example.com/news/325
AMZN Misses Q3 Targets,AMZN,2025-02-11 19:30:00,Bloomberg,https://finance.example.com/news/1788
JPM Beats Earnings Estimates,JPM,2025-02-11 19:56:00,Bloomberg,https://finance.example.com/news/1723
Tech Sell-off Drags WMT Lower,WMT,2025-02-12 08:16:00,CNBC,https://finance.example.com/news/1020
FDA Approves META Drug Application,META,2025-02-12 09:32:00,Bloomberg,https://finance.example.com/news/1271
JPM Hits All-Time High on Strong Earnings,JPM,2025-02-12 13:56:00,MarketWatch,https://finance.example.com/news/1600
AMZN Hits All-Time High on Strong Earnings,AMZN,2025-02-12 15:54:00,Zacks,https://finance.example.com/news/1404
JPM Partners with Industry Leader,JPM,2025-02-12 19:58:00,MarketWatch,https://finance.example.com/news/1886
MSFT Shares Drop After Weak Guidance,MSFT,2025-02-13 08:27:00,Bloomberg,https://finance.example.com/news/256
JPM Announces New Product Line,JPM,2025-02-13 09:41:00,InvestorPlace,https://finance.example.com/news/1255
PFE Reports Record Quarterly Revenue,PFE,2025-02-13 10:07:00,InvestorPlace,https://finance.example.com/news/153
Tech Sell-off Drags GOOGL Lower,GOOGL,2025-02-13 11:28:00,Financial Times,https://finance.example.com/news/1796
GOOGL Announces Stock Buyback,GOOGL,2025-02-13 11:32:00,Financial Times,https://finance.example.com/news/93
PFE Misses Q3 Targets,PFE,2025-02-13 11:35:00,InvestorPlace,https://finance.example.com/news/306
BAC CFO Steps Down,BAC,2025-02-13 12:54:00,Wall Street Journal,https://finance.example.com/news/1810
MSFT Reports Record Quarterly Revenue,MSFT,2025-02-13 13:07:00,MarketWatch,https://finance.example.com/news/1914
Analysts Upgrade META to Buy,META,2025-02-13 13:23:00,CNBC,https://finance.example.com/news/1540
BAC Misses Q3 Targets,BAC,2025-02-13 16:06:00,CNBC,https://finance.example.com/news/659
Market Rally Lifts PFE Higher,PFE,2025-02-13 17:08:00,Financial Times,https://finance.example.com/news/570
JPM Expands into New Markets,JPM,2025-02-13 18:57:00,Wall Street Journal,https://finance.example.com/news/531
Insider Buying at TSLA,TSLA,2025-02-14 07:06:00,InvestorPlace,https://finance.example.com/news/1177
TSLA Hits All-Time High on Strong Earnings,TSLA,2025-02-14 08:03:00,CNBC,https://finance.example.com/news/888
AAPL Announces New Product Line,AAPL,2025-02-14 11:49:00,InvestorPlace,https://finance.example.com/news/969
AAPL Expands into New Markets,AAPL,2025-02-14 11:52:00,Zacks,https://finance.example.com/news/721
FDA Approves GOOGL Drug Application,GOOGL,2025-02-14 11:53:00,Zacks,https://finance.example.com/news/1932
Analysts Upgrade AAPL to Buy,AAPL,2025-02-14 13:07:00,Zacks,https://finance.example.com/news/633
WMT CFO Steps Down,WMT,2025-02-14 13:42:00,Bloomberg,https://finance.example.com/news/440
Tech Sell-off Drags JPM Lower,JPM,2025-02-15 08:40:00,Financial Times,https://finance.example.com/news/1905
Tech Sell-off Drags TSLA Lower,TSLA,2025-02-15 10:10:00,Zacks,https://finance.example.com/news/1057
MSFT Hits All-Time High on Strong Earnings,MSFT,2025-02-15 12:35:00,Bloomberg,https://finance.example.com/news/529
FDA Approves PFE Drug Application,PFE,2025-02-15 14:28:00,Financial Times,https://finance.example.com/news/832
BAC Hits All-Time High on Strong Earnings,BAC,2025-02-16 07:14:00,Wall Street Journal,https://finance.example.com/news/694
Insider Buying at BAC,BAC,2025-02-16 10:38:00,Bloomberg,https://finance.example.com/news/1518
BAC Hits All-Time High on Strong Earnings,BAC,2025-02-16 13:32:00,Zacks,https://finance.example.com/news/393
FDA Approves PFE Drug Application,PFE,2025-02-16 15:28:00,Reuters,https://finance.example.com/news/453
JPM Announces Stock Buyback,JPM,2025-02-16 18:06:00,Reuters,https://finance.example.com/news/608
WMT CFO Steps Down,WMT,2025-02-16 19:25:00,Reuters,https://finance.example.com/news/223
JPM Shares Drop After Weak Guidance,JPM,2025-02-17 07:27:00,CNBC,https://finance.example.com/news/1669
Market Rally Lifts AAPL Higher,AAPL,2025-02-17 07:38:00,Wall Street Journal,https://finance.example.com/news/1291
AAPL Hits All-Time High on Strong Earnings,AAPL,2025-02-17 10:14:00,Reuters,https://finance.example.com/news/2
MSFT CFO Steps Down,MSFT,2025-02-17 10:55:00,MarketWatch,https://finance.example.com/news/1570
BAC CFO Steps Down,BAC,2025-02-17 12:03:00,Wall Street Journal,https://finance.example.com/news/1402
Insider Buying at WMT,WMT,2025-02-17 12:38:00,Zacks,https://finance.example.com/news/715
AAPL Shares Drop After Weak Guidance,AAPL,2025-02-17 17:45:00,InvestorPlace,https://finance.example.com/news/1901
Analysts Upgrade JPM to Buy,JPM,2025-02-18 08:42:00,InvestorPlace,https://finance.example.com/news/41
JPM Expands into New Markets,JPM,2025-02-18 12:27:00,Financial Times,https://finance.example.com/news/254
FDA Approves AMZN Drug Application,AMZN,2025-02-18 15:42:00,Wall Street Journal,https://finance.example.com/news/1049
Market Rally Lifts TSLA Higher,TSLA,2025-02-18 15:58:00,Reuters,https://finance.example.com/news/512
MSFT Beats Earnings Estimates,MSFT,2025-02-18 16:23:00,Wall Street Journal,https://finance.example.com/news/1338
AMZN Announces New Product Line,AMZN,2025-02-19 07:18:00,InvestorPlace,https://finance.example.com/news/389
Market Rally Lifts GOOGL Higher,GOOGL,2025-02-19 09:30:00,Reuters,https://finance.example.com/news/943
WMT Shares Drop After Weak Guidance,WMT,2025-02-19 09:49:00,Reuters,https://finance.example.com/news/884
TSLA Expands into New Markets,TSLA,2025-02-19 13:22:00,Financial Times,https://finance.example.com/news/1484
Insider Buying at MSFT,MSFT,2025-02-19 15:09:00,Wall Street Journal,https://finance.example.com/news/505
Tech Sell-off Drags AAPL Lower,AAPL,2025-02-19 19:07:00,Wall Street Journal,https://finance.example.com/news/1444
Analysts Upgrade MSFT to Buy,MSFT,2025-02-19 19:53:00,CNBC,https://finance.example.com/news/1855
FDA Approves TSLA Drug Application,TSLA,2025-02-20 09:45:00,InvestorPlace,https://finance.example.com/news/1668
MSFT Reports Record Quarterly Revenue,MSFT,2025-02-20 10:46:00,Zacks,https://finance.example.com/news/904
Tech Sell-off Drags META Lower,META,2025-02-20 11:41:00,InvestorPlace,https://finance.example.com/news/1285
WMT Misses Q3 Targets,WMT,2025-02-20 12:31:00,Bloomberg,https://finance.example.com/news/1127
AAPL Expands into New Markets,AAPL,2025-02-20 15:06:00,Zacks,https://finance.example.com/news/1289
MSFT Shares Drop After Weak Guidance,MSFT,2025-02-20 15:10:00,MarketWatch,https://finance.example.com/news/1698
TSLA Announces New Product Line,TSLA,2025-02-20 15:43:00,CNBC,https://finance.example.com/news/1210
Insider Buying at TSLA,TSLA,2025-02-20 18:41:00,Financial Times,https://finance.example.com/news/326
BAC Announces Stock Buyback,BAC,2025-02-21 07:03:00,MarketWatch,https://finance.example.com/news/1916
Insider Buying at META,META,2025-02-21 07:53:00,CNBC,https://finance.example.com/news/1779
AMZN Shares Drop After Weak Guidance,AMZN,2025-02-21 09:48:00,Bloomberg,https://finance.example.com/news/617
BAC Hits All-Time High on Strong Earnings,BAC,2025-02-21 09:55:00,Reuters,https://finance.example.com/news/813
GOOGL Hits All-Time High on Strong Earnings,GOOGL,2025-02-21 12:13:00,Wall Street Journal,https://finance.example.com/news/717
Market Rally Lifts JPM Higher,JPM,2025-02-21 12:19:00,Financial Times,https://finance.example.com/news/699
AMZN Partners with Industry Leader,AMZN,2025-02-21 13:17:00,Zacks,https://finance.example.com/news/11
JPM Announces Stock Buyback,JPM,2025-02-21 17:33:00,MarketWatch,https://finance.example.com/news/803
WMT Shares Drop After Weak Guidance,WMT,2025-02-21 18:14:00,InvestorPlace,https://finance.example.com/news/1081
Market Rally Lifts MSFT Higher,MSFT,2025-02-21 19:18:00,Financial Times,https://finance.example.com/news/740
Analysts Upgrade GOOGL to Buy,GOOGL,2025-02-22 09:16:00,Wall Street Journal,https://finance.example.com/news/287
Market Rally Lifts PFE Higher,PFE,2025-02-22 15:02:00,Bloomberg,https://finance.example.com/news/1638
Insider Buying at WMT,WMT,2025-02-22 18:54:00,Bloomberg,https://finance.example.com/news/321
Market Rally Lifts MSFT Higher,MSFT,2025-02-22 19:55:00,CNBC,https://finance.example.com/news/565
JPM Partners with Industry Leader,JPM,2025-02-23 10:34:00,InvestorPlace,https://finance.example.com/news/886
TSLA Shares Drop After Weak Guidance,TSLA,2025-02-23 15:49:00,Financial Times,https://finance.example.com/news/1839
JPM CFO Steps Down,JPM,2025-02-24 09:27:00,MarketWatch,https://finance.example.com/news/953
MSFT Expands into New Markets,MSFT,2025-02-24 10:27:00,InvestorPlace,https://finance.example.com/news/283
Market Rally Lifts TSLA Higher,TSLA,2025-02-24 12:09:00,Reuters,https://finance.example.com/news/1576
Market Rally Lifts PFE Higher,PFE,2025-02-24 12:18:00,Zacks,https://finance.example.com/news/434
META Shares Drop After Weak Guidance,META,2025-02-24 18:35:00,CNBC,https://finance.example.com/news/63
JPM Announces New Product Line,JPM,2025-02-25 07:12:00,InvestorPlace,https://finance.example.com/news/942
Analysts Upgrade AAPL to Buy,AAPL,2025-02-25 07:50:00,Reuters,https://finance.example.com/news/1442
BAC Beats Earnings Estimates,BAC,2025-02-25 09:41:00,Bloomberg,https://finance.example.com/news/912
FDA Approves AMZN Drug Application,AMZN,2025-02-25 12:36:00,Zacks,https://finance.example.com/news/1819
AMZN Partners with Industry Leader,AMZN,2025-02-25 12:54:00,Financial Times,https://finance.example.com/news/261
Analysts Upgrade META to Buy,META,2025-02-25 14:15:00,Financial Times,https://finance.example.com/news/1745
Market Rally Lifts WMT Higher,WMT,2025-02-25 14:32:00,Wall Street Journal,https://finance.example.com/news/245
AAPL Beats Earnings Estimates,AAPL,2025-02-25 15:27:00,InvestorPlace,https://finance.example.com/news/1596
PFE Hits All-Time High on Strong Earnings,PFE,2025-02-25 16:46:00,Bloomberg,https://finance.example.com/news/1184
TSLA Expands into New Markets,TSLA,2025-02-26 11:43:00,Zacks,https://finance.example.com/news/273
Analysts Upgrade TSLA to Buy,TSLA,2025-02-26 12:14:00,Bloomberg,https://finance.example.com/news/1347
JPM Announces Stock Buyback,JPM,2025-02-26 12:59:00,Wall Street Journal,https://finance.example.com/news/1780
META Announces New Product Line,META,2025-02-26 14:29:00,InvestorPlace,https://finance.example.com/news/1353
FDA Approves MSFT Drug Application,MSFT,2025-02-26 15:08:00,Zacks,https://finance.example.com/news/1454
MSFT Beats Earnings Estimates,MSFT,2025-02-26 17:35:00,InvestorPlace,https://finance.example.com/news/1995
Insider Buying at AMZN,AMZN,2025-02-27 07:51:00,InvestorPlace,https://finance.example.com/news/466
WMT Hits All-Time High on Strong Earnings,WMT,2025-02-27 08:56:00,CNBC,https://finance.example.com/news/69
BAC Expands into New Markets,BAC,2025-02-27 10:31:00,Bloomberg,https://finance.example.com/news/623
Analysts Upgrade META to Buy,META,2025-02-27 12:10:00,Zacks,https://finance.example.com/news/436
META Hits All-Time High on Strong Earnings,META,2025-02-27 16:11:00,CNBC,https://finance.example.com/news/1273
PFE Shares Drop After Weak Guidance,PFE,2025-02-27 17:26:00,InvestorPlace,https://finance.example.com/news/1112
Analysts Upgrade AAPL to Buy,AAPL,2025-02-27 19:09:00,Zacks,https://finance.example.com/news/1340
Analysts Upgrade META to Buy,META,2025-02-28 07:47:00,CNBC,https://finance.example.com/news/360
JPM Reports Record Quarterly Revenue,JPM,2025-02-28 13:01:00,Financial Times,https://finance.example.com/news/281
JPM CFO Steps Down,JPM,2025-02-28 16:12:00,CNBC,https://finance.example.com/news/542
TSLA Expands into New Markets,TSLA,2025-02-28 16:14:00,Bloomberg,https://finance.example.com/news/1633
MSFT Shares Drop After Weak Guidance,MSFT,2025-02-28 18:28:00,Financial Times,https://finance.example.com/news/1164
AAPL Reports Record Quarterly Revenue,AAPL,2025-02-28 18:58:00,CNBC,https://finance.example.com/news/1843
Market Rally Lifts PFE Higher,PFE,2025-02-28 19:52:00,CNBC,https://finance.example.com/news/123
Analysts Upgrade GOOGL to Buy,GOOGL,2025-03-01 07:20:00,CNBC,https://finance.example.com/news/1393
PFE Announces Stock Buyback,PFE,2025-03-01 10:47:00,Reuters,https://finance.example.com/news/642
FDA Approves MSFT Drug Application,MSFT,2025-03-01 11:50:00,InvestorPlace,https://finance.example.com/news/723
AAPL Misses Q3 Targets,AAPL,2025-03-01 13:28:00,InvestorPlace,https://finance.example.com/news/800
AMZN Hits All-Time High on Strong Earnings,AMZN,2025-03-02 07:29:00,Bloomberg,https://finance.example.com/news/1189
WMT Beats Earnings Estimates,WMT,2025-03-02 08:30:00,CNBC,https://finance.example.com/news/944
AMZN Announces Stock Buyback,AMZN,2025-03-02 09:55:00,CNBC,https://finance.example.com/news/1977
GOOGL Announces Stock Buyback,GOOGL,2025-03-02 10:58:00,Financial Times,https://finance.example.com/news/1639
BAC Announces Stock Buyback,BAC,2025-03-02 11:09:00,CNBC,https://finance.example.com/news/1216
WMT Announces New Product Line,WMT,2025-03-02 12:19:00,Financial Times,https://finance.example.com/news/1678
Insider Buying at JPM,JPM,2025-03-02 13:28:00,Financial Times,https://finance.example.com/news/1475
BAC Partners with Industry Leader,BAC,2025-03-02 14:03:00,Bloomberg,https://finance.example.com/news/779
WMT CFO Steps Down,WMT,2025-03-02 16:54:00,InvestorPlace,https://finance.example.com/news/1676
FDA Approves MSFT Drug Application,MSFT,2025-03-02 17:53:00,CNBC,https://finance.example.com/news/182
FDA Approves MSFT Drug Application,MSFT,2025-03-02 19:51:00,Wall Street Journal,https://finance.example.com/news/586
FDA Approves WMT Drug Application,WMT,2025-03-03 10:14:00,Bloomberg,https://finance.example.com/news/35
TSLA Shares Drop After Weak Guidance,TSLA,2025-03-03 11:09:00,InvestorPlace,https://finance.example.com/news/1328
BAC Misses Q3 Targets,BAC,2025-03-03 12:32:00,Reuters,https://finance.example.com/news/1423
PFE CFO Steps Down,PFE,2025-03-03 15:43:00,Reuters,https://finance.example.com/news/647
AMZN Expands into New Markets,AMZN,2025-03-03 16:15:00,Reuters,https://finance.example.com/news/54
JPM Expands into New Markets,JPM,2025-03-03 19:14:00,Reuters,https://finance.example.com/news/1101
WMT Reports Record Quarterly Revenue,WMT,2025-03-04 07:25:00,Zacks,https://finance.example.com/news/1396
Analysts Upgrade BAC to Buy,BAC,2025-03-04 09:54:00,Bloomberg,https://finance.example.com/news/363
Market Rally Lifts AAPL Higher,AAPL,2025-03-04 15:17:00,Wall Street Journal,https://finance.example.com/news/1924
PFE Announces Stock Buyback,PFE,2025-03-04 18:07:00,Bloomberg,https://finance.example.com/news/1292
BAC Announces New Product Line,BAC,2025-03-04 18:55:00,MarketWatch,https://finance.example.com/news/1182
Market Rally Lifts BAC Higher,BAC,2025-03-05 08:03:00,Reuters,https://finance.example.com/news/1748
BAC Beats Earnings Estimates,BAC,2025-03-05 13:05:00,MarketWatch,https://finance.example.com/news/8
META Beats Earnings Estimates,META,2025-03-05 14:23:00,MarketWatch,https://finance.example.com/news/224
WMT Announces Stock Buyback,WMT,2025-03-05 17:35:00,Bloomberg,https://finance.example.com/news/1690
META Shares Drop After Weak Guidance,META,2025-03-06 09:00:00,Wall Street Journal,https://finance.example.com/news/1608
WMT Announces Stock Buyback,WMT,2025-03-06 11:36:00,InvestorPlace,https://finance.example.com/news/1708
META Partners with Industry Leader,META,2025-03-06 15:37:00,Zacks,https://finance.example.com/news/1787
GOOGL CFO Steps Down,GOOGL,2025-03-06 18:49:00,MarketWatch,https://finance.example.com/news/637
PFE Announces New Product Line,PFE,2025-03-07 08:24:00,Financial Times,https://finance.example.com/news/848
META Beats Earnings Estimates,META,2025-03-07 10:26:00,InvestorPlace,https://finance.example.com/news/89
PFE Partners with Industry Leader,PFE,2025-03-07 11:47:00,Reuters,https://finance.example.com/news/1813
TSLA CFO Steps Down,TSLA,2025-03-07 17:41:00,Wall Street Journal,https://finance.example.com/news/905
TSLA Partners with Industry Leader,TSLA,2025-03-07 17:44:00,Bloomberg,https://finance.example.com/news/307
Market Rally Lifts MSFT Higher,MSFT,2025-03-07 18:04:00,CNBC,https://finance.example.com/news/1734
Tech Sell-off Drags TSLA Lower,TSLA,2025-03-08 15:03:00,Financial Times,https://finance.example.com/news/257
MSFT Announces New Product Line,MSFT,2025-03-08 19:12:00,Wall Street Journal,https://finance.example.com/news/1783
Insider Buying at MSFT,MSFT,2025-03-09 10:00:00,MarketWatch,https://finance.example.com/news/1170
Analysts Upgrade JPM to Buy,JPM,2025-03-09 12:18:00,Wall Street Journal,https://finance.example.com/news/1363
META Reports Record Quarterly Revenue,META,2025-03-09 16:17:00,MarketWatch,https://finance.example.com/news/1272
Insider Buying at BAC,BAC,2025-03-09 17:11:00,Reuters,https://finance.example.com/news/761
META Expands into New Markets,META,2025-03-09 17:41:00,MarketWatch,https://finance.example.com/news/57
Analysts Upgrade GOOGL to Buy,GOOGL,2025-03-09 19:34:00,Financial Times,https://finance.example.com/news/219
BAC Partners with Industry Leader,BAC,2025-03-10 11:11:00,Financial Times,https://finance.example.com/news/1539
TSLA Misses Q3 Targets,TSLA,2025-03-10 11:57:00,Reuters,https://finance.example.com/news/1062
FDA Approves AAPL Drug Application,AAPL,2025-03-10 12:44:00,InvestorPlace,https://finance.example.com/news/1553
WMT Beats Earnings Estimates,WMT,2025-03-10 13:15:00,MarketWatch,https://finance.example.com/news/479
FDA Approves AAPL Drug Application,AAPL,2025-03-11 10:52:00,InvestorPlace,https://finance.example.com/news/576
AAPL Announces Stock Buyback,AAPL,2025-03-11 14:09:00,Zacks,https://finance.example.com/news/1197
Tech Sell-off Drags GOOGL Lower,GOOGL,2025-03-11 19:41:00,InvestorPlace,https://finance.example.com/news/459
MSFT Announces Stock Buyback,MSFT,2025-03-12 07:35:00,CNBC,https://finance.example.com/news/428
AAPL Misses Q3 Targets,AAPL,2025-03-12 15:13:00,Financial Times,https://finance.example.com/news/414
JPM Misses Q3 Targets,JPM,2025-03-12 17:07:00,Wall Street Journal,https://finance.example.com/news/958
FDA Approves BAC Drug Application,BAC,2025-03-12 18:25:00,CNBC,https://finance.example.com/news/1366
Tech Sell-off Drags MSFT Lower,MSFT,2025-03-13 08:00:00,Reuters,https://finance.example.com/news/672
GOOGL Reports Record Quarterly Revenue,GOOGL,2025-03-13 10:47:00,MarketWatch,https://finance.example.com/news/18
META Partners with Industry Leader,META,2025-03-13 15:12:00,MarketWatch,https://finance.example.com/news/913
Analysts Upgrade MSFT to Buy,MSFT,2025-03-13 16:57:00,Reuters,https://finance.example.com/news/1242
FDA Approves GOOGL Drug Application,GOOGL,2025-03-13 18:47:00,InvestorPlace,https://finance.example.com/news/841
Market Rally Lifts GOOGL Higher,GOOGL,2025-03-13 19:13:00,Wall Street Journal,https://finance.example.com/news/588
WMT Expands into New Markets,WMT,2025-03-14 11:07:00,Financial Times,https://finance.example.com/news/1561
MSFT Shares Drop After Weak Guidance,MSFT,2025-03-14 12:19:00,Financial Times,https://finance.example.com/news/555
MSFT Hits All-Time High on Strong Earnings,MSFT,2025-03-14 14:41:00,Reuters,https://finance.example.com/news/1320
Insider Buying at WMT,WMT,2025-03-14 14:53:00,Zacks,https://finance.example.com/news/1159
FDA Approves JPM Drug Application,JPM,2025-03-14 16:40:00,MarketWatch,https://finance.example.com/news/594
Analysts Upgrade JPM to Buy,JPM,2025-03-15 08:11:00,Wall Street Journal,https://finance.example.com/news/1520
WMT CFO Steps Down,WMT,2025-03-15 10:38:00,InvestorPlace,https://finance.example.com/news/402
Analysts Upgrade GOOGL to Buy,GOOGL,2025-03-15 17:17:00,Zacks,https://finance.example.com/news/1334
AMZN Reports Record Quarterly Revenue,AMZN,2025-03-15 17:33:00,Wall Street Journal,https://finance.example.com/news/472
TSLA Shares Drop After Weak Guidance,TSLA,2025-03-16 07:17:00,InvestorPlace,https://finance.example.com/news/1045
AAPL Expands into New Markets,AAPL,2025-03-16 07:42:00,Reuters,https://finance.example.com/news/857
META Partners with Industry Leader,META,2025-03-16 09:34:00,MarketWatch,https://finance.example.com/news/240
BAC Announces Stock Buyback,BAC,2025-03-16 09:40:00,Financial Times,https://finance.example.com/news/1011
BAC Reports Record Quarterly Revenue,BAC,2025-03-16 10:13:00,Wall Street Journal,https://finance.example.com/news/1961
BAC Reports Record Quarterly Revenue,BAC,2025-03-16 15:55:00,InvestorPlace,https://finance.example.com/news/1281
Insider Buying at JPM,JPM,2025-03-16 17:59:00,CNBC,https://finance.example.com/news/1139
GOOGL CFO Steps Down,GOOGL,2025-03-16 18:01:00,Financial Times,https://finance.example.com/news/1141
AAPL Shares Drop After Weak Guidance,AAPL,2025-03-16 18:17:00,Financial Times,https://finance.example.com/news/1446
FDA Approves AAPL Drug Application,AAPL,2025-03-16 19:00:00,Bloomberg,https://finance.example.com/news/1648
AAPL Announces New Product Line,AAPL,2025-03-17 07:41:00,Financial Times,https://finance.example.com/news/1175
Market Rally Lifts TSLA Higher,TSLA,2025-03-17 08:08:00,MarketWatch,https://finance.example.com/news/249
FDA Approves TSLA Drug Application,TSLA,2025-03-17 10:09:00,MarketWatch,https://finance.example.com/news/1505
TSLA CFO Steps Down,TSLA,2025-03-17 12:28:00,CNBC,https://finance.example.com/news/1395
MSFT Misses Q3 Targets,MSFT,2025-03-17 14:09:00,Wall Street Journal,https://finance.example.com/news/1382
JPM Announces New Product Line,JPM,2025-03-17 16:37:00,Bloomberg,https://finance.example.com/news/739
AAPL Hits All-Time High on Strong Earnings,AAPL,2025-03-17 16:45:00,CNBC,https://finance.example.com/news/697
Market Rally Lifts WMT Higher,WMT,2025-03-17 18:25:00,Zacks,https://finance.example.com/news/1654
WMT Reports Record Quarterly Revenue,WMT,2025-03-17 19:29:00,Bloomberg,https://finance.example.com/news/1467
AMZN CFO Steps Down,AMZN,2025-03-17 19:57:00,Reuters,https://finance.example.com/news/239
Analysts Upgrade AAPL to Buy,AAPL,2025-03-18 07:14:00,CNBC,https://finance.example.com/news/1566
TSLA Expands into New Markets,TSLA,2025-03-18 09:59:00,Reuters,https://finance.example.com/news/644
TSLA Shares Drop After Weak Guidance,TSLA,2025-03-18 11:53:00,Reuters,https://finance.example.com/news/1201
WMT Reports Record Quarterly Revenue,WMT,2025-03-18 12:15:00,Reuters,https://finance.example.com/news/1786
Market Rally Lifts WMT Higher,WMT,2025-03-18 12:32:00,Wall Street Journal,https://finance.example.com/news/1103
GOOGL Announces Stock Buyback,GOOGL,2025-03-18 14:34:00,MarketWatch,https://finance.example.com/news/1243
AMZN Announces New Product Line,AMZN,2025-03-18 14:51:00,Reuters,https://finance.example.com/news/1001
JPM Reports Record Quarterly Revenue,JPM,2025-03-19 18:21:00,InvestorPlace,https://finance.example.com/news/1304
Market Rally Lifts PFE Higher,PFE,2025-03-20 09:42:00,Financial Times,https://finance.example.com/news/379
GOOGL Hits All-Time High on Strong Earnings,GOOGL,2025-03-20 12:38:00,Reuters,https://finance.example.com/news/871
JPM Partners with Industry Leader,JPM,2025-03-20 12:50:00,InvestorPlace,https://finance.example.com/news/1993
BAC Misses Q3 Targets,BAC,2025-03-20 13:11:00,MarketWatch,https://finance.example.com/news/131
Market Rally Lifts GOOGL Higher,GOOGL,2025-03-20 14:48:00,InvestorPlace,https://finance.example.com/news/1276
PFE Beats Earnings Estimates,PFE,2025-03-20 15:46:00,CNBC,https://finance.example.com/news/1887
META CFO Steps Down,META,2025-03-20 17:59:00,Zacks,https://finance.example.com/news/255
Market Rally Lifts GOOGL Higher,GOOGL,2025-03-20 19:48:00,Bloomberg,https://finance.example.com/news/288
AMZN Announces New Product Line,AMZN,2025-03-21 08:18:00,Bloomberg,https://finance.example.com/news/310
PFE Misses Q3 Targets,PFE,2025-03-21 13:41:00,Bloomberg,https://finance.example.com/news/231
PFE CFO Steps Down,PFE,2025-03-21 19:06:00,Bloomberg,https://finance.example.com/news/986
JPM Misses Q3 Targets,JPM,2025-03-22 07:22:00,Financial Times,https://finance.example.com/news/1130
PFE Expands into New Markets,PFE,2025-03-22 07:56:00,Zacks,https://finance.example.com/news/1331
JPM Expands into New Markets,JPM,2025-03-22 08:08:00,InvestorPlace,https://finance.example.com/news/1825
GOOGL Announces New Product Line,GOOGL,2025-03-22 12:38:00,Bloomberg,https://finance.example.com/news/931
AAPL Shares Drop After Weak Guidance,AAPL,2025-03-22 14:29:00,Reuters,https://finance.example.com/news/603
BAC Beats Earnings Estimates,BAC,2025-03-22 15:03:00,InvestorPlace,https://finance.example.com/news/1480
META Partners with Industry Leader,META,2025-03-22 18:45:00,CNBC,https://finance.example.com/news/366
AAPL Announces New Product Line,AAPL,2025-03-22 19:39:00,Reuters,https://finance.example.com/news/270
Tech Sell-off Drags PFE Lower,PFE,2025-03-23 14:50:00,Bloomberg,https://finance.example.com/news/786
BAC Announces New Product Line,BAC,2025-03-23 17:59:00,Reuters,https://finance.example.com/news/1341
META Shares Drop After Weak Guidance,META,2025-03-24 11:28:00,CNBC,https://finance.example.com/news/322
AMZN Reports Record Quarterly Revenue,AMZN,2025-03-24 11:43:00,MarketWatch,https://finance.example.com/news/858
MSFT Partners with Industry Leader,MSFT,2025-03-24 12:26:00,Zacks,https://finance.example.com/news/173
Analysts Upgrade META to Buy,META,2025-03-24 14:40:00,Financial Times,https://finance.example.com/news/1529
GOOGL CFO Steps Down,GOOGL,2025-03-24 15:49:00,Reuters,https://finance.example.com/news/28
Tech Sell-off Drags BAC Lower,BAC,2025-03-24 16:13:00,MarketWatch,https://finance.example.com/news/1627
MSFT Partners with Industry Leader,MSFT,2025-03-24 18:16:00,Bloomberg,https://finance.example.com/news/1532
TSLA Reports Record Quarterly Revenue,TSLA,2025-03-24 19:04:00,MarketWatch,https://finance.example.com/news/1296
JPM CFO Steps Down,JPM,2025-03-25 08:13:00,CNBC,https://finance.example.com/news/1433
JPM Partners with Industry Leader,JPM,2025-03-25 09:32:00,CNBC,https://finance.example.com/news/1673
BAC Announces Stock Buyback,BAC,2025-03-25 16:08:00,Zacks,https://finance.example.com/news/1960
MSFT Reports Record Quarterly Revenue,MSFT,2025-03-25 16:15:00,InvestorPlace,https://finance.example.com/news/517
AMZN Partners with Industry Leader,AMZN,2025-03-25 19:51:00,CNBC,https://finance.example.com/news/74
FDA Approves JPM Drug Application,JPM,2025-03-26 11:13:00,Reuters,https://finance.example.com/news/1840
PFE Announces Stock Buyback,PFE,2025-03-26 14:22:00,Wall Street Journal,https://finance.example.com/news/615
GOOGL Shares Drop After Weak Guidance,GOOGL,2025-03-26 14:29:00,Financial Times,https://finance.example.com/news/664
JPM Announces Stock Buyback,JPM,2025-03-27 08:08:00,Reuters,https://finance.example.com/news/819
AAPL Shares Drop After Weak Guidance,AAPL,2025-03-27 09:47:00,Zacks,https://finance.example.com/news/1613
FDA Approves META Drug Application,META,2025-03-27 13:18:00,Reuters,https://finance.example.com/news/1158
MSFT Hits All-Time High on Strong Earnings,MSFT,2025-03-27 14:25:00,Zacks,https://finance.example.com/news/1279
Tech Sell-off Drags PFE Lower,PFE,2025-03-27 15:20:00,Financial Times,https://finance.example.com/news/1429
AMZN CFO Steps Down,AMZN,2025-03-28 08:32:00,Bloomberg,https://finance.example.com/news/285
PFE Beats Earnings Estimates,PFE,2025-03-28 17:24:00,CNBC,https://finance.example.com/news/532
GOOGL Partners with Industry Leader,GOOGL,2025-03-28 18:32:00,MarketWatch,https://finance.example.com/news/1571
TSLA Beats Earnings Estimates,TSLA,2025-03-28 19:15:00,InvestorPlace,https://finance.example.com/news/1710
AAPL Misses Q3 Targets,AAPL,2025-03-29 08:31:00,InvestorPlace,https://finance.example.com/news/511
META Shares Drop After Weak Guidance,META,2025-03-29 08:43:00,CNBC,https://finance.example.com/news/1820
MSFT Hits All-Time High on Strong Earnings,MSFT,2025-03-29 17:30:00,Zacks,https://finance.example.com/news/1605
Analysts Upgrade AMZN to Buy,AMZN,2025-03-29 19:42:00,Bloomberg,https://finance.example.com/news/1934
Analysts Upgrade GOOGL to Buy,GOOGL,2025-03-30 15:04:00,CNBC,https://finance.example.com/news/158
GOOGL Shares Drop After Weak Guidance,GOOGL,2025-03-30 16:35:00,Wall Street Journal,https://finance.example.com/news/1879
Market Rally Lifts BAC Higher,BAC,2025-03-30 17:45:00,MarketWatch,https://finance.example.com/news/569
META Partners with Industry Leader,META,2025-03-31 07:25:00,Zacks,https://finance.example.com/news/670
BAC CFO Steps Down,BAC,2025-03-31 11:50:00,Wall Street Journal,https://finance.example.com/news/1274
Market Rally Lifts JPM Higher,JPM,2025-03-31 13:15:00,CNBC,https://finance.example.com/news/1834
AMZN Beats Earnings Estimates,AMZN,2025-03-31 15:10:00,Financial Times,https://finance.example.com/news/560
META Expands into New Markets,META,2025-03-31 15:29:00,CNBC,https://finance.example.com/news/1414
Analysts Upgrade JPM to Buy,JPM,2025-03-31 16:44:00,Reuters,https://finance.example.com/news/1335
PFE Hits All-Time High on Strong Earnings,PFE,2025-03-31 17:31:00,Zacks,https://finance.example.com/news/965
TSLA CFO Steps Down,TSLA,2025-03-31 17:35:00,Bloomberg,https://finance.example.com/news/1373
GOOGL CFO Steps Down,GOOGL,2025-03-31 17:48:00,Financial Times,https://finance.example.com/news/1865
GOOGL Expands into New Markets,GOOGL,2025-04-01 07:53:00,InvestorPlace,https://finance.example.com/news/432
PFE Shares Drop After Weak Guidance,PFE,2025-04-01 11:07:00,InvestorPlace,https://finance.example.com/news/1847
TSLA Announces Stock Buyback,TSLA,2025-04-01 12:40:00,Reuters,https://finance.example.com/news/784
AMZN Shares Drop After Weak Guidance,AMZN,2025-04-01 14:55:00,Zacks,https://finance.example.com/news/1150
FDA Approves META Drug Application,META,2025-04-01 17:04:00,CNBC,https://finance.example.com/news/867
META Announces New Product Line,META,2025-04-01 18:00:00,InvestorPlace,https://finance.example.com/news/703
GOOGL CFO Steps Down,GOOGL,2025-04-01 19:54:00,Financial Times,https://finance.example.com/news/696
Analysts Upgrade WMT to Buy,WMT,2025-04-02 10:01:00,CNBC,https://finance.example.com/news/1778
MSFT Beats Earnings Estimates,MSFT,2025-04-02 14:20:00,Financial Times,https://finance.example.com/news/982
Insider Buying at AAPL,AAPL,2025-04-02 14:46:00,InvestorPlace,https://finance.example.com/news/1954
TSLA Shares Drop After Weak Guidance,TSLA,2025-04-02 15:25:00,CNBC,https://finance.example.com/news/462
META Beats Earnings Estimates,META,2025-04-02 15:58:00,Bloomberg,https://finance.example.com/news/26
PFE Expands into New Markets,PFE,2025-04-02 17:31:00,Bloomberg,https://finance.example.com/news/1299
JPM Hits All-Time High on Strong Earnings,JPM,2025-04-02 18:59:00,Financial Times,https://finance.example.com/news/75
TSLA Hits All-Time High on Strong Earnings,TSLA,2025-04-03 09:36:00,InvestorPlace,https://finance.example.com/news/266
MSFT Announces New Product Line,MSFT,2025-04-03 15:25:00,Financial Times,https://finance.example.com/news/1085
Tech Sell-off Drags BAC Lower,BAC,2025-04-03 16:14:00,MarketWatch,https://finance.example.com/news/1188
AMZN Shares Drop After Weak Guidance,AMZN,2025-04-03 17:51:00,Reuters,https://finance.example.com/news/902
GOOGL Announces New Product Line,GOOGL,2025-04-03 18:49:00,CNBC,https://finance.example.com/news/313
GOOGL CFO Steps Down,GOOGL,2025-04-03 19:05:00,Zacks,https://finance.example.com/news/783
FDA Approves AMZN Drug Application,AMZN,2025-04-04 15:07:00,Zacks,https://finance.example.com/news/1910
PFE Hits All-Time High on Strong Earnings,PFE,2025-04-04 16:20:00,Wall Street Journal,https://finance.example.com/news/704
Tech Sell-off Drags WMT Lower,WMT,2025-04-04 17:57:00,Financial Times,https://finance.example.com/news/776
Analysts Upgrade META to Buy,META,2025-04-04 18:31:00,Reuters,https://finance.example.com/news/1681
TSLA Expands into New Markets,TSLA,2025-04-04 18:58:00,Financial Times,https://finance.example.com/news/1228
AMZN Expands into New Markets,AMZN,2025-04-05 07:23:00,Reuters,https://finance.example.com/news/1773
MSFT Misses Q3 Targets,MSFT,2025-04-05 11:18:00,Zacks,https://finance.example.com/news/1294
META Expands into New Markets,META,2025-04-05 19:34:00,Zacks,https://finance.example.com/news/476
META Misses Q3 Targets,META,2025-04-06 07:47:00,Financial Times,https://finance.example.com/news/437
Analysts Upgrade TSLA to Buy,TSLA,2025-04-06 11:17:00,Zacks,https://finance.example.com/news/679
GOOGL Shares Drop After Weak Guidance,GOOGL,2025-04-06 13:28:00,InvestorPlace,https://finance.example.com/news/528
Market Rally Lifts AMZN Higher,AMZN,2025-04-06 15:22:00,Financial Times,https://finance.example.com/news/1064
Tech Sell-off Drags GOOGL Lower,GOOGL,2025-04-07 08:08:00,CNBC,https://finance.example.com/news/1143
Tech Sell-off Drags TSLA Lower,TSLA,2025-04-07 09:58:00,InvestorPlace,https://finance.example.com/news/795
FDA Approves PFE Drug Application,PFE,2025-04-07 12:01:00,CNBC,https://finance.example.com/news/1040
JPM Hits All-Time High on Strong Earnings,JPM,2025-04-07 15:23:00,Zacks,https://finance.example.com/news/177
BAC Announces New Product Line,BAC,2025-04-07 15:24:00,Financial Times,https://finance.example.com/news/1252
MSFT CFO Steps Down,MSFT,2025-04-07 17:30:00,Zacks,https://finance.example.com/news/1767
PFE Beats Earnings Estimates,PFE,2025-04-07 19:30:00,Reuters,https://finance.example.com/news/1692
Analysts Upgrade WMT to Buy,WMT,2025-04-07 19:57:00,Bloomberg,https://finance.example.com/news/1434
BAC Misses Q3 Targets,BAC,2025-04-08 09:02:00,Wall Street Journal,https://finance.example.com/news/1314
JPM Announces Stock Buyback,JPM,2025-04-08 11:44:00,InvestorPlace,https://finance.example.com/news/1312
TSLA CFO Steps Down,TSLA,2025-04-08 12:22:00,Reuters,https://finance.example.com/news/1113
Analysts Upgrade AMZN to Buy,AMZN,2025-04-08 15:28:00,CNBC,https://finance.example.com/news/44
Insider Buying at AMZN,AMZN,2025-04-08 18:07:00,Zacks,https://finance.example.com/news/485
BAC Misses Q3 Targets,BAC,2025-04-09 07:44:00,InvestorPlace,https://finance.example.com/news/1061
FDA Approves PFE Drug Application,PFE,2025-04-09 10:17:00,MarketWatch,https://finance.example.com/news/417
Analysts Upgrade WMT to Buy,WMT,2025-04-09 11:10:00,Reuters,https://finance.example.com/news/1449
Analysts Upgrade TSLA to Buy,TSLA,2025-04-09 11:17:00,Financial Times,https://finance.example.com/news/1215
Tech Sell-off Drags GOOGL Lower,GOOGL,2025-04-09 11:57:00,InvestorPlace,https://finance.example.com/news/1912
AMZN Shares Drop After Weak Guidance,AMZN,2025-04-09 12:07:00,CNBC,https://finance.example.com/news/144
Insider Buying at TSLA,TSLA,2025-04-09 14:00:00,Wall Street Journal,https://finance.example.com/news/1727
MSFT Partners with Industry Leader,MSFT,2025-04-10 11:14:00,Financial Times,https://finance.example.com/news/146
AAPL Expands into New Markets,AAPL,2025-04-10 12:05:00,Reuters,https://finance.example.com/news/1741
Insider Buying at BAC,BAC,2025-04-10 15:07:00,InvestorPlace,https://finance.example.com/news/780
FDA Approves META Drug Application,META,2025-04-10 17:37:00,Financial Times,https://finance.example.com/news/1775
GOOGL Beats Earnings Estimates,GOOGL,2025-04-10 17:47:00,CNBC,https://finance.example.com/news/1733
WMT Beats Earnings Estimates,WMT,2025-04-10 19:22:00,Financial Times,https://finance.example.com/news/286
JPM CFO Steps Down,JPM,2025-04-11 10:40:00,Wall Street Journal,https://finance.example.com/news/1766
META Announces New Product Line,META,2025-04-11 12:14:00,InvestorPlace,https://finance.example.com/news/493
TSLA CFO Steps Down,TSLA,2025-04-11 14:07:00,MarketWatch,https://finance.example.com/news/566
AAPL Hits All-Time High on Strong Earnings,AAPL,2025-04-12 10:18:00,CNBC,https://finance.example.com/news/1776
META Announces New Product Line,META,2025-04-12 10:27:00,CNBC,https://finance.example.com/news/1881
FDA Approves MSFT Drug Application,MSFT,2025-04-12 11:44:00,CNBC,https://finance.example.com/news/1543
PFE Announces Stock Buyback,PFE,2025-04-12 13:07:00,Wall Street Journal,https://finance.example.com/news/162
AMZN Announces New Product Line,AMZN,2025-04-12 13:23:00,Bloomberg,https://finance.example.com/news/673
FDA Approves MSFT Drug Application,MSFT,2025-04-12 16:12:00,MarketWatch,https://finance.example.com/news/806
Tech Sell-off Drags AAPL Lower,AAPL,2025-04-13 07:20:00,MarketWatch,https://finance.example.com/news/343
Insider Buying at PFE,PFE,2025-04-13 09:42:00,Financial Times,https://finance.example.com/news/1445
BAC Misses Q3 Targets,BAC,2025-04-13 10:47:00,Wall Street Journal,https://finance.example.com/news/984
Analysts Upgrade BAC to Buy,BAC,2025-04-13 14:22:00,MarketWatch,https://finance.example.com/news/78
GOOGL Partners with Industry Leader,GOOGL,2025-04-13 19:38:00,CNBC,https://finance.example.com/news/319
META Announces Stock Buyback,META,2025-04-14 09:35:00,Reuters,https://finance.example.com/news/1311
AMZN Shares Drop After Weak Guidance,AMZN,2025-04-14 09:49:00,Bloomberg,https://finance.example.com/news/663
MSFT Hits All-Time High on Strong Earnings,MSFT,2025-04-14 10:48:00,Wall Street Journal,https://finance.example.com/news/1703
Tech Sell-off Drags MSFT Lower,MSFT,2025-04-14 13:21:00,InvestorPlace,https://finance.example.com/news/1325
MSFT Partners with Industry Leader,MSFT,2025-04-14 14:26:00,Reuters,https://finance.example.com/news/1642
TSLA Expands into New Markets,TSLA,2025-04-14 14:40:00,Bloomberg,https://finance.example.com/news/1493
Analysts Upgrade AMZN to Buy,AMZN,2025-04-14 14:55:00,Wall Street Journal,https://finance.example.com/news/1793
AAPL Announces Stock Buyback,AAPL,2025-04-14 18:18:00,MarketWatch,https://finance.example.com/news/1192
WMT Misses Q3 Targets,WMT,2025-04-15 09:21:00,Wall Street Journal,https://finance.example.com/news/1374
Insider Buying at TSLA,TSLA,2025-04-15 12:20:00,InvestorPlace,https://finance.example.com/news/490
FDA Approves BAC Drug Application,BAC,2025-04-15 12:38:00,CNBC,https://finance.example.com/news/385
JPM Misses Q3 Targets,JPM,2025-04-15 13:32:00,Zacks,https://finance.example.com/news/413
Analysts Upgrade WMT to Buy,WMT,2025-04-15 15:33:00,MarketWatch,https://finance.example.com/news/1120
GOOGL Expands into New Markets,GOOGL,2025-04-15 17:02:00,Wall Street Journal,https://finance.example.com/news/1871
GOOGL Partners with Industry Leader,GOOGL,2025-04-16 11:27:00,Zacks,https://finance.example.com/news/1827
JPM Hits All-Time High on Strong Earnings,JPM,2025-04-16 13:24:00,Reuters,https://finance.example.com/news/108
Tech Sell-off Drags BAC Lower,BAC,2025-04-16 15:30:00,Financial Times,https://finance.example.com/news/556
MSFT Hits All-Time High on Strong Earnings,MSFT,2025-04-17 09:24:00,InvestorPlace,https://finance.example.com/news/1583
Insider Buying at AAPL,AAPL,2025-04-17 17:31:00,Bloomberg,https://finance.example.com/news/1077
MSFT CFO Steps Down,MSFT,2025-04-17 18:37:00,InvestorPlace,https://finance.example.com/news/1236
META Announces New Product Line,META,2025-04-18 09:05:00,InvestorPlace,https://finance.example.com/news/1440
META Reports Record Quarterly Revenue,META,2025-04-18 13:50:00,Financial Times,https://finance.example.com/news/91
Analysts Upgrade AMZN to Buy,AMZN,2025-04-18 14:14:00,Zacks,https://finance.example.com/news/1809
FDA Approves BAC Drug Application,BAC,2025-04-18 16:10:00,InvestorPlace,https://finance.example.com/news/933
GOOGL Reports Record Quarterly Revenue,GOOGL,2025-04-18 18:25:00,MarketWatch,https://finance.example.com/news/1906
GOOGL Partners with Industry Leader,GOOGL,2025-04-18 18:59:00,Wall Street Journal,https://finance.example.com/news/1953
PFE Partners with Industry Leader,PFE,2025-04-19 09:12:00,Reuters,https://finance.example.com/news/1911
PFE Beats Earnings Estimates,PFE,2025-04-19 09:42:00,Zacks,https://finance.example.com/news/260
AMZN Announces Stock Buyback,AMZN,2025-04-19 11:42:00,Bloomberg,https://finance.example.com/news/157
FDA Approves AMZN Drug Application,AMZN,2025-04-19 13:47:00,Zacks,https://finance.example.com/news/748
JPM CFO Steps Down,JPM,2025-04-19 14:20:00,Financial Times,https://finance.example.com/news/116
MSFT Announces Stock Buyback,MSFT,2025-04-19 17:40:00,Reuters,https://finance.example.com/news/236
MSFT Beats Earnings Estimates,MSFT,2025-04-20 15:16:00,CNBC,https://finance.example.com/news/59
Insider Buying at MSFT,MSFT,2025-04-20 15:54:00,Zacks,https://finance.example.com/news/1450
Insider Buying at AMZN,AMZN,2025-04-20 17:21:00,Financial Times,https://finance.example.com/news/876
FDA Approves PFE Drug Application,PFE,2025-04-20 17:52:00,Zacks,https://finance.example.com/news/1502
TSLA Partners with Industry Leader,TSLA,2025-04-20 19:02:00,CNBC,https://finance.example.com/news/1327
AAPL Reports Record Quarterly Revenue,AAPL,2025-04-21 07:59:00,Reuters,https://finance.example.com/news/627
Market Rally Lifts AMZN Higher,AMZN,2025-04-21 11:46:00,Wall Street Journal,https://finance.example.com/news/1549
WMT Shares Drop After Weak Guidance,WMT,2025-04-21 18:56:00,Zacks,https://finance.example.com/news/1409
AAPL Shares Drop After Weak Guidance,AAPL,2025-04-22 13:19:00,Zacks,https://finance.example.com/news/1862
WMT Expands into New Markets,WMT,2025-04-22 13:52:00,Wall Street Journal,https://finance.example.com/news/599
TSLA Reports Record Quarterly Revenue,TSLA,2025-04-22 19:39:00,Zacks,https://finance.example.com/news/877
PFE Hits All-Time High on Strong Earnings,PFE,2025-04-23 11:02:00,MarketWatch,https://finance.example.com/news/579
META Partners with Industry Leader,META,2025-04-23 14:43:00,Zacks,https://finance.example.com/news/1948
AAPL Reports Record Quarterly Revenue,AAPL,2025-04-24 10:54:00,Financial Times,https://finance.example.com/news/1092
JPM Shares Drop After Weak Guidance,JPM,2025-04-24 14:56:00,Financial Times,https://finance.example.com/news/323
AAPL CFO Steps Down,AAPL,2025-04-24 16:45:00,Bloomberg,https://finance.example.com/news/1076
GOOGL Announces New Product Line,GOOGL,2025-04-24 16:53:00,MarketWatch,https://finance.example.com/news/901
TSLA Misses Q3 Targets,TSLA,2025-04-24 17:34:00,Zacks,https://finance.example.com/news/773
Market Rally Lifts AAPL Higher,AAPL,2025-04-24 18:09:00,Reuters,https://finance.example.com/news/491
META Expands into New Markets,META,2025-04-24 18:42:00,Wall Street Journal,https://finance.example.com/news/1149
PFE Beats Earnings Estimates,PFE,2025-04-24 19:59:00,MarketWatch,https://finance.example.com/news/1403
TSLA Beats Earnings Estimates,TSLA,2025-04-25 08:12:00,CNBC,https://finance.example.com/news/367
Analysts Upgrade BAC to Buy,BAC,2025-04-25 09:55:00,MarketWatch,https://finance.example.com/news/1227
Analysts Upgrade AAPL to Buy,AAPL,2025-04-25 18:08:00,Wall Street Journal,https://finance.example.com/news/796
BAC Shares Drop After Weak Guidance,BAC,2025-04-25 18:13:00,Wall Street Journal,https://finance.example.com/news/1547
Analysts Upgrade GOOGL to Buy,GOOGL,2025-04-26 07:26:00,Reuters,https://finance.example.com/news/1148
WMT Reports Record Quarterly Revenue,WMT,2025-04-26 09:21:00,InvestorPlace,https://finance.example.com/news/1133
JPM CFO Steps Down,JPM,2025-04-26 09:27:00,Reuters,https://finance.example.com/news/1258
META Announces New Product Line,META,2025-04-26 11:00:00,Bloomberg,https://finance.example.com/news/1997
AMZN Partners with Industry Leader,AMZN,2025-04-26 11:54:00,CNBC,https://finance.example.com/news/477
PFE Expands into New Markets,PFE,2025-04-26 16:47:00,Bloomberg,https://finance.example.com/news/1495
AMZN Announces Stock Buyback,AMZN,2025-04-26 17:13:00,MarketWatch,https://finance.example.com/news/759
MSFT Announces New Product Line,MSFT,2025-04-26 17:46:00,InvestorPlace,https://finance.example.com/news/222
Insider Buying at META,META,2025-04-27 08:07:00,Bloomberg,https://finance.example.com/news/1802
FDA Approves JPM Drug Application,JPM,2025-04-27 13:21:00,Zacks,https://finance.example.com/news/253
AAPL Announces Stock Buyback,AAPL,2025-04-27 19:18:00,Bloomberg,https://finance.example.com/news/10
PFE Beats Earnings Estimates,PFE,2025-04-28 08:26:00,Zacks,https://finance.example.com/news/1356
Analysts Upgrade META to Buy,META,2025-04-28 10:53:00,Wall Street Journal,https://finance.example.com/news/985
AMZN Misses Q3 Targets,AMZN,2025-04-28 14:39:00,Wall Street Journal,https://finance.example.com/news/1771
WMT Misses Q3 Targets,WMT,2025-04-28 15:35:00,Financial Times,https://finance.example.com/news/278
AAPL Shares Drop After Weak Guidance,AAPL,2025-04-28 17:53:00,Reuters,https://finance.example.com/news/168
META Hits All-Time High on Strong Earnings,META,2025-04-29 11:45:00,MarketWatch,https://finance.example.com/news/160
META Announces Stock Buyback,META,2025-04-29 14:18:00,MarketWatch,https://finance.example.com/news/812
Analysts Upgrade PFE to Buy,PFE,2025-04-29 17:01:00,Financial Times,https://finance.example.com/news/1145
FDA Approves GOOGL Drug Application,GOOGL,2025-04-30 12:35:00,Financial Times,https://finance.example.com/news/1060
BAC CFO Steps Down,BAC,2025-05-01 07:00:00,Bloomberg,https://finance.example.com/news/809
JPM Partners with Industry Leader,JPM,2025-05-01 08:29:00,Zacks,https://finance.example.com/news/831
BAC Reports Record Quarterly Revenue,BAC,2025-05-01 10:35:00,Reuters,https://finance.example.com/news/1630
Insider Buying at PFE,PFE,2025-05-01 14:19:00,Bloomberg,https://finance.example.com/news/731
MSFT Shares Drop After Weak Guidance,MSFT,2025-05-01 15:08:00,InvestorPlace,https://finance.example.com/news/229
Tech Sell-off Drags META Lower,META,2025-05-01 15:27:00,InvestorPlace,https://finance.example.com/news/1000
META Reports Record Quarterly Revenue,META,2025-05-01 16:28:00,Wall Street Journal,https://finance.example.com/news/1551
AAPL Announces New Product Line,AAPL,2025-05-01 17:16:00,Bloomberg,https://finance.example.com/news/1017
MSFT Partners with Industry Leader,MSFT,2025-05-01 17:19:00,Wall Street Journal,https://finance.example.com/news/94
META Reports Record Quarterly Revenue,META,2025-05-02 08:03:00,InvestorPlace,https://finance.example.com/news/719
Insider Buying at MSFT,MSFT,2025-05-02 09:26:00,Zacks,https://finance.example.com/news/47
MSFT Beats Earnings Estimates,MSFT,2025-05-02 14:24:00,Reuters,https://finance.example.com/news/1527
WMT Expands into New Markets,WMT,2025-05-02 15:50:00,MarketWatch,https://finance.example.com/news/862
Tech Sell-off Drags TSLA Lower,TSLA,2025-05-02 16:20:00,Reuters,https://finance.example.com/news/242
FDA Approves PFE Drug Application,PFE,2025-05-02 18:32:00,MarketWatch,https://finance.example.com/news/1259
Insider Buying at TSLA,TSLA,2025-05-03 10:05:00,Reuters,https://finance.example.com/news/1853
AMZN Beats Earnings Estimates,AMZN,2025-05-03 11:51:00,Zacks,https://finance.example.com/news/316
FDA Approves META Drug Application,META,2025-05-03 12:51:00,Financial Times,https://finance.example.com/news/1781
AMZN Misses Q3 Targets,AMZN,2025-05-03 16:24:00,Wall Street Journal,https://finance.example.com/news/190
Tech Sell-off Drags PFE Lower,PFE,2025-05-03 18:10:00,MarketWatch,https://finance.example.com/news/180
FDA Approves BAC Drug Application,BAC,2025-05-04 08:35:00,Reuters,https://finance.example.com/news/1362
AMZN Announces Stock Buyback,AMZN,2025-05-04 11:34:00,Reuters,https://finance.example.com/news/689
PFE Announces Stock Buyback,PFE,2025-05-04 14:58:00,CNBC,https://finance.example.com/news/205
Market Rally Lifts TSLA Higher,TSLA,2025-05-04 16:34:00,Wall Street Journal,https://finance.example.com/news/1088
JPM Misses Q3 Targets,JPM,2025-05-05 11:42:00,Financial Times,https://finance.example.com/news/141
Tech Sell-off Drags PFE Lower,PFE,2025-05-05 12:24:00,MarketWatch,https://finance.example.com/news/541
Market Rally Lifts BAC Higher,BAC,2025-05-05 18:14:00,MarketWatch,https://finance.example.com/news/508
Tech Sell-off Drags WMT Lower,WMT,2025-05-06 09:00:00,InvestorPlace,https://finance.example.com/news/653
PFE Partners with Industry Leader,PFE,2025-05-06 14:35:00,Financial Times,https://finance.example.com/news/494
JPM Announces New Product Line,JPM,2025-05-06 15:26:00,CNBC,https://finance.example.com/news/203
AMZN Hits All-Time High on Strong Earnings,AMZN,2025-05-06 19:52:00,MarketWatch,https://finance.example.com/news/1509
JPM Beats Earnings Estimates,JPM,2025-05-07 08:20:00,Wall Street Journal,https://finance.example.com/news/1667
JPM Misses Q3 Targets,JPM,2025-05-07 10:20:00,InvestorPlace,https://finance.example.com/news/1358
Tech Sell-off Drags PFE Lower,PFE,2025-05-07 15:21:00,Zacks,https://finance.example.com/news/1831
PFE Reports Record Quarterly Revenue,PFE,2025-05-07 18:04:00,Bloomberg,https://finance.example.com/news/524
AAPL Beats Earnings Estimates,AAPL,2025-05-08 08:29:00,CNBC,https://finance.example.com/news/99
PFE Expands into New Markets,PFE,2025-05-08 09:52:00,Financial Times,https://finance.example.com/news/390
JPM Announces Stock Buyback,JPM,2025-05-08 14:22:00,InvestorPlace,https://finance.example.com/news/826
MSFT Announces New Product Line,MSFT,2025-05-08 15:45:00,CNBC,https://finance.example.com/news/1537
Tech Sell-off Drags MSFT Lower,MSFT,2025-05-08 17:42:00,Financial Times,https://finance.example.com/news/549
BAC Reports Record Quarterly Revenue,BAC,2025-05-09 15:54:00,Reuters,https://finance.example.com/news/1003
Market Rally Lifts MSFT Higher,MSFT,2025-05-09 19:28:00,Reuters,https://finance.example.com/news/1302
BAC Shares Drop After Weak Guidance,BAC,2025-05-10 07:04:00,MarketWatch,https://finance.example.com/news/1443
MSFT Beats Earnings Estimates,MSFT,2025-05-10 14:44:00,CNBC,https://finance.example.com/news/801
PFE Partners with Industry Leader,PFE,2025-05-11 07:21:00,Zacks,https://finance.example.com/news/870
MSFT Expands into New Markets,MSFT,2025-05-11 09:15:00,InvestorPlace,https://finance.example.com/news/1582
Insider Buying at JPM,JPM,2025-05-11 11:05:00,Wall Street Journal,https://finance.example.com/news/1528
Tech Sell-off Drags GOOGL Lower,GOOGL,2025-05-11 11:20:00,Bloomberg,https://finance.example.com/news/276
GOOGL Announces New Product Line,GOOGL,2025-05-11 19:05:00,CNBC,https://finance.example.com/news/1699
MSFT Hits All-Time High on Strong Earnings,MSFT,2025-05-12 10:53:00,CNBC,https://finance.example.com/news/329
AAPL Announces Stock Buyback,AAPL,2025-05-12 13:56:00,Reuters,https://finance.example.com/news/1132
BAC Announces Stock Buyback,BAC,2025-05-12 18:30:00,Wall Street Journal,https://finance.example.com/news/423
MSFT Beats Earnings Estimates,MSFT,2025-05-12 19:02:00,Bloomberg,https://finance.example.com/news/1980
MSFT CFO Steps Down,MSFT,2025-05-12 19:06:00,Reuters,https://finance.example.com/news/708
BAC Misses Q3 Targets,BAC,2025-05-12 19:23:00,CNBC,https://finance.example.com/news/122
Market Rally Lifts PFE Higher,PFE,2025-05-13 08:01:00,Bloomberg,https://finance.example.com/news/674
BAC Misses Q3 Targets,BAC,2025-05-13 08:02:00,Bloomberg,https://finance.example.com/news/1301
Analysts Upgrade AMZN to Buy,AMZN,2025-05-13 08:18:00,Bloomberg,https://finance.example.com/news/1941
BAC Shares Drop After Weak Guidance,BAC,2025-05-13 08:24:00,Wall Street Journal,https://finance.example.com/news/979
AAPL Announces New Product Line,AAPL,2025-05-13 09:33:00,InvestorPlace,https://finance.example.com/news/936
Tech Sell-off Drags TSLA Lower,TSLA,2025-05-13 12:17:00,MarketWatch,https://finance.example.com/news/137
TSLA Announces New Product Line,TSLA,2025-05-13 18:53:00,Bloomberg,https://finance.example.com/news/757
PFE Hits All-Time High on Strong Earnings,PFE,2025-05-14 09:26:00,Bloomberg,https://finance.example.com/news/974
PFE Announces New Product Line,PFE,2025-05-14 09:32:00,Zacks,https://finance.example.com/news/1559
Insider Buying at MSFT,MSFT,2025-05-14 09:37:00,MarketWatch,https://finance.example.com/news/82
FDA Approves AAPL Drug Application,AAPL,2025-05-14 09:45:00,Zacks,https://finance.example.com/news/1567
Tech Sell-off Drags GOOGL Lower,GOOGL,2025-05-14 10:30:00,Financial Times,https://finance.example.com/news/1389
AAPL CFO Steps Down,AAPL,2025-05-14 12:43:00,CNBC,https://finance.example.com/news/1631
AAPL Beats Earnings Estimates,AAPL,2025-05-14 15:57:00,Zacks,https://finance.example.com/news/916
TSLA Announces Stock Buyback,TSLA,2025-05-14 19:45:00,Zacks,https://finance.example.com/news/1718
JPM Reports Record Quarterly Revenue,JPM,2025-05-15 16:53:00,MarketWatch,https://finance.example.com/news/1563
Insider Buying at AMZN,AMZN,2025-05-15 18:11:00,Financial Times,https://finance.example.com/news/1777
AMZN Shares Drop After Weak Guidance,AMZN,2025-05-16 12:14:00,Reuters,https://finance.example.com/news/922
Tech Sell-off Drags PFE Lower,PFE,2025-05-16 12:58:00,CNBC,https://finance.example.com/news/1602
Analysts Upgrade BAC to Buy,BAC,2025-05-16 17:04:00,Financial Times,https://finance.example.com/news/1800
FDA Approves PFE Drug Application,PFE,2025-05-16 17:50:00,Wall Street Journal,https://finance.example.com/news/409
AAPL Expands into New Markets,AAPL,2025-05-16 19:50:00,Zacks,https://finance.example.com/news/49
Insider Buying at GOOGL,GOOGL,2025-05-17 09:04:00,Reuters,https://finance.example.com/news/163
META Misses Q3 Targets,META,2025-05-17 16:41:00,InvestorPlace,https://finance.example.com/news/1014
AMZN Shares Drop After Weak Guidance,AMZN,2025-05-17 19:27:00,Financial Times,https://finance.example.com/news/1111
Tech Sell-off Drags WMT Lower,WMT,2025-05-17 19:41:00,Financial Times,https://finance.example.com/news/24
TSLA Expands into New Markets,TSLA,2025-05-18 08:13:00,Financial Times,https://finance.example.com/news/16
Insider Buying at BAC,BAC,2025-05-18 12:01:00,Financial Times,https://finance.example.com/news/744
PFE Shares Drop After Weak Guidance,PFE,2025-05-18 19:34:00,Financial Times,https://finance.example.com/news/582
META Expands into New Markets,META,2025-05-19 18:39:00,Wall Street Journal,https://finance.example.com/news/1369
AMZN Announces New Product Line,AMZN,2025-05-20 09:01:00,MarketWatch,https://finance.example.com/news/1511
WMT Beats Earnings Estimates,WMT,2025-05-20 09:16:00,Zacks,https://finance.example.com/news/220
BAC CFO Steps Down,BAC,2025-05-20 13:01:00,CNBC,https://finance.example.com/news/1799
Analysts Upgrade BAC to Buy,BAC,2025-05-20 13:31:00,Reuters,https://finance.example.com/news/111
FDA Approves JPM Drug Application,JPM,2025-05-20 13:44:00,Zacks,https://finance.example.com/news/818
JPM Reports Record Quarterly Revenue,JPM,2025-05-21 07:35:00,CNBC,https://finance.example.com/news/473
GOOGL Partners with Industry Leader,GOOGL,2025-05-21 08:41:00,Financial Times,https://finance.example.com/news/605
MSFT Hits All-Time High on Strong Earnings,MSFT,2025-05-21 10:14:00,CNBC,https://finance.example.com/news/0
FDA Approves AAPL Drug Application,AAPL,2025-05-21 10:48:00,CNBC,https://finance.example.com/news/785
AAPL Expands into New Markets,AAPL,2025-05-22 10:07:00,Zacks,https://finance.example.com/news/235
AAPL Announces New Product Line,AAPL,2025-05-22 13:09:00,InvestorPlace,https://finance.example.com/news/742
Tech Sell-off Drags MSFT Lower,MSFT,2025-05-22 14:04:00,Financial Times,https://finance.example.com/news/1421
WMT CFO Steps Down,WMT,2025-05-22 15:29:00,Reuters,https://finance.example.com/news/737
Analysts Upgrade GOOGL to Buy,GOOGL,2025-05-22 17:05:00,Wall Street Journal,https://finance.example.com/news/619
FDA Approves GOOGL Drug Application,GOOGL,2025-05-23 09:10:00,Reuters,https://finance.example.com/news/1846
JPM Announces New Product Line,JPM,2025-05-23 14:15:00,Bloomberg,https://finance.example.com/news/45
Tech Sell-off Drags MSFT Lower,MSFT,2025-05-23 16:14:00,InvestorPlace,https://finance.example.com/news/262
MSFT Partners with Industry Leader,MSFT,2025-05-23 16:32:00,Zacks,https://finance.example.com/news/1732
BAC Misses Q3 Targets,BAC,2025-05-23 17:05:00,CNBC,https://finance.example.com/news/1688
MSFT Announces Stock Buyback,MSFT,2025-05-23 17:39:00,Financial Times,https://finance.example.com/news/1861
JPM Beats Earnings Estimates,JPM,2025-05-23 18:59:00,Financial Times,https://finance.example.com/news/596
Insider Buying at AAPL,AAPL,2025-05-24 07:51:00,Zacks,https://finance.example.com/news/687
Tech Sell-off Drags JPM Lower,JPM,2025-05-24 10:46:00,MarketWatch,https://finance.example.com/news/1936
META Reports Record Quarterly Revenue,META,2025-05-24 14:54:00,Bloomberg,https://finance.example.com/news/745
Tech Sell-off Drags AAPL Lower,AAPL,2025-05-24 17:58:00,Financial Times,https://finance.example.com/news/1728
MSFT Partners with Industry Leader,MSFT,2025-05-25 07:15:00,InvestorPlace,https://finance.example.com/news/1249
TSLA CFO Steps Down,TSLA,2025-05-25 13:26:00,Financial Times,https://finance.example.com/news/300
BAC Partners with Industry Leader,BAC,2025-05-25 19:54:00,MarketWatch,https://finance.example.com/news/649
Market Rally Lifts GOOGL Higher,GOOGL,2025-05-26 09:47:00,Reuters,https://finance.example.com/news/1949
GOOGL Hits All-Time High on Strong Earnings,GOOGL,2025-05-26 10:50:00,MarketWatch,https://finance.example.com/news/1123
Analysts Upgrade TSLA to Buy,TSLA,2025-05-26 11:12:00,Reuters,https://finance.example.com/news/1290
Insider Buying at PFE,PFE,2025-05-26 13:44:00,Zacks,https://finance.example.com/news/1333
GOOGL Misses Q3 Targets,GOOGL,2025-05-26 16:15:00,CNBC,https://finance.example.com/news/1219
TSLA Reports Record Quarterly Revenue,TSLA,2025-05-26 17:50:00,CNBC,https://finance.example.com/news/1666
Market Rally Lifts BAC Higher,BAC,2025-05-26 19:47:00,Zacks,https://finance.example.com/news/315
META CFO Steps Down,META,2025-05-27 17:03:00,Bloomberg,https://finance.example.com/news/430
JPM Reports Record Quarterly Revenue,JPM,2025-05-27 17:10:00,MarketWatch,https://finance.example.com/news/1507
JPM Beats Earnings Estimates,JPM,2025-05-27 17:45:00,InvestorPlace,https://finance.example.com/news/628
TSLA Beats Earnings Estimates,TSLA,2025-05-28 08:24:00,Zacks,https://finance.example.com/news/399
Analysts Upgrade META to Buy,META,2025-05-28 08:25:00,Financial Times,https://finance.example.com/news/981
AMZN Beats Earnings Estimates,AMZN,2025-05-28 09:49:00,Zacks,https://finance.example.com/news/580
Analysts Upgrade WMT to Buy,WMT,2025-05-28 11:03:00,MarketWatch,https://finance.example.com/news/1494
TSLA Misses Q3 Targets,TSLA,2025-05-28 15:46:00,Reuters,https://finance.example.com/news/1455
JPM Announces New Product Line,JPM,2025-05-28 17:08:00,CNBC,https://finance.example.com/news/1253
META Hits All-Time High on Strong Earnings,META,2025-05-28 18:05:00,Financial Times,https://finance.example.com/news/422
AMZN Reports Record Quarterly Revenue,AMZN,2025-05-28 18:13:00,Zacks,https://finance.example.com/news/418
BAC Announces New Product Line,BAC,2025-05-29 07:00:00,MarketWatch,https://finance.example.com/news/433
AAPL Reports Record Quarterly Revenue,AAPL,2025-05-29 14:46:00,Financial Times,https://finance.example.com/news/793
FDA Approves META Drug Application,META,2025-05-29 19:36:00,CNBC,https://finance.example.com/news/1398
TSLA Misses Q3 Targets,TSLA,2025-05-30 11:36:00,MarketWatch,https://finance.example.com/news/590
Analysts Upgrade GOOGL to Buy,GOOGL,2025-05-30 11:54:00,Financial Times,https://finance.example.com/news/661
AAPL Reports Record Quarterly Revenue,AAPL,2025-05-30 15:40:00,Bloomberg,https://finance.example.com/news/1427
Insider Buying at BAC,BAC,2025-05-30 15:45:00,MarketWatch,https://finance.example.com/news/183
GOOGL Misses Q3 Targets,GOOGL,2025-05-30 18:28:00,Zacks,https://finance.example.com/news/1640
Insider Buying at WMT,WMT,2025-05-31 17:34:00,Zacks,https://finance.example.com/news/1983
Insider Buying at GOOGL,GOOGL,2025-05-31 18:45:00,InvestorPlace,https://finance.example.com/news/1625
Analysts Upgrade GOOGL to Buy,GOOGL,2025-06-01 10:03:00,Reuters,https://finance.example.com/news/51
MSFT Announces Stock Buyback,MSFT,2025-06-01 12:39:00,Wall Street Journal,https://finance.example.com/news/446
Insider Buying at MSFT,MSFT,2025-06-01 12:47:00,InvestorPlace,https://finance.example.com/news/218
WMT Expands into New Markets,WMT,2025-06-01 16:03:00,Bloomberg,https://finance.example.com/news/1595
BAC Hits All-Time High on Strong Earnings,BAC,2025-06-01 17:12:00,Financial Times,https://finance.example.com/news/883
Market Rally Lifts TSLA Higher,TSLA,2025-06-02 08:57:00,InvestorPlace,https://finance.example.com/news/1514
MSFT Beats Earnings Estimates,MSFT,2025-06-02 12:34:00,CNBC,https://finance.example.com/news/1981
AAPL Reports Record Quarterly Revenue,AAPL,2025-06-02 16:37:00,Zacks,https://finance.example.com/news/187
PFE Announces Stock Buyback,PFE,2025-06-03 07:46:00,InvestorPlace,https://finance.example.com/news/1099
TSLA Shares Drop After Weak Guidance,TSLA,2025-06-03 07:51:00,Bloomberg,https://finance.example.com/news/558
TSLA Beats Earnings Estimates,TSLA,2025-06-03 09:53:00,CNBC,https://finance.example.com/news/774
Tech Sell-off Drags AAPL Lower,AAPL,2025-06-03 11:52:00,Financial Times,https://finance.example.com/news/1806
Tech Sell-off Drags MSFT Lower,MSFT,2025-06-03 12:23:00,InvestorPlace,https://finance.example.com/news/1180
Tech Sell-off Drags WMT Lower,WMT,2025-06-03 13:42:00,Financial Times,https://finance.example.com/news/1499
MSFT Reports Record Quarterly Revenue,MSFT,2025-06-03 15:35:00,Financial Times,https://finance.example.com/news/1193
PFE Misses Q3 Targets,PFE,2025-06-03 16:21:00,Zacks,https://finance.example.com/news/406
GOOGL Reports Record Quarterly Revenue,GOOGL,2025-06-03 17:53:00,Zacks,https://finance.example.com/news/1418
AMZN Announces New Product Line,AMZN,2025-06-03 18:28:00,Financial Times,https://finance.example.com/news/746
Analysts Upgrade META to Buy,META,2025-06-04 08:03:00,Wall Street Journal,https://finance.example.com/news/331
FDA Approves META Drug Application,META,2025-06-04 10:24:00,Zacks,https://finance.example.com/news/209
TSLA Announces Stock Buyback,TSLA,2025-06-04 10:32:00,MarketWatch,https://finance.example.com/news/1131
GOOGL Reports Record Quarterly Revenue,GOOGL,2025-06-04 11:31:00,CNBC,https://finance.example.com/news/533
AAPL Partners with Industry Leader,AAPL,2025-06-04 16:19:00,Zacks,https://finance.example.com/news/1416
FDA Approves AMZN Drug Application,AMZN,2025-06-04 17:33:00,InvestorPlace,https://finance.example.com/news/764
TSLA Reports Record Quarterly Revenue,TSLA,2025-06-04 18:52:00,MarketWatch,https://finance.example.com/news/1804
GOOGL Misses Q3 Targets,GOOGL,2025-06-05 07:47:00,Bloomberg,https://finance.example.com/news/1438
WMT Announces New Product Line,WMT,2025-06-05 09:10:00,Financial Times,https://finance.example.com/news/375
Analysts Upgrade PFE to Buy,PFE,2025-06-05 11:36:00,Zacks,https://finance.example.com/news/1882
JPM Expands into New Markets,JPM,2025-06-05 14:47:00,MarketWatch,https://finance.example.com/news/1142
WMT Announces Stock Buyback,WMT,2025-06-05 18:10:00,Zacks,https://finance.example.com/news/1477
Analysts Upgrade MSFT to Buy,MSFT,2025-06-06 08:11:00,Financial Times,https://finance.example.com/news/571
AMZN Announces Stock Buyback,AMZN,2025-06-06 12:36:00,Bloomberg,https://finance.example.com/news/1536
Analysts Upgrade JPM to Buy,JPM,2025-06-06 13:56:00,InvestorPlace,https://finance.example.com/news/1794
JPM Hits All-Time High on Strong Earnings,JPM,2025-06-06 15:02:00,Financial Times,https://finance.example.com/news/1102
GOOGL Beats Earnings Estimates,GOOGL,2025-06-06 16:52:00,Zacks,https://finance.example.com/news/1999
WMT Announces Stock Buyback,WMT,2025-06-07 07:14:00,InvestorPlace,https://finance.example.com/news/274
FDA Approves MSFT Drug Application,MSFT,2025-06-07 09:25:00,MarketWatch,https://finance.example.com/news/445
BAC Announces New Product Line,BAC,2025-06-07 13:04:00,Bloomberg,https://finance.example.com/news/1240
JPM Misses Q3 Targets,JPM,2025-06-07 14:03:00,Reuters,https://finance.example.com/news/1851
Tech Sell-off Drags GOOGL Lower,GOOGL,2025-06-07 16:47:00,MarketWatch,https://finance.example.com/news/164
FDA Approves JPM Drug Application,JPM,2025-06-07 17:37:00,Bloomberg,https://finance.example.com/news/1893
META Shares Drop After Weak Guidance,META,2025-06-08 08:32:00,Wall Street Journal,https://finance.example.com/news/630
PFE CFO Steps Down,PFE,2025-06-08 15:44:00,Bloomberg,https://finance.example.com/news/1950
PFE CFO Steps Down,PFE,2025-06-09 12:52:00,Wall Street Journal,https://finance.example.com/news/1224
WMT Beats Earnings Estimates,WMT,2025-06-09 15:21:00,CNBC,https://finance.example.com/news/1659
AMZN Announces Stock Buyback,AMZN,2025-06-09 16:05:00,Bloomberg,https://finance.example.com/news/1486
Market Rally Lifts BAC Higher,BAC,2025-06-09 17:53:00,Zacks,https://finance.example.com/news/1457
Market Rally Lifts AAPL Higher,AAPL,2025-06-09 17:57:00,Wall Street Journal,https://finance.example.com/news/1214
JPM Announces New Product Line,JPM,2025-06-09 18:24:00,Zacks,https://finance.example.com/news/1478
PFE Misses Q3 Targets,PFE,2025-06-10 10:48:00,CNBC,https://finance.example.com/news/391
MSFT Partners with Industry Leader,MSFT,2025-06-10 16:27:00,InvestorPlace,https://finance.example.com/news/280
WMT Partners with Industry Leader,WMT,2025-06-10 18:47:00,Wall Street Journal,https://finance.example.com/news/852
BAC Shares Drop After Weak Guidance,BAC,2025-06-11 11:20:00,Bloomberg,https://finance.example.com/news/175
Tech Sell-off Drags AMZN Lower,AMZN,2025-06-11 13:22:00,Reuters,https://finance.example.com/news/980
MSFT CFO Steps Down,MSFT,2025-06-11 13:49:00,CNBC,https://finance.example.com/news/1649
META Misses Q3 Targets,META,2025-06-11 18:02:00,MarketWatch,https://finance.example.com/news/1204
Market Rally Lifts JPM Higher,JPM,2025-06-12 11:33:00,Financial Times,https://finance.example.com/news/1186
JPM Hits All-Time High on Strong Earnings,JPM,2025-06-12 18:30:00,InvestorPlace,https://finance.example.com/news/191
JPM Expands into New Markets,JPM,2025-06-13 08:40:00,Wall Street Journal,https://finance.example.com/news/1506
FDA Approves GOOGL Drug Application,GOOGL,2025-06-13 09:00:00,Financial Times,https://finance.example.com/news/1397
AMZN CFO Steps Down,AMZN,2025-06-13 09:40:00,Bloomberg,https://finance.example.com/news/706
META Hits All-Time High on Strong Earnings,META,2025-06-13 11:06:00,Bloomberg,https://finance.example.com/news/713
AMZN Expands into New Markets,AMZN,2025-06-13 11:52:00,Bloomberg,https://finance.example.com/news/646
META CFO Steps Down,META,2025-06-13 15:05:00,CNBC,https://finance.example.com/news/105
TSLA Partners with Industry Leader,TSLA,2025-06-13 18:55:00,Financial Times,https://finance.example.com/news/386
JPM Expands into New Markets,JPM,2025-06-13 19:23:00,CNBC,https://finance.example.com/news/1945
WMT Reports Record Quarterly Revenue,WMT,2025-06-14 08:05:00,Financial Times,https://finance.example.com/news/350
Market Rally Lifts WMT Higher,WMT,2025-06-14 13:37:00,Reuters,https://finance.example.com/news/1695
AAPL Announces Stock Buyback,AAPL,2025-06-14 13:58:00,Bloomberg,https://finance.example.com/news/880
Analysts Upgrade PFE to Buy,PFE,2025-06-14 18:04:00,InvestorPlace,https://finance.example.com/news/1069
AMZN Beats Earnings Estimates,AMZN,2025-06-14 19:18:00,InvestorPlace,https://finance.example.com/news/487
TSLA Hits All-Time High on Strong Earnings,TSLA,2025-06-14 19:53:00,Wall Street Journal,https://finance.example.com/news/789
MSFT CFO Steps Down,MSFT,2025-06-15 09:00:00,InvestorPlace,https://finance.example.com/news/1859
BAC Reports Record Quarterly Revenue,BAC,2025-06-15 11:21:00,CNBC,https://finance.example.com/news/600
PFE Reports Record Quarterly Revenue,PFE,2025-06-15 13:41:00,Financial Times,https://finance.example.com/news/1071
JPM Expands into New Markets,JPM,2025-06-15 14:01:00,CNBC,https://finance.example.com/news/1161
MSFT Reports Record Quarterly Revenue,MSFT,2025-06-15 18:41:00,CNBC,https://finance.example.com/news/1163
BAC Announces New Product Line,BAC,2025-06-16 08:51:00,InvestorPlace,https://finance.example.com/news/1686
BAC Partners with Industry Leader,BAC,2025-06-16 09:31:00,Wall Street Journal,https://finance.example.com/news/136
TSLA Beats Earnings Estimates,TSLA,2025-06-16 12:26:00,InvestorPlace,https://finance.example.com/news/1087
Market Rally Lifts PFE Higher,PFE,2025-06-16 13:00:00,MarketWatch,https://finance.example.com/news/530
META CFO Steps Down,META,2025-06-16 17:32:00,Zacks,https://finance.example.com/news/1009
FDA Approves PFE Drug Application,PFE,2025-06-16 18:46:00,CNBC,https://finance.example.com/news/1579
MSFT Misses Q3 Targets,MSFT,2025-06-16 19:30:00,CNBC,https://finance.example.com/news/1097
META Misses Q3 Targets,META,2025-06-16 19:36:00,Bloomberg,https://finance.example.com/news/269
AMZN Partners with Industry Leader,AMZN,2025-06-17 09:05:00,Wall Street Journal,https://finance.example.com/news/668
JPM Misses Q3 Targets,JPM,2025-06-17 12:28:00,MarketWatch,https://finance.example.com/news/662
GOOGL Beats Earnings Estimates,GOOGL,2025-06-17 13:37:00,Bloomberg,https://finance.example.com/news/631
FDA Approves BAC Drug Application,BAC,2025-06-17 16:00:00,Bloomberg,https://finance.example.com/news/597
Market Rally Lifts BAC Higher,BAC,2025-06-18 07:58:00,CNBC,https://finance.example.com/news/1720
FDA Approves PFE Drug Application,PFE,2025-06-18 09:17:00,Financial Times,https://finance.example.com/news/1872
AMZN Announces New Product Line,AMZN,2025-06-18 11:04:00,Bloomberg,https://finance.example.com/news/1743
Insider Buying at MSFT,MSFT,2025-06-19 08:02:00,Zacks,https://finance.example.com/news/676
Analysts Upgrade AAPL to Buy,AAPL,2025-06-19 12:15:00,Wall Street Journal,https://finance.example.com/news/1874
Tech Sell-off Drags JPM Lower,JPM,2025-06-19 12:16:00,MarketWatch,https://finance.example.com/news/778
PFE Misses Q3 Targets,PFE,2025-06-19 13:22:00,MarketWatch,https://finance.example.com/news/1267
PFE Misses Q3 Targets,PFE,2025-06-19 16:36:00,Financial Times,https://finance.example.com/news/1768
GOOGL Announces New Product Line,GOOGL,2025-06-19 16:40:00,InvestorPlace,https://finance.example.com/news/1817
AMZN Expands into New Markets,AMZN,2025-06-19 18:07:00,Zacks,https://finance.example.com/news/932
AAPL Expands into New Markets,AAPL,2025-06-19 18:15:00,Reuters,https://finance.example.com/news/743
TSLA Partners with Industry Leader,TSLA,2025-06-19 19:06:00,Reuters,https://finance.example.com/news/1922
FDA Approves AMZN Drug Application,AMZN,2025-06-19 19:47:00,InvestorPlace,https://finance.example.com/news/1772
Tech Sell-off Drags AAPL Lower,AAPL,2025-06-20 10:08:00,Wall Street Journal,https://finance.example.com/news/237
Analysts Upgrade BAC to Buy,BAC,2025-06-20 11:58:00,Reuters,https://finance.example.com/news/484
AAPL Partners with Industry Leader,AAPL,2025-06-20 15:50:00,Wall Street Journal,https://finance.example.com/news/1746
BAC Shares Drop After Weak Guidance,BAC,2025-06-21 07:38:00,Zacks,https://finance.example.com/news/1866
Analysts Upgrade META to Buy,META,2025-06-21 09:02:00,Reuters,https://finance.example.com/news/1352
WMT Announces Stock Buyback,WMT,2025-06-21 13:37:00,Financial Times,https://finance.example.com/news/1386
FDA Approves TSLA Drug Application,TSLA,2025-06-21 13:52:00,CNBC,https://finance.example.com/news/538
Insider Buying at WMT,WMT,2025-06-21 14:50:00,InvestorPlace,https://finance.example.com/news/1198
Market Rally Lifts MSFT Higher,MSFT,2025-06-21 18:59:00,Reuters,https://finance.example.com/news/1370
Tech Sell-off Drags AMZN Lower,AMZN,2025-06-22 08:05:00,InvestorPlace,https://finance.example.com/news/6
META Shares Drop After Weak Guidance,META,2025-06-22 09:01:00,Financial Times,https://finance.example.com/news/1487
FDA Approves BAC Drug Application,BAC,2025-06-22 16:27:00,Financial Times,https://finance.example.com/news/1919
WMT Announces Stock Buyback,WMT,2025-06-23 16:27:00,CNBC,https://finance.example.com/news/1965
META Misses Q3 Targets,META,2025-06-23 19:07:00,Zacks,https://finance.example.com/news/221
WMT Expands into New Markets,WMT,2025-06-23 19:35:00,Reuters,https://finance.example.com/news/960
WMT Partners with Industry Leader,WMT,2025-06-24 08:53:00,Zacks,https://finance.example.com/news/1310
FDA Approves BAC Drug Application,BAC,2025-06-24 09:03:00,MarketWatch,https://finance.example.com/news/150
MSFT Shares Drop After Weak Guidance,MSFT,2025-06-24 18:37:00,Wall Street Journal,https://finance.example.com/news/1942
Analysts Upgrade GOOGL to Buy,GOOGL,2025-06-24 19:31:00,Wall Street Journal,https://finance.example.com/news/309
MSFT CFO Steps Down,MSFT,2025-06-25 09:07:00,InvestorPlace,https://finance.example.com/news/817
MSFT Announces New Product Line,MSFT,2025-06-25 10:20:00,Financial Times,https://finance.example.com/news/1013
Tech Sell-off Drags GOOGL Lower,GOOGL,2025-06-25 10:56:00,MarketWatch,https://finance.example.com/news/1354
META Expands into New Markets,META,2025-06-25 11:28:00,CNBC,https://finance.example.com/news/850
TSLA Announces Stock Buyback,TSLA,2025-06-25 12:52:00,Wall Street Journal,https://finance.example.com/news/1920
Analysts Upgrade GOOGL to Buy,GOOGL,2025-06-25 13:36:00,Zacks,https://finance.example.com/news/782
Market Rally Lifts JPM Higher,JPM,2025-06-25 15:44:00,Wall Street Journal,https://finance.example.com/news/1237
AAPL Partners with Industry Leader,AAPL,2025-06-25 17:06:00,CNBC,https://finance.example.com/news/559
Tech Sell-off Drags MSFT Lower,MSFT,2025-06-25 18:05:00,CNBC,https://finance.example.com/news/298
META Hits All-Time High on Strong Earnings,META,2025-06-25 18:51:00,Bloomberg,https://finance.example.com/news/1118
Market Rally Lifts AMZN Higher,AMZN,2025-06-26 07:41:00,MarketWatch,https://finance.example.com/news/1278
Insider Buying at TSLA,TSLA,2025-06-26 07:52:00,MarketWatch,https://finance.example.com/news/1653
JPM Misses Q3 Targets,JPM,2025-06-26 08:37:00,Reuters,https://finance.example.com/news/1246
Analysts Upgrade META to Buy,META,2025-06-26 10:26:00,CNBC,https://finance.example.com/news/900
AMZN Misses Q3 Targets,AMZN,2025-06-26 11:08:00,Bloomberg,https://finance.example.com/news/791
AAPL Reports Record Quarterly Revenue,AAPL,2025-06-26 12:19:00,Zacks,https://finance.example.com/news/1408
FDA Approves AMZN Drug Application,AMZN,2025-06-26 14:14:00,Wall Street Journal,https://finance.example.com/news/1623
TSLA Partners with Industry Leader,TSLA,2025-06-26 14:50:00,Zacks,https://finance.example.com/news/928
MSFT CFO Steps Down,MSFT,2025-06-26 16:16:00,Reuters,https://finance.example.com/news/7
FDA Approves MSFT Drug Application,MSFT,2025-06-26 16:19:00,InvestorPlace,https://finance.example.com/news/208
AAPL Expands into New Markets,AAPL,2025-06-26 18:04:00,Reuters,https://finance.example.com/news/457
MSFT Announces Stock Buyback,MSFT,2025-06-26 19:34:00,InvestorPlace,https://finance.example.com/news/728
JPM Partners with Industry Leader,JPM,2025-06-26 19:51:00,CNBC,https://finance.example.com/news/421
MSFT Beats Earnings Estimates,MSFT,2025-06-27 07:06:00,InvestorPlace,https://finance.example.com/news/519
FDA Approves GOOGL Drug Application,GOOGL,2025-06-27 15:33:00,MarketWatch,https://finance.example.com/news/636
MSFT Beats Earnings Estimates,MSFT,2025-06-28 08:55:00,Reuters,https://finance.example.com/news/1682
FDA Approves AAPL Drug Application,AAPL,2025-06-28 11:44:00,Financial Times,https://finance.example.com/news/1436
FDA Approves MSFT Drug Application,MSFT,2025-06-28 13:21:00,Financial Times,https://finance.example.com/news/172
FDA Approves TSLA Drug Application,TSLA,2025-06-28 15:59:00,MarketWatch,https://finance.example.com/news/419
Tech Sell-off Drags META Lower,META,2025-06-28 16:36:00,CNBC,https://finance.example.com/news/1231
Market Rally Lifts AAPL Higher,AAPL,2025-06-29 15:17:00,CNBC,https://finance.example.com/news/589
AMZN Beats Earnings Estimates,AMZN,2025-06-29 15:20:00,MarketWatch,https://finance.example.com/news/1218
META Announces New Product Line,META,2025-06-29 16:52:00,Zacks,https://finance.example.com/news/1114
BAC Announces New Product Line,BAC,2025-06-30 09:08:00,Zacks,https://finance.example.com/news/496
Tech Sell-off Drags PFE Lower,PFE,2025-06-30 10:40:00,Wall Street Journal,https://finance.example.com/news/214
AMZN CFO Steps Down,AMZN,2025-06-30 11:32:00,InvestorPlace,https://finance.example.com/news/1376
GOOGL Hits All-Time High on Strong Earnings,GOOGL,2025-06-30 15:21:00,CNBC,https://finance.example.com/news/340
Tech Sell-off Drags MSFT Lower,MSFT,2025-06-30 15:30:00,InvestorPlace,https://finance.example.com/news/855
Analysts Upgrade MSFT to Buy,MSFT,2025-07-01 10:47:00,MarketWatch,https://finance.example.com/news/777
GOOGL Partners with Industry Leader,GOOGL,2025-07-01 13:27:00,Wall Street Journal,https://finance.example.com/news/1452
FDA Approves AMZN Drug Application,AMZN,2025-07-01 16:42:00,Reuters,https://finance.example.com/news/1556
MSFT Expands into New Markets,MSFT,2025-07-01 17:48:00,InvestorPlace,https://finance.example.com/news/258
AAPL CFO Steps Down,AAPL,2025-07-01 17:51:00,MarketWatch,https://finance.example.com/news/839
Analysts Upgrade BAC to Buy,BAC,2025-07-02 15:24:00,InvestorPlace,https://finance.example.com/news/522
AMZN Reports Record Quarterly Revenue,AMZN,2025-07-02 19:03:00,Financial Times,https://finance.example.com/news/345
FDA Approves GOOGL Drug Application,GOOGL,2025-07-03 09:13:00,Reuters,https://finance.example.com/news/1849
Tech Sell-off Drags JPM Lower,JPM,2025-07-03 14:34:00,Zacks,https://finance.example.com/news/684
GOOGL CFO Steps Down,GOOGL,2025-07-03 14:39:00,MarketWatch,https://finance.example.com/news/816
PFE Announces New Product Line,PFE,2025-07-03 17:06:00,Financial Times,https://finance.example.com/news/1586
Analysts Upgrade WMT to Buy,WMT,2025-07-03 18:26:00,MarketWatch,https://finance.example.com/news/807
AAPL Announces Stock Buyback,AAPL,2025-07-04 07:51:00,Financial Times,https://finance.example.com/news/1927
JPM CFO Steps Down,JPM,2025-07-04 08:05:00,Reuters,https://finance.example.com/news/526
JPM Reports Record Quarterly Revenue,JPM,2025-07-04 09:43:00,Financial Times,https://finance.example.com/news/910
AMZN Beats Earnings Estimates,AMZN,2025-07-04 13:30:00,Zacks,https://finance.example.com/news/923
AAPL Reports Record Quarterly Revenue,AAPL,2025-07-04 13:40:00,Financial Times,https://finance.example.com/news/1426
META CFO Steps Down,META,2025-07-04 15:35:00,MarketWatch,https://finance.example.com/news/1006
Insider Buying at AAPL,AAPL,2025-07-04 18:12:00,MarketWatch,https://finance.example.com/news/753
META Announces Stock Buyback,META,2025-07-04 18:15:00,Reuters,https://finance.example.com/news/444
WMT Hits All-Time High on Strong Earnings,WMT,2025-07-04 18:57:00,Bloomberg,https://finance.example.com/news/548
FDA Approves META Drug Application,META,2025-07-04 19:17:00,Bloomberg,https://finance.example.com/news/527
FDA Approves AMZN Drug Application,AMZN,2025-07-05 07:17:00,Zacks,https://finance.example.com/news/1730
JPM Beats Earnings Estimates,JPM,2025-07-05 07:23:00,MarketWatch,https://finance.example.com/news/308
WMT Misses Q3 Targets,WMT,2025-07-05 08:58:00,Bloomberg,https://finance.example.com/news/450
Insider Buying at PFE,PFE,2025-07-05 16:12:00,Bloomberg,https://finance.example.com/news/9
BAC CFO Steps Down,BAC,2025-07-06 07:52:00,Wall Street Journal,https://finance.example.com/news/836
GOOGL Shares Drop After Weak Guidance,GOOGL,2025-07-06 10:21:00,Wall Street Journal,https://finance.example.com/news/1463
AAPL Announces Stock Buyback,AAPL,2025-07-06 11:13:00,InvestorPlace,https://finance.example.com/news/1342
GOOGL Partners with Industry Leader,GOOGL,2025-07-07 12:51:00,Reuters,https://finance.example.com/news/1483
BAC Reports Record Quarterly Revenue,BAC,2025-07-07 13:16:00,CNBC,https://finance.example.com/news/1028
MSFT Expands into New Markets,MSFT,2025-07-07 14:39:00,Reuters,https://finance.example.com/news/1372
META Misses Q3 Targets,META,2025-07-07 19:25:00,Financial Times,https://finance.example.com/news/397
PFE Announces New Product Line,PFE,2025-07-08 09:16:00,Bloomberg,https://finance.example.com/news/641
GOOGL Shares Drop After Weak Guidance,GOOGL,2025-07-08 09:36:00,Bloomberg,https://finance.example.com/news/1545
Market Rally Lifts MSFT Higher,MSFT,2025-07-08 09:54:00,Financial Times,https://finance.example.com/news/1943
MSFT CFO Steps Down,MSFT,2025-07-08 11:08:00,InvestorPlace,https://finance.example.com/news/613
META Shares Drop After Weak Guidance,META,2025-07-08 13:56:00,InvestorPlace,https://finance.example.com/news/346
MSFT Announces Stock Buyback,MSFT,2025-07-08 15:57:00,Financial Times,https://finance.example.com/news/234
Tech Sell-off Drags JPM Lower,JPM,2025-07-08 16:11:00,InvestorPlace,https://finance.example.com/news/1589
Market Rally Lifts BAC Higher,BAC,2025-07-08 19:43:00,Bloomberg,https://finance.example.com/news/1379
WMT Expands into New Markets,WMT,2025-07-09 07:44:00,InvestorPlace,https://finance.example.com/news/946
Analysts Upgrade META to Buy,META,2025-07-09 08:38:00,Reuters,https://finance.example.com/news/963
BAC Reports Record Quarterly Revenue,BAC,2025-07-09 09:13:00,Reuters,https://finance.example.com/news/1394
JPM Announces Stock Buyback,JPM,2025-07-09 09:57:00,Reuters,https://finance.example.com/news/1558
TSLA Announces New Product Line,TSLA,2025-07-09 12:13:00,MarketWatch,https://finance.example.com/news/12
GOOGL Misses Q3 Targets,GOOGL,2025-07-09 15:10:00,Zacks,https://finance.example.com/news/1329
JPM Announces New Product Line,JPM,2025-07-09 15:35:00,Bloomberg,https://finance.example.com/news/387
MSFT Shares Drop After Weak Guidance,MSFT,2025-07-09 16:18:00,Reuters,https://finance.example.com/news/1677
WMT Hits All-Time High on Strong Earnings,WMT,2025-07-09 16:35:00,CNBC,https://finance.example.com/news/70
Analysts Upgrade AAPL to Buy,AAPL,2025-07-10 14:38:00,Zacks,https://finance.example.com/news/755
BAC CFO Steps Down,BAC,2025-07-10 14:48:00,Bloomberg,https://finance.example.com/news/358
AMZN Misses Q3 Targets,AMZN,2025-07-10 16:42:00,CNBC,https://finance.example.com/news/1992
META Shares Drop After Weak Guidance,META,2025-07-10 17:57:00,CNBC,https://finance.example.com/news/606
MSFT Reports Record Quarterly Revenue,MSFT,2025-07-10 18:48:00,InvestorPlace,https://finance.example.com/news/1644
WMT Partners with Industry Leader,WMT,2025-07-11 07:32:00,CNBC,https://finance.example.com/news/749
GOOGL Announces New Product Line,GOOGL,2025-07-11 09:45:00,CNBC,https://finance.example.com/news/1909
AMZN Announces Stock Buyback,AMZN,2025-07-11 09:48:00,Bloomberg,https://finance.example.com/news/1116
PFE Announces New Product Line,PFE,2025-07-11 11:35:00,Bloomberg,https://finance.example.com/news/1795
AAPL Announces New Product Line,AAPL,2025-07-11 14:18:00,Wall Street Journal,https://finance.example.com/news/1870
WMT Partners with Industry Leader,WMT,2025-07-11 15:51:00,Zacks,https://finance.example.com/news/882
WMT Beats Earnings Estimates,WMT,2025-07-11 18:06:00,Reuters,https://finance.example.com/news/840
BAC Beats Earnings Estimates,BAC,2025-07-11 18:07:00,Financial Times,https://finance.example.com/news/1522
Tech Sell-off Drags PFE Lower,PFE,2025-07-12 08:00:00,InvestorPlace,https://finance.example.com/news/1413
TSLA Announces New Product Line,TSLA,2025-07-12 09:46:00,Bloomberg,https://finance.example.com/news/714
WMT Reports Record Quarterly Revenue,WMT,2025-07-12 10:33:00,InvestorPlace,https://finance.example.com/news/927
BAC Beats Earnings Estimates,BAC,2025-07-12 12:11:00,Zacks,https://finance.example.com/news/415
Insider Buying at JPM,JPM,2025-07-12 12:29:00,MarketWatch,https://finance.example.com/news/763
PFE Announces Stock Buyback,PFE,2025-07-12 13:45:00,Wall Street Journal,https://finance.example.com/news/125
TSLA Partners with Industry Leader,TSLA,2025-07-12 16:22:00,InvestorPlace,https://finance.example.com/news/1725
WMT Hits All-Time High on Strong Earnings,WMT,2025-07-12 17:13:00,Financial Times,https://finance.example.com/news/952
PFE Announces New Product Line,PFE,2025-07-12 17:48:00,CNBC,https://finance.example.com/news/1293
Analysts Upgrade JPM to Buy,JPM,2025-07-13 08:50:00,Bloomberg,https://finance.example.com/news/1998
FDA Approves JPM Drug Application,JPM,2025-07-13 12:34:00,InvestorPlace,https://finance.example.com/news/710
Tech Sell-off Drags TSLA Lower,TSLA,2025-07-13 14:53:00,CNBC,https://finance.example.com/news/1684
JPM Expands into New Markets,JPM,2025-07-13 15:30:00,Reuters,https://finance.example.com/news/510
Insider Buying at JPM,JPM,2025-07-13 16:14:00,Reuters,https://finance.example.com/news/1541
AAPL Reports Record Quarterly Revenue,AAPL,2025-07-13 17:38:00,Reuters,https://finance.example.com/news/482
Tech Sell-off Drags AAPL Lower,AAPL,2025-07-13 19:12:00,Wall Street Journal,https://finance.example.com/news/1852
JPM Beats Earnings Estimates,JPM,2025-07-14 07:49:00,CNBC,https://finance.example.com/news/1166
FDA Approves GOOGL Drug Application,GOOGL,2025-07-14 11:59:00,Wall Street Journal,https://finance.example.com/news/14
Tech Sell-off Drags PFE Lower,PFE,2025-07-14 12:31:00,Reuters,https://finance.example.com/news/1241
Market Rally Lifts AAPL Higher,AAPL,2025-07-14 18:20:00,InvestorPlace,https://finance.example.com/news/1152
META Announces New Product Line,META,2025-07-14 18:50:00,CNBC,https://finance.example.com/news/525
Market Rally Lifts GOOGL Higher,GOOGL,2025-07-14 19:22:00,Reuters,https://finance.example.com/news/821
AMZN Announces New Product Line,AMZN,2025-07-15 11:35:00,Zacks,https://finance.example.com/news/1415
GOOGL CFO Steps Down,GOOGL,2025-07-15 12:11:00,Zacks,https://finance.example.com/news/725
META Partners with Industry Leader,META,2025-07-15 13:06:00,InvestorPlace,https://finance.example.com/news/1752
Insider Buying at AAPL,AAPL,2025-07-15 13:26:00,Financial Times,https://finance.example.com/news/863
Insider Buying at TSLA,TSLA,2025-07-15 14:55:00,InvestorPlace,https://finance.example.com/news/460
PFE Partners with Industry Leader,PFE,2025-07-15 15:20:00,CNBC,https://finance.example.com/news/1876
Tech Sell-off Drags META Lower,META,2025-07-15 15:33:00,InvestorPlace,https://finance.example.com/news/318
GOOGL Shares Drop After Weak Guidance,GOOGL,2025-07-15 15:43:00,Wall Street Journal,https://finance.example.com/news/1134
Analysts Upgrade MSFT to Buy,MSFT,2025-07-15 16:22:00,MarketWatch,https://finance.example.com/news/210
BAC Hits All-Time High on Strong Earnings,BAC,2025-07-15 17:27:00,CNBC,https://finance.example.com/news/678
TSLA Expands into New Markets,TSLA,2025-07-15 17:41:00,InvestorPlace,https://finance.example.com/news/1940
FDA Approves JPM Drug Application,JPM,2025-07-16 07:02:00,Wall Street Journal,https://finance.example.com/news/788
Analysts Upgrade MSFT to Buy,MSFT,2025-07-16 08:46:00,Bloomberg,https://finance.example.com/news/612
MSFT Reports Record Quarterly Revenue,MSFT,2025-07-16 09:26:00,Wall Street Journal,https://finance.example.com/news/682
AAPL Reports Record Quarterly Revenue,AAPL,2025-07-16 10:28:00,MarketWatch,https://finance.example.com/news/442
WMT Announces New Product Line,WMT,2025-07-16 10:58:00,CNBC,https://finance.example.com/news/185
PFE Misses Q3 Targets,PFE,2025-07-16 12:27:00,Financial Times,https://finance.example.com/news/618
Insider Buying at WMT,WMT,2025-07-16 13:38:00,Wall Street Journal,https://finance.example.com/news/849
JPM Reports Record Quarterly Revenue,JPM,2025-07-16 17:31:00,Zacks,https://finance.example.com/news/741
Analysts Upgrade GOOGL to Buy,GOOGL,2025-07-16 18:09:00,Wall Street Journal,https://finance.example.com/news/106
AMZN Misses Q3 Targets,AMZN,2025-07-16 18:27:00,MarketWatch,https://finance.example.com/news/1554
WMT CFO Steps Down,WMT,2025-07-16 19:47:00,CNBC,https://finance.example.com/news/518
META Hits All-Time High on Strong Earnings,META,2025-07-17 07:10:00,Wall Street Journal,https://finance.example.com/news/758
Insider Buying at BAC,BAC,2025-07-17 12:11:00,Zacks,https://finance.example.com/news/347
PFE Shares Drop After Weak Guidance,PFE,2025-07-17 13:38:00,Zacks,https://finance.example.com/news/22
AAPL Announces Stock Buyback,AAPL,2025-07-17 13:47:00,Wall Street Journal,https://finance.example.com/news/1897
AAPL Expands into New Markets,AAPL,2025-07-18 12:03:00,MarketWatch,https://finance.example.com/news/1297
Market Rally Lifts AMZN Higher,AMZN,2025-07-18 12:59:00,CNBC,https://finance.example.com/news/690
GOOGL Beats Earnings Estimates,GOOGL,2025-07-18 13:38:00,CNBC,https://finance.example.com/news/572
TSLA Announces New Product Line,TSLA,2025-07-18 14:30:00,CNBC,https://finance.example.com/news/1147
META Expands into New Markets,META,2025-07-18 14:40:00,InvestorPlace,https://finance.example.com/news/890
BAC Beats Earnings Estimates,BAC,2025-07-18 15:07:00,MarketWatch,https://finance.example.com/news/361
GOOGL Beats Earnings Estimates,GOOGL,2025-07-18 19:56:00,Financial Times,https://finance.example.com/news/1789
Market Rally Lifts PFE Higher,PFE,2025-07-19 09:38:00,Bloomberg,https://finance.example.com/news/1203
TSLA Hits All-Time High on Strong Earnings,TSLA,2025-07-19 10:29:00,Wall Street Journal,https://finance.example.com/news/1860
MSFT Announces Stock Buyback,MSFT,2025-07-19 11:14:00,Wall Street Journal,https://finance.example.com/news/1021
Analysts Upgrade JPM to Buy,JPM,2025-07-20 08:34:00,InvestorPlace,https://finance.example.com/news/1818
GOOGL CFO Steps Down,GOOGL,2025-07-20 10:57:00,MarketWatch,https://finance.example.com/news/917
BAC CFO Steps Down,BAC,2025-07-20 14:49:00,CNBC,https://finance.example.com/news/553
Tech Sell-off Drags META Lower,META,2025-07-21 09:08:00,Financial Times,https://finance.example.com/news/1106
MSFT Beats Earnings Estimates,MSFT,2025-07-21 10:31:00,Financial Times,https://finance.example.com/news/1405
GOOGL Shares Drop After Weak Guidance,GOOGL,2025-07-21 12:50:00,Financial Times,https://finance.example.com/news/401
JPM Beats Earnings Estimates,JPM,2025-07-21 14:51:00,Bloomberg,https://finance.example.com/news/1361
WMT CFO Steps Down,WMT,2025-07-21 17:49:00,CNBC,https://finance.example.com/news/992
PFE Shares Drop After Weak Guidance,PFE,2025-07-21 18:02:00,Wall Street Journal,https://finance.example.com/news/1836
JPM Hits All-Time High on Strong Earnings,JPM,2025-07-21 19:02:00,CNBC,https://finance.example.com/news/1650
WMT Shares Drop After Weak Guidance,WMT,2025-07-22 11:47:00,Financial Times,https://finance.example.com/news/284
Analysts Upgrade JPM to Buy,JPM,2025-07-22 12:34:00,Reuters,https://finance.example.com/news/1687
TSLA Announces Stock Buyback,TSLA,2025-07-22 13:37:00,Wall Street Journal,https://finance.example.com/news/970
MSFT Announces New Product Line,MSFT,2025-07-22 13:44:00,Bloomberg,https://finance.example.com/news/1462
PFE Shares Drop After Weak Guidance,PFE,2025-07-22 19:15:00,Reuters,https://finance.example.com/news/1055
FDA Approves BAC Drug Application,BAC,2025-07-23 07:46:00,Reuters,https://finance.example.com/news/1090
AMZN Announces New Product Line,AMZN,2025-07-23 08:06:00,Bloomberg,https://finance.example.com/news/1018
Tech Sell-off Drags META Lower,META,2025-07-23 08:23:00,InvestorPlace,https://finance.example.com/news/507
WMT Reports Record Quarterly Revenue,WMT,2025-07-23 10:48:00,CNBC,https://finance.example.com/news/990
TSLA Announces New Product Line,TSLA,2025-07-23 12:18:00,Zacks,https://finance.example.com/news/540
MSFT Reports Record Quarterly Revenue,MSFT,2025-07-23 18:46:00,Zacks,https://finance.example.com/news/370
FDA Approves JPM Drug Application,JPM,2025-07-24 10:09:00,Reuters,https://finance.example.com/news/97
JPM CFO Steps Down,JPM,2025-07-24 10:25:00,Reuters,https://finance.example.com/news/1842
TSLA Announces Stock Buyback,TSLA,2025-07-24 13:39:00,Reuters,https://finance.example.com/news/1921
FDA Approves AAPL Drug Application,AAPL,2025-07-24 14:32:00,Zacks,https://finance.example.com/news/1618
META Shares Drop After Weak Guidance,META,2025-07-24 15:27:00,CNBC,https://finance.example.com/news/1108
Analysts Upgrade BAC to Buy,BAC,2025-07-25 07:10:00,InvestorPlace,https://finance.example.com/news/48
JPM Misses Q3 Targets,JPM,2025-07-25 08:40:00,CNBC,https://finance.example.com/news/629
TSLA Partners with Industry Leader,TSLA,2025-07-25 11:28:00,CNBC,https://finance.example.com/news/998
AMZN Expands into New Markets,AMZN,2025-07-25 11:39:00,Zacks,https://finance.example.com/news/1500
FDA Approves WMT Drug Application,WMT,2025-07-25 16:26:00,Wall Street Journal,https://finance.example.com/news/1234
Insider Buying at JPM,JPM,2025-07-25 16:41:00,MarketWatch,https://finance.example.com/news/964
META Hits All-Time High on Strong Earnings,META,2025-07-25 16:53:00,Wall Street Journal,https://finance.example.com/news/1401
Market Rally Lifts META Higher,META,2025-07-25 17:58:00,Reuters,https://finance.example.com/news/1792
META Announces Stock Buyback,META,2025-07-25 19:35:00,Reuters,https://finance.example.com/news/174
PFE Partners with Industry Leader,PFE,2025-07-26 08:14:00,InvestorPlace,https://finance.example.com/news/1464
PFE Beats Earnings Estimates,PFE,2025-07-26 09:54:00,MarketWatch,https://finance.example.com/news/1247
MSFT Hits All-Time High on Strong Earnings,MSFT,2025-07-26 18:21:00,Bloomberg,https://finance.example.com/news/43
BAC Expands into New Markets,BAC,2025-07-26 18:49:00,Bloomberg,https://finance.example.com/news/1306
Analysts Upgrade PFE to Buy,PFE,2025-07-27 10:07:00,CNBC,https://finance.example.com/news/1508
WMT Shares Drop After Weak Guidance,WMT,2025-07-27 18:50:00,Bloomberg,https://finance.example.com/news/1232
Market Rally Lifts PFE Higher,PFE,2025-07-27 19:37:00,Wall Street Journal,https://finance.example.com/news/915
Analysts Upgrade WMT to Buy,WMT,2025-07-28 08:48:00,Financial Times,https://finance.example.com/news/1453
Market Rally Lifts BAC Higher,BAC,2025-07-28 11:02:00,Financial Times,https://finance.example.com/news/232
TSLA Expands into New Markets,TSLA,2025-07-28 11:07:00,Zacks,https://finance.example.com/news/1738
AMZN Beats Earnings Estimates,AMZN,2025-07-28 11:54:00,InvestorPlace,https://finance.example.com/news/1458
MSFT Expands into New Markets,MSFT,2025-07-28 12:34:00,Zacks,https://finance.example.com/news/107
BAC Hits All-Time High on Strong Earnings,BAC,2025-07-28 17:14:00,Reuters,https://finance.example.com/news/1706
FDA Approves META Drug Application,META,2025-07-29 11:55:00,Reuters,https://finance.example.com/news/1521
WMT Expands into New Markets,WMT,2025-07-29 16:04:00,CNBC,https://finance.example.com/news/371
JPM Announces New Product Line,JPM,2025-07-29 19:09:00,Reuters,https://finance.example.com/news/1550
TSLA Hits All-Time High on Strong Earnings,TSLA,2025-07-30 08:22:00,Wall Street Journal,https://finance.example.com/news/1007
BAC Hits All-Time High on Strong Earnings,BAC,2025-07-30 12:43:00,Wall Street Journal,https://finance.example.com/news/314
TSLA Expands into New Markets,TSLA,2025-07-30 14:55:00,Reuters,https://finance.example.com/news/42
FDA Approves META Drug Application,META,2025-07-30 15:30:00,Reuters,https://finance.example.com/news/681
Analysts Upgrade GOOGL to Buy,GOOGL,2025-07-30 16:09:00,CNBC,https://finance.example.com/news/939
Insider Buying at GOOGL,GOOGL,2025-07-30 16:43:00,Zacks,https://finance.example.com/news/616
PFE Announces Stock Buyback,PFE,2025-07-30 19:20:00,Zacks,https://finance.example.com/news/1538
WMT Reports Record Quarterly Revenue,WMT,2025-07-31 07:55:00,CNBC,https://finance.example.com/news/781
AMZN Misses Q3 Targets,AMZN,2025-07-31 10:24:00,Wall Street Journal,https://finance.example.com/news/1348
TSLA Announces New Product Line,TSLA,2025-07-31 12:16:00,InvestorPlace,https://finance.example.com/news/1702
AAPL Shares Drop After Weak Guidance,AAPL,2025-07-31 12:45:00,Zacks,https://finance.example.com/news/427
FDA Approves BAC Drug Application,BAC,2025-07-31 12:45:00,InvestorPlace,https://finance.example.com/news/1531
TSLA Beats Earnings Estimates,TSLA,2025-07-31 15:13:00,Wall Street Journal,https://finance.example.com/news/1183
Tech Sell-off Drags MSFT Lower,MSFT,2025-08-01 07:59:00,Bloomberg,https://finance.example.com/news/844
FDA Approves PFE Drug Application,PFE,2025-08-01 11:13:00,Bloomberg,https://finance.example.com/news/272
MSFT Reports Record Quarterly Revenue,MSFT,2025-08-01 12:59:00,MarketWatch,https://finance.example.com/news/186
BAC Expands into New Markets,BAC,2025-08-01 13:47:00,Financial Times,https://finance.example.com/news/1892
GOOGL Hits All-Time High on Strong Earnings,GOOGL,2025-08-01 15:06:00,Financial Times,https://finance.example.com/news/1856
AAPL Beats Earnings Estimates,AAPL,2025-08-01 17:52:00,MarketWatch,https://finance.example.com/news/1873
Market Rally Lifts AMZN Higher,AMZN,2025-08-02 09:42:00,Bloomberg,https://finance.example.com/news/335
GOOGL Shares Drop After Weak Guidance,GOOGL,2025-08-02 16:30:00,Zacks,https://finance.example.com/news/820
META Misses Q3 Targets,META,2025-08-02 16:41:00,Bloomberg,https://finance.example.com/news/747
JPM Beats Earnings Estimates,JPM,2025-08-02 17:18:00,InvestorPlace,https://finance.example.com/news/1908
PFE Reports Record Quarterly Revenue,PFE,2025-08-03 12:10:00,Bloomberg,https://finance.example.com/news/1769
JPM Partners with Industry Leader,JPM,2025-08-03 15:47:00,Wall Street Journal,https://finance.example.com/news/110
PFE Shares Drop After Weak Guidance,PFE,2025-08-03 17:37:00,Financial Times,https://finance.example.com/news/55
JPM Reports Record Quarterly Revenue,JPM,2025-08-04 11:53:00,Bloomberg,https://finance.example.com/news/117
BAC CFO Steps Down,BAC,2025-08-04 14:47:00,Reuters,https://finance.example.com/news/1384
AAPL Reports Record Quarterly Revenue,AAPL,2025-08-04 15:28:00,Financial Times,https://finance.example.com/news/1740
AMZN Misses Q3 Targets,AMZN,2025-08-05 08:58:00,Wall Street Journal,https://finance.example.com/news/1742
PFE Expands into New Markets,PFE,2025-08-05 09:31:00,CNBC,https://finance.example.com/news/573
GOOGL Misses Q3 Targets,GOOGL,2025-08-05 12:17:00,CNBC,https://finance.example.com/news/5
AAPL Beats Earnings Estimates,AAPL,2025-08-05 14:34:00,Reuters,https://finance.example.com/news/991
META Misses Q3 Targets,META,2025-08-05 15:07:00,Reuters,https://finance.example.com/news/1661
MSFT Partners with Industry Leader,MSFT,2025-08-05 18:08:00,Zacks,https://finance.example.com/news/611
WMT Reports Record Quarterly Revenue,WMT,2025-08-05 19:00:00,Bloomberg,https://finance.example.com/news/856
GOOGL Misses Q3 Targets,GOOGL,2025-08-05 19:24:00,Bloomberg,https://finance.example.com/news/546
Analysts Upgrade WMT to Buy,WMT,2025-08-06 08:47:00,Wall Street Journal,https://finance.example.com/news/584
Tech Sell-off Drags MSFT Lower,MSFT,2025-08-06 10:11:00,Zacks,https://finance.example.com/news/98
FDA Approves GOOGL Drug Application,GOOGL,2025-08-06 10:26:00,Financial Times,https://finance.example.com/news/997
JPM Announces New Product Line,JPM,2025-08-07 11:44:00,MarketWatch,https://finance.example.com/news/1903
JPM Announces New Product Line,JPM,2025-08-07 12:24:00,Financial Times,https://finance.example.com/news/1407
Tech Sell-off Drags MSFT Lower,MSFT,2025-08-07 15:04:00,MarketWatch,https://finance.example.com/news/1181
GOOGL Reports Record Quarterly Revenue,GOOGL,2025-08-08 07:39:00,Financial Times,https://finance.example.com/news/334
WMT Expands into New Markets,WMT,2025-08-08 08:14:00,Wall Street Journal,https://finance.example.com/news/1858
AMZN Announces New Product Line,AMZN,2025-08-08 13:58:00,InvestorPlace,https://finance.example.com/news/1646
Analysts Upgrade META to Buy,META,2025-08-08 19:15:00,Bloomberg,https://finance.example.com/news/1869
Tech Sell-off Drags TSLA Lower,TSLA,2025-08-09 08:00:00,Bloomberg,https://finance.example.com/news/551
FDA Approves AAPL Drug Application,AAPL,2025-08-09 09:08:00,InvestorPlace,https://finance.example.com/news/277
GOOGL Beats Earnings Estimates,GOOGL,2025-08-09 10:39:00,Bloomberg,https://finance.example.com/news/1300
JPM Shares Drop After Weak Guidance,JPM,2025-08-09 16:52:00,CNBC,https://finance.example.com/news/349
WMT Reports Record Quarterly Revenue,WMT,2025-08-10 10:39:00,Financial Times,https://finance.example.com/news/1717
PFE Misses Q3 Targets,PFE,2025-08-10 14:24:00,CNBC,https://finance.example.com/news/1835
PFE Hits All-Time High on Strong Earnings,PFE,2025-08-10 18:20:00,MarketWatch,https://finance.example.com/news/167
Tech Sell-off Drags BAC Lower,BAC,2025-08-10 18:51:00,MarketWatch,https://finance.example.com/news/1585
FDA Approves AAPL Drug Application,AAPL,2025-08-10 19:01:00,Financial Times,https://finance.example.com/news/1744
MSFT Reports Record Quarterly Revenue,MSFT,2025-08-11 09:29:00,Reuters,https://finance.example.com/news/25
MSFT Announces New Product Line,MSFT,2025-08-11 11:26:00,MarketWatch,https://finance.example.com/news/534
Market Rally Lifts TSLA Higher,TSLA,2025-08-11 11:40:00,Reuters,https://finance.example.com/news/353
JPM Expands into New Markets,JPM,2025-08-11 15:13:00,CNBC,https://finance.example.com/news/1251
Market Rally Lifts GOOGL Higher,GOOGL,2025-08-11 17:27:00,InvestorPlace,https://finance.example.com/news/787
BAC Misses Q3 Targets,BAC,2025-08-12 07:10:00,MarketWatch,https://finance.example.com/news/1622
WMT CFO Steps Down,WMT,2025-08-12 09:20:00,Zacks,https://finance.example.com/news/1564
Tech Sell-off Drags AMZN Lower,AMZN,2025-08-12 11:49:00,Financial Times,https://finance.example.com/news/1895
Market Rally Lifts GOOGL Higher,GOOGL,2025-08-12 17:52:00,Zacks,https://finance.example.com/news/171
META Misses Q3 Targets,META,2025-08-12 18:54:00,Wall Street Journal,https://finance.example.com/news/632
GOOGL Announces New Product Line,GOOGL,2025-08-12 19:40:00,Zacks,https://finance.example.com/news/700
Tech Sell-off Drags META Lower,META,2025-08-13 13:25:00,Reuters,https://finance.example.com/news/895
BAC Misses Q3 Targets,BAC,2025-08-13 15:18:00,Zacks,https://finance.example.com/news/1063
META Announces New Product Line,META,2025-08-13 18:00:00,Wall Street Journal,https://finance.example.com/news/1042
AAPL Expands into New Markets,AAPL,2025-08-13 18:26:00,CNBC,https://finance.example.com/news/709
BAC Shares Drop After Weak Guidance,BAC,2025-08-13 18:44:00,Zacks,https://finance.example.com/news/557
PFE Announces New Product Line,PFE,2025-08-14 07:59:00,Wall Street Journal,https://finance.example.com/news/1115
META Announces New Product Line,META,2025-08-14 08:31:00,Wall Street Journal,https://finance.example.com/news/1298
AMZN Hits All-Time High on Strong Earnings,AMZN,2025-08-14 12:26:00,CNBC,https://finance.example.com/news/412
AMZN Reports Record Quarterly Revenue,AMZN,2025-08-14 13:56:00,MarketWatch,https://finance.example.com/news/1157
AAPL Reports Record Quarterly Revenue,AAPL,2025-08-14 14:16:00,Wall Street Journal,https://finance.example.com/news/726
Insider Buying at AAPL,AAPL,2025-08-15 07:19:00,InvestorPlace,https://finance.example.com/news/1750
BAC Expands into New Markets,BAC,2025-08-15 08:38:00,Reuters,https://finance.example.com/news/1173
Tech Sell-off Drags JPM Lower,JPM,2025-08-15 10:47:00,Reuters,https://finance.example.com/news/1048
PFE Partners with Industry Leader,PFE,2025-08-15 10:58:00,Financial Times,https://finance.example.com/news/865
Tech Sell-off Drags JPM Lower,JPM,2025-08-15 11:10:00,InvestorPlace,https://finance.example.com/news/1410
Insider Buying at BAC,BAC,2025-08-15 11:55:00,InvestorPlace,https://finance.example.com/news/155
PFE Misses Q3 Targets,PFE,2025-08-15 12:44:00,Bloomberg,https://finance.example.com/news/1399
META Announces New Product Line,META,2025-08-15 15:45:00,InvestorPlace,https://finance.example.com/news/68
GOOGL Partners with Industry Leader,GOOGL,2025-08-15 16:33:00,Financial Times,https://finance.example.com/news/1437
FDA Approves BAC Drug Application,BAC,2025-08-15 17:13:00,Zacks,https://finance.example.com/news/92
MSFT Reports Record Quarterly Revenue,MSFT,2025-08-15 17:27:00,Zacks,https://finance.example.com/news/271
Analysts Upgrade WMT to Buy,WMT,2025-08-15 18:03:00,Bloomberg,https://finance.example.com/news/1850
WMT Announces Stock Buyback,WMT,2025-08-16 07:00:00,Financial Times,https://finance.example.com/news/610
BAC Announces New Product Line,BAC,2025-08-16 08:51:00,Financial Times,https://finance.example.com/news/364
BAC Misses Q3 Targets,BAC,2025-08-16 08:57:00,Bloomberg,https://finance.example.com/news/248
FDA Approves AMZN Drug Application,AMZN,2025-08-16 10:54:00,Financial Times,https://finance.example.com/news/233
GOOGL Misses Q3 Targets,GOOGL,2025-08-16 12:28:00,Reuters,https://finance.example.com/news/352
JPM Misses Q3 Targets,JPM,2025-08-16 14:10:00,Bloomberg,https://finance.example.com/news/578
Insider Buying at META,META,2025-08-16 19:55:00,Financial Times,https://finance.example.com/news/1015
Analysts Upgrade BAC to Buy,BAC,2025-08-17 08:23:00,InvestorPlace,https://finance.example.com/news/1670
Insider Buying at GOOGL,GOOGL,2025-08-17 08:30:00,Wall Street Journal,https://finance.example.com/news/1933
AAPL Announces New Product Line,AAPL,2025-08-17 08:52:00,InvestorPlace,https://finance.example.com/news/1830
WMT Announces New Product Line,WMT,2025-08-17 09:11:00,CNBC,https://finance.example.com/news/920
META Misses Q3 Targets,META,2025-08-17 10:39:00,MarketWatch,https://finance.example.com/news/362
META Misses Q3 Targets,META,2025-08-17 11:40:00,CNBC,https://finance.example.com/news/1169
FDA Approves BAC Drug Application,BAC,2025-08-17 12:49:00,MarketWatch,https://finance.example.com/news/911
META Reports Record Quarterly Revenue,META,2025-08-17 16:45:00,InvestorPlace,https://finance.example.com/news/351
AAPL Beats Earnings Estimates,AAPL,2025-08-17 19:20:00,Bloomberg,https://finance.example.com/news/1978
Tech Sell-off Drags MSFT Lower,MSFT,2025-08-18 09:10:00,Wall Street Journal,https://finance.example.com/news/733
AAPL Reports Record Quarterly Revenue,AAPL,2025-08-18 13:43:00,Financial Times,https://finance.example.com/news/1282
PFE CFO Steps Down,PFE,2025-08-18 15:08:00,Wall Street Journal,https://finance.example.com/news/1136
Analysts Upgrade MSFT to Buy,MSFT,2025-08-18 16:30:00,Zacks,https://finance.example.com/news/938
WMT Partners with Industry Leader,WMT,2025-08-19 07:02:00,Financial Times,https://finance.example.com/news/1317
MSFT Reports Record Quarterly Revenue,MSFT,2025-08-19 10:48:00,Zacks,https://finance.example.com/news/134
WMT Announces New Product Line,WMT,2025-08-19 11:52:00,MarketWatch,https://finance.example.com/news/1066
FDA Approves TSLA Drug Application,TSLA,2025-08-19 12:39:00,MarketWatch,https://finance.example.com/news/907
PFE Beats Earnings Estimates,PFE,2025-08-19 13:10:00,CNBC,https://finance.example.com/news/1016
TSLA Partners with Industry Leader,TSLA,2025-08-19 16:03:00,Financial Times,https://finance.example.com/news/575
AAPL Expands into New Markets,AAPL,2025-08-19 18:38:00,Zacks,https://finance.example.com/news/159
FDA Approves META Drug Application,META,2025-08-20 07:03:00,Financial Times,https://finance.example.com/news/293
TSLA Misses Q3 Targets,TSLA,2025-08-20 08:06:00,Wall Street Journal,https://finance.example.com/news/838
JPM Expands into New Markets,JPM,2025-08-20 08:40:00,Bloomberg,https://finance.example.com/news/595
WMT Shares Drop After Weak Guidance,WMT,2025-08-20 14:52:00,Reuters,https://finance.example.com/news/1154
Insider Buying at WMT,WMT,2025-08-21 07:27:00,Reuters,https://finance.example.com/news/1737
WMT CFO Steps Down,WMT,2025-08-21 07:49:00,InvestorPlace,https://finance.example.com/news/1067
TSLA Misses Q3 Targets,TSLA,2025-08-21 11:19:00,MarketWatch,https://finance.example.com/news/143
MSFT Announces Stock Buyback,MSFT,2025-08-21 11:49:00,InvestorPlace,https://finance.example.com/news/1295
JPM Expands into New Markets,JPM,2025-08-21 12:10:00,Financial Times,https://finance.example.com/news/268
PFE Announces New Product Line,PFE,2025-08-21 15:27:00,Zacks,https://finance.example.com/news/1257
Market Rally Lifts TSLA Higher,TSLA,2025-08-21 19:42:00,Zacks,https://finance.example.com/news/1601
BAC Beats Earnings Estimates,BAC,2025-08-22 09:38:00,CNBC,https://finance.example.com/news/404
BAC Shares Drop After Weak Guidance,BAC,2025-08-22 11:43:00,Zacks,https://finance.example.com/news/1226
META Announces Stock Buyback,META,2025-08-22 12:44:00,MarketWatch,https://finance.example.com/news/1833
MSFT Announces Stock Buyback,MSFT,2025-08-22 16:28:00,MarketWatch,https://finance.example.com/news/1039
MSFT Misses Q3 Targets,MSFT,2025-08-23 07:18:00,Wall Street Journal,https://finance.example.com/news/342
Insider Buying at AMZN,AMZN,2025-08-23 08:05:00,InvestorPlace,https://finance.example.com/news/1380
BAC Misses Q3 Targets,BAC,2025-08-23 09:45:00,Bloomberg,https://finance.example.com/news/1674
TSLA Partners with Industry Leader,TSLA,2025-08-23 10:27:00,InvestorPlace,https://finance.example.com/news/1151
FDA Approves WMT Drug Application,WMT,2025-08-23 14:07:00,CNBC,https://finance.example.com/news/1569
Tech Sell-off Drags TSLA Lower,TSLA,2025-08-23 17:29:00,Reuters,https://finance.example.com/news/978
TSLA Announces New Product Line,TSLA,2025-08-23 18:12:00,Financial Times,https://finance.example.com/news/1351
Tech Sell-off Drags BAC Lower,BAC,2025-08-23 19:07:00,Bloomberg,https://finance.example.com/news/1637
Analysts Upgrade JPM to Buy,JPM,2025-08-23 19:12:00,Financial Times,https://finance.example.com/news/843
FDA Approves JPM Drug Application,JPM,2025-08-24 07:02:00,CNBC,https://finance.example.com/news/1476
MSFT Hits All-Time High on Strong Earnings,MSFT,2025-08-24 12:09:00,CNBC,https://finance.example.com/news/1094
Analysts Upgrade AMZN to Buy,AMZN,2025-08-24 12:09:00,MarketWatch,https://finance.example.com/news/465
JPM Announces New Product Line,JPM,2025-08-25 09:03:00,MarketWatch,https://finance.example.com/news/115
WMT Expands into New Markets,WMT,2025-08-25 10:51:00,InvestorPlace,https://finance.example.com/news/561
WMT Hits All-Time High on Strong Earnings,WMT,2025-08-25 18:13:00,Zacks,https://finance.example.com/news/543
BAC Beats Earnings Estimates,BAC,2025-08-26 09:20:00,Financial Times,https://finance.example.com/news/1790
MSFT Reports Record Quarterly Revenue,MSFT,2025-08-26 09:30:00,InvestorPlace,https://finance.example.com/news/1612
WMT Misses Q3 Targets,WMT,2025-08-26 10:01:00,Reuters,https://finance.example.com/news/1417
META Expands into New Markets,META,2025-08-26 11:29:00,MarketWatch,https://finance.example.com/news/1888
BAC Reports Record Quarterly Revenue,BAC,2025-08-26 11:54:00,Bloomberg,https://finance.example.com/news/666
TSLA Announces Stock Buyback,TSLA,2025-08-26 14:29:00,Bloomberg,https://finance.example.com/news/1844
TSLA Partners with Industry Leader,TSLA,2025-08-26 15:25:00,Bloomberg,https://finance.example.com/news/754
AAPL CFO Steps Down,AAPL,2025-08-26 15:26:00,Bloomberg,https://finance.example.com/news/1705
Tech Sell-off Drags MSFT Lower,MSFT,2025-08-26 17:24:00,MarketWatch,https://finance.example.com/news/1968
MSFT Announces Stock Buyback,MSFT,2025-08-26 18:19:00,InvestorPlace,https://finance.example.com/news/227
TSLA Announces Stock Buyback,TSLA,2025-08-26 18:40:00,Reuters,https://finance.example.com/news/1367
BAC Expands into New Markets,BAC,2025-08-26 19:27:00,Bloomberg,https://finance.example.com/news/1754
Analysts Upgrade TSLA to Buy,TSLA,2025-08-27 08:17:00,Zacks,https://finance.example.com/news/388
Insider Buying at AAPL,AAPL,2025-08-27 11:43:00,CNBC,https://finance.example.com/news/207
WMT Shares Drop After Weak Guidance,WMT,2025-08-27 16:08:00,Bloomberg,https://finance.example.com/news/1225
Insider Buying at TSLA,TSLA,2025-08-28 09:05:00,Financial Times,https://finance.example.com/news/1560
GOOGL Partners with Industry Leader,GOOGL,2025-08-28 09:39:00,Reuters,https://finance.example.com/news/113
FDA Approves JPM Drug Application,JPM,2025-08-28 13:26:00,Financial Times,https://finance.example.com/news/1798
BAC Beats Earnings Estimates,BAC,2025-08-28 14:56:00,MarketWatch,https://finance.example.com/news/392
BAC Shares Drop After Weak Guidance,BAC,2025-08-28 18:19:00,InvestorPlace,https://finance.example.com/news/165
JPM Partners with Industry Leader,JPM,2025-08-29 07:40:00,InvestorPlace,https://finance.example.com/news/337
MSFT Beats Earnings Estimates,MSFT,2025-08-29 09:12:00,MarketWatch,https://finance.example.com/news/1046
GOOGL Misses Q3 Targets,GOOGL,2025-08-29 10:09:00,Wall Street Journal,https://finance.example.com/news/1890
GOOGL Beats Earnings Estimates,GOOGL,2025-08-29 14:55:00,CNBC,https://finance.example.com/news/828
TSLA Reports Record Quarterly Revenue,TSLA,2025-08-29 15:00:00,Zacks,https://finance.example.com/news/1030
Insider Buying at MSFT,MSFT,2025-08-30 07:18:00,InvestorPlace,https://finance.example.com/news/458
FDA Approves META Drug Application,META,2025-08-30 07:21:00,Wall Street Journal,https://finance.example.com/news/1119
META Shares Drop After Weak Guidance,META,2025-08-30 09:47:00,MarketWatch,https://finance.example.com/news/775
JPM Announces New Product Line,JPM,2025-08-30 14:27:00,InvestorPlace,https://finance.example.com/news/1884
AMZN Reports Record Quarterly Revenue,AMZN,2025-08-30 16:21:00,Financial Times,https://finance.example.com/news/996
FDA Approves AMZN Drug Application,AMZN,2025-08-31 07:47:00,CNBC,https://finance.example.com/news/1675
MSFT CFO Steps Down,MSFT,2025-08-31 09:03:00,Bloomberg,https://finance.example.com/news/1964
Market Rally Lifts PFE Higher,PFE,2025-08-31 10:50:00,Zacks,https://finance.example.com/news/40
AMZN Partners with Industry Leader,AMZN,2025-08-31 12:18:00,CNBC,https://finance.example.com/news/1643
Market Rally Lifts AMZN Higher,AMZN,2025-08-31 14:17:00,Reuters,https://finance.example.com/news/1357
GOOGL Partners with Industry Leader,GOOGL,2025-08-31 16:35:00,Financial Times,https://finance.example.com/news/756
PFE Reports Record Quarterly Revenue,PFE,2025-09-01 07:23:00,Financial Times,https://finance.example.com/news/407
Market Rally Lifts AAPL Higher,AAPL,2025-09-01 07:57:00,Reuters,https://finance.example.com/news/1721
GOOGL Misses Q3 Targets,GOOGL,2025-09-01 14:16:00,Wall Street Journal,https://finance.example.com/news/102
JPM Announces Stock Buyback,JPM,2025-09-01 14:41:00,Wall Street Journal,https://finance.example.com/news/429
GOOGL Announces Stock Buyback,GOOGL,2025-09-01 15:10:00,MarketWatch,https://finance.example.com/news/32
AMZN Reports Record Quarterly Revenue,AMZN,2025-09-01 15:21:00,Bloomberg,https://finance.example.com/news/1412
WMT Expands into New Markets,WMT,2025-09-01 17:15:00,MarketWatch,https://finance.example.com/news/1523
TSLA Expands into New Markets,TSLA,2025-09-01 17:54:00,Bloomberg,https://finance.example.com/news/1929
GOOGL CFO Steps Down,GOOGL,2025-09-01 18:23:00,MarketWatch,https://finance.example.com/news/1524
AAPL Beats Earnings Estimates,AAPL,2025-09-02 07:21:00,Wall Street Journal,https://finance.example.com/news/695
PFE Expands into New Markets,PFE,2025-09-02 07:22:00,MarketWatch,https://finance.example.com/news/109
AMZN Announces New Product Line,AMZN,2025-09-02 09:29:00,Financial Times,https://finance.example.com/news/447
MSFT Misses Q3 Targets,MSFT,2025-09-02 09:32:00,Zacks,https://finance.example.com/news/1146
GOOGL Announces New Product Line,GOOGL,2025-09-02 12:59:00,Wall Street Journal,https://finance.example.com/news/441
GOOGL Reports Record Quarterly Revenue,GOOGL,2025-09-02 19:14:00,Bloomberg,https://finance.example.com/news/949
Market Rally Lifts AAPL Higher,AAPL,2025-09-03 09:33:00,InvestorPlace,https://finance.example.com/news/410
AAPL Hits All-Time High on Strong Earnings,AAPL,2025-09-03 13:27:00,Bloomberg,https://finance.example.com/news/247
MSFT CFO Steps Down,MSFT,2025-09-03 14:54:00,CNBC,https://finance.example.com/news/1230
Market Rally Lifts BAC Higher,BAC,2025-09-03 16:25:00,InvestorPlace,https://finance.example.com/news/547
BAC Misses Q3 Targets,BAC,2025-09-03 17:11:00,CNBC,https://finance.example.com/news/341
MSFT Hits All-Time High on Strong Earnings,MSFT,2025-09-03 17:19:00,CNBC,https://finance.example.com/news/1364
MSFT Partners with Industry Leader,MSFT,2025-09-03 19:55:00,Wall Street Journal,https://finance.example.com/news/711
GOOGL Partners with Industry Leader,GOOGL,2025-09-04 07:48:00,InvestorPlace,https://finance.example.com/news/1885
AMZN Reports Record Quarterly Revenue,AMZN,2025-09-04 08:23:00,InvestorPlace,https://finance.example.com/news/1883
WMT Hits All-Time High on Strong Earnings,WMT,2025-09-04 12:39:00,Financial Times,https://finance.example.com/news/988
Tech Sell-off Drags AMZN Lower,AMZN,2025-09-04 19:49:00,InvestorPlace,https://finance.example.com/news/947
TSLA Hits All-Time High on Strong Earnings,TSLA,2025-09-05 08:18:00,InvestorPlace,https://finance.example.com/news/554
MSFT Announces Stock Buyback,MSFT,2025-09-05 09:11:00,Wall Street Journal,https://finance.example.com/news/1628
WMT Beats Earnings Estimates,WMT,2025-09-05 11:19:00,Financial Times,https://finance.example.com/news/957
Analysts Upgrade AMZN to Buy,AMZN,2025-09-05 11:46:00,MarketWatch,https://finance.example.com/news/145
JPM Partners with Industry Leader,JPM,2025-09-05 14:15:00,Zacks,https://finance.example.com/news/184
Market Rally Lifts AAPL Higher,AAPL,2025-09-05 18:23:00,Bloomberg,https://finance.example.com/news/1261
WMT Misses Q3 Targets,WMT,2025-09-05 18:31:00,Zacks,https://finance.example.com/news/1791
AMZN CFO Steps Down,AMZN,2025-09-05 18:55:00,MarketWatch,https://finance.example.com/news/1209
META Reports Record Quarterly Revenue,META,2025-09-06 07:50:00,CNBC,https://finance.example.com/news/1679
MSFT Misses Q3 Targets,MSFT,2025-09-06 08:48:00,CNBC,https://finance.example.com/news/31
META Announces Stock Buyback,META,2025-09-06 10:34:00,CNBC,https://finance.example.com/news/39
PFE Partners with Industry Leader,PFE,2025-09-06 19:21:00,Reuters,https://finance.example.com/news/601
FDA Approves TSLA Drug Application,TSLA,2025-09-07 07:04:00,Zacks,https://finance.example.com/news/1229
FDA Approves GOOGL Drug Application,GOOGL,2025-09-07 08:56:00,InvestorPlace,https://finance.example.com/news/822
Analysts Upgrade WMT to Buy,WMT,2025-09-07 11:21:00,Financial Times,https://finance.example.com/news/1634
PFE CFO Steps Down,PFE,2025-09-08 07:07:00,Financial Times,https://finance.example.com/news/29
JPM Partners with Industry Leader,JPM,2025-09-08 08:27:00,Financial Times,https://finance.example.com/news/130
WMT Announces New Product Line,WMT,2025-09-08 11:08:00,CNBC,https://finance.example.com/news/574
MSFT Reports Record Quarterly Revenue,MSFT,2025-09-08 14:14:00,CNBC,https://finance.example.com/news/1468
Analysts Upgrade WMT to Buy,WMT,2025-09-08 14:56:00,InvestorPlace,https://finance.example.com/news/1587
WMT Misses Q3 Targets,WMT,2025-09-08 17:44:00,Financial Times,https://finance.example.com/news/1896
Tech Sell-off Drags META Lower,META,2025-09-08 18:41:00,Zacks,https://finance.example.com/news/495
AAPL Announces New Product Line,AAPL,2025-09-09 07:06:00,Bloomberg,https://finance.example.com/news/1907
WMT Announces Stock Buyback,WMT,2025-09-09 08:50:00,Financial Times,https://finance.example.com/news/1938
Market Rally Lifts GOOGL Higher,GOOGL,2025-09-09 08:50:00,InvestorPlace,https://finance.example.com/news/1629
PFE Beats Earnings Estimates,PFE,2025-09-09 09:03:00,Financial Times,https://finance.example.com/news/720
Tech Sell-off Drags MSFT Lower,MSFT,2025-09-09 12:15:00,Financial Times,https://finance.example.com/news/829
Market Rally Lifts GOOGL Higher,GOOGL,2025-09-09 18:20:00,Financial Times,https://finance.example.com/news/1984
Tech Sell-off Drags AMZN Lower,AMZN,2025-09-10 07:23:00,Financial Times,https://finance.example.com/news/368
MSFT CFO Steps Down,MSFT,2025-09-10 08:24:00,MarketWatch,https://finance.example.com/news/1456
GOOGL Beats Earnings Estimates,GOOGL,2025-09-10 08:48:00,Reuters,https://finance.example.com/news/20
WMT Beats Earnings Estimates,WMT,2025-09-10 09:54:00,Zacks,https://finance.example.com/news/435
Insider Buying at PFE,PFE,2025-09-10 10:13:00,Zacks,https://finance.example.com/news/1172
Insider Buying at AMZN,AMZN,2025-09-10 13:48:00,Bloomberg,https://finance.example.com/news/1838
Analysts Upgrade PFE to Buy,PFE,2025-09-10 15:19:00,CNBC,https://finance.example.com/news/693
Tech Sell-off Drags WMT Lower,WMT,2025-09-10 19:29:00,Wall Street Journal,https://finance.example.com/news/1472
JPM Beats Earnings Estimates,JPM,2025-09-11 07:22:00,InvestorPlace,https://finance.example.com/news/474
JPM Shares Drop After Weak Guidance,JPM,2025-09-11 07:28:00,Financial Times,https://finance.example.com/news/1568
META Reports Record Quarterly Revenue,META,2025-09-11 13:08:00,InvestorPlace,https://finance.example.com/news/1548
PFE Misses Q3 Targets,PFE,2025-09-11 15:32:00,Bloomberg,https://finance.example.com/news/581
BAC Shares Drop After Weak Guidance,BAC,2025-09-11 16:41:00,Financial Times,https://finance.example.com/news/1621
PFE Shares Drop After Weak Guidance,PFE,2025-09-12 09:21:00,Bloomberg,https://finance.example.com/news/705
JPM Shares Drop After Weak Guidance,JPM,2025-09-12 10:23:00,Zacks,https://finance.example.com/news/1205
AAPL Announces Stock Buyback,AAPL,2025-09-12 11:16:00,InvestorPlace,https://finance.example.com/news/771
PFE Misses Q3 Targets,PFE,2025-09-12 11:49:00,Wall Street Journal,https://finance.example.com/news/213
TSLA Beats Earnings Estimates,TSLA,2025-09-12 14:06:00,Zacks,https://finance.example.com/news/489
META Announces Stock Buyback,META,2025-09-12 14:32:00,MarketWatch,https://finance.example.com/news/1473
FDA Approves AAPL Drug Application,AAPL,2025-09-12 14:34:00,Reuters,https://finance.example.com/news/1171
MSFT Shares Drop After Weak Guidance,MSFT,2025-09-12 16:51:00,Wall Street Journal,https://finance.example.com/news/1324
GOOGL Expands into New Markets,GOOGL,2025-09-13 09:57:00,Financial Times,https://finance.example.com/news/1002
AAPL Announces New Product Line,AAPL,2025-09-13 11:47:00,Financial Times,https://finance.example.com/news/1562
JPM Reports Record Quarterly Revenue,JPM,2025-09-13 12:29:00,Reuters,https://finance.example.com/news/1044
AMZN Announces Stock Buyback,AMZN,2025-09-13 13:56:00,Zacks,https://finance.example.com/news/17
PFE Announces New Product Line,PFE,2025-09-13 16:05:00,MarketWatch,https://finance.example.com/news/1336
Tech Sell-off Drags AMZN Lower,AMZN,2025-09-13 17:06:00,Financial Times,https://finance.example.com/news/1574
MSFT Misses Q3 Targets,MSFT,2025-09-14 08:11:00,CNBC,https://finance.example.com/news/1160
FDA Approves PFE Drug Application,PFE,2025-09-14 09:03:00,Zacks,https://finance.example.com/news/297
PFE Hits All-Time High on Strong Earnings,PFE,2025-09-14 09:28:00,CNBC,https://finance.example.com/news/929
Analysts Upgrade GOOGL to Buy,GOOGL,2025-09-14 14:35:00,Reuters,https://finance.example.com/news/1128
FDA Approves GOOGL Drug Application,GOOGL,2025-09-14 15:05:00,InvestorPlace,https://finance.example.com/news/918
MSFT Reports Record Quarterly Revenue,MSFT,2025-09-14 15:34:00,Bloomberg,https://finance.example.com/news/1801
AAPL Hits All-Time High on Strong Earnings,AAPL,2025-09-14 18:46:00,Financial Times,https://finance.example.com/news/1891
TSLA Announces New Product Line,TSLA,2025-09-14 19:46:00,Wall Street Journal,https://finance.example.com/news/1447
GOOGL Partners with Industry Leader,GOOGL,2025-09-15 07:51:00,Bloomberg,https://finance.example.com/news/1632
GOOGL Expands into New Markets,GOOGL,2025-09-15 07:53:00,Bloomberg,https://finance.example.com/news/374
WMT Shares Drop After Weak Guidance,WMT,2025-09-15 11:21:00,Bloomberg,https://finance.example.com/news/975
Market Rally Lifts PFE Higher,PFE,2025-09-16 08:14:00,InvestorPlace,https://finance.example.com/news/1105
Market Rally Lifts AAPL Higher,AAPL,2025-09-16 09:07:00,Financial Times,https://finance.example.com/news/797
BAC Beats Earnings Estimates,BAC,2025-09-16 13:07:00,MarketWatch,https://finance.example.com/news/1704
Market Rally Lifts BAC Higher,BAC,2025-09-16 13:53:00,Zacks,https://finance.example.com/news/101
Analysts Upgrade AAPL to Buy,AAPL,2025-09-16 14:23:00,Reuters,https://finance.example.com/news/500
AAPL Reports Record Quarterly Revenue,AAPL,2025-09-16 16:24:00,MarketWatch,https://finance.example.com/news/1557
META Hits All-Time High on Strong Earnings,META,2025-09-17 10:35:00,InvestorPlace,https://finance.example.com/news/830
Analysts Upgrade AAPL to Buy,AAPL,2025-09-17 15:54:00,Reuters,https://finance.example.com/news/1765
TSLA Shares Drop After Weak Guidance,TSLA,2025-09-17 17:21:00,Reuters,https://finance.example.com/news/129
FDA Approves PFE Drug Application,PFE,2025-09-18 19:58:00,CNBC,https://finance.example.com/news/847
Market Rally Lifts PFE Higher,PFE,2025-09-19 07:58:00,Financial Times,https://finance.example.com/news/1406
Market Rally Lifts JPM Higher,JPM,2025-09-19 08:24:00,Wall Street Journal,https://finance.example.com/news/84
Tech Sell-off Drags MSFT Lower,MSFT,2025-09-19 08:46:00,Bloomberg,https://finance.example.com/news/811
PFE Beats Earnings Estimates,PFE,2025-09-19 10:44:00,Bloomberg,https://finance.example.com/news/1985
PFE Announces Stock Buyback,PFE,2025-09-19 11:10:00,Financial Times,https://finance.example.com/news/940
FDA Approves BAC Drug Application,BAC,2025-09-19 12:03:00,Zacks,https://finance.example.com/news/640
Analysts Upgrade META to Buy,META,2025-09-19 18:33:00,Wall Street Journal,https://finance.example.com/news/552
TSLA Expands into New Markets,TSLA,2025-09-20 07:43:00,MarketWatch,https://finance.example.com/news/669
GOOGL Announces Stock Buyback,GOOGL,2025-09-20 07:57:00,CNBC,https://finance.example.com/news/935
BAC Announces New Product Line,BAC,2025-09-20 13:29:00,Reuters,https://finance.example.com/news/454
PFE Expands into New Markets,PFE,2025-09-20 17:48:00,Financial Times,https://finance.example.com/news/1761
BAC Announces Stock Buyback,BAC,2025-09-20 19:09:00,InvestorPlace,https://finance.example.com/news/1808
JPM Partners with Industry Leader,JPM,2025-09-21 07:42:00,Zacks,https://finance.example.com/news/176
FDA Approves AAPL Drug Application,AAPL,2025-09-21 08:04:00,Wall Street Journal,https://finance.example.com/news/1345
GOOGL Misses Q3 Targets,GOOGL,2025-09-21 08:24:00,Reuters,https://finance.example.com/news/868
AMZN Shares Drop After Weak Guidance,AMZN,2025-09-21 17:17:00,Wall Street Journal,https://finance.example.com/news/930
PFE Hits All-Time High on Strong Earnings,PFE,2025-09-21 18:49:00,Zacks,https://finance.example.com/news/1305
Analysts Upgrade GOOGL to Buy,GOOGL,2025-09-22 07:25:00,Bloomberg,https://finance.example.com/news/648
WMT Hits All-Time High on Strong Earnings,WMT,2025-09-22 10:05:00,Wall Street Journal,https://finance.example.com/news/138
BAC CFO Steps Down,BAC,2025-09-22 19:02:00,Wall Street Journal,https://finance.example.com/news/1739
AMZN Announces New Product Line,AMZN,2025-09-22 19:15:00,Reuters,https://finance.example.com/news/769
WMT Expands into New Markets,WMT,2025-09-22 19:40:00,Reuters,https://finance.example.com/news/1156
BAC Partners with Industry Leader,BAC,2025-09-22 19:43:00,Financial Times,https://finance.example.com/news/1647
AAPL CFO Steps Down,AAPL,2025-09-23 07:10:00,Financial Times,https://finance.example.com/news/1824
AAPL Announces New Product Line,AAPL,2025-09-23 11:23:00,Zacks,https://finance.example.com/news/1432
BAC CFO Steps Down,BAC,2025-09-23 11:51:00,Bloomberg,https://finance.example.com/news/348
AMZN CFO Steps Down,AMZN,2025-09-23 11:54:00,Bloomberg,https://finance.example.com/news/376
PFE Beats Earnings Estimates,PFE,2025-09-23 19:25:00,MarketWatch,https://finance.example.com/news/1671
AAPL Partners with Industry Leader,AAPL,2025-09-24 11:36:00,Financial Times,https://finance.example.com/news/1199
Insider Buying at AMZN,AMZN,2025-09-24 13:44:00,Financial Times,https://finance.example.com/news/658
GOOGL CFO Steps Down,GOOGL,2025-09-24 14:07:00,Wall Street Journal,https://finance.example.com/news/452
Tech Sell-off Drags META Lower,META,2025-09-24 14:40:00,Wall Street Journal,https://finance.example.com/news/103
MSFT Shares Drop After Weak Guidance,MSFT,2025-09-25 17:04:00,Reuters,https://finance.example.com/news/1072
FDA Approves JPM Drug Application,JPM,2025-09-25 17:43:00,Bloomberg,https://finance.example.com/news/1461
TSLA Beats Earnings Estimates,TSLA,2025-09-25 18:44:00,Bloomberg,https://finance.example.com/news/825
Market Rally Lifts PFE Higher,PFE,2025-09-25 19:26:00,Bloomberg,https://finance.example.com/news/738
Analysts Upgrade META to Buy,META,2025-09-26 11:11:00,Bloomberg,https://finance.example.com/news/1206
PFE Expands into New Markets,PFE,2025-09-26 17:40:00,MarketWatch,https://finance.example.com/news/1026
BAC Beats Earnings Estimates,BAC,2025-09-27 08:30:00,MarketWatch,https://finance.example.com/news/1378
Market Rally Lifts AMZN Higher,AMZN,2025-09-27 11:52:00,Financial Times,https://finance.example.com/news/506
MSFT Partners with Industry Leader,MSFT,2025-09-27 12:04:00,Financial Times,https://finance.example.com/news/698
AAPL Misses Q3 Targets,AAPL,2025-09-27 13:49:00,Zacks,https://finance.example.com/news/1546
BAC Shares Drop After Weak Guidance,BAC,2025-09-27 14:00:00,CNBC,https://finance.example.com/news/194
Analysts Upgrade AMZN to Buy,AMZN,2025-09-27 17:15:00,CNBC,https://finance.example.com/news/1082
BAC Announces New Product Line,BAC,2025-09-28 07:21:00,Bloomberg,https://finance.example.com/news/1275
JPM Hits All-Time High on Strong Earnings,JPM,2025-09-28 12:24:00,MarketWatch,https://finance.example.com/news/1697
JPM Shares Drop After Weak Guidance,JPM,2025-09-28 18:18:00,MarketWatch,https://finance.example.com/news/1957
Analysts Upgrade MSFT to Buy,MSFT,2025-09-29 10:26:00,Zacks,https://finance.example.com/news/656
Analysts Upgrade AAPL to Buy,AAPL,2025-09-29 11:21:00,Zacks,https://finance.example.com/news/1129
Market Rally Lifts JPM Higher,JPM,2025-09-29 11:29:00,InvestorPlace,https://finance.example.com/news/251
PFE Announces New Product Line,PFE,2025-09-29 12:25:00,Financial Times,https://finance.example.com/news/359
BAC Beats Earnings Estimates,BAC,2025-09-29 12:27:00,Financial Times,https://finance.example.com/news/142
Tech Sell-off Drags PFE Lower,PFE,2025-09-29 14:27:00,Wall Street Journal,https://finance.example.com/news/1497
BAC Announces Stock Buyback,BAC,2025-09-29 15:38:00,Financial Times,https://finance.example.com/news/100
BAC Hits All-Time High on Strong Earnings,BAC,2025-09-29 18:03:00,InvestorPlace,https://finance.example.com/news/846
AAPL Hits All-Time High on Strong Earnings,AAPL,2025-09-29 18:17:00,MarketWatch,https://finance.example.com/news/503
MSFT Announces Stock Buyback,MSFT,2025-09-30 09:01:00,MarketWatch,https://finance.example.com/news/1693
FDA Approves META Drug Application,META,2025-09-30 10:24:00,InvestorPlace,https://finance.example.com/news/1280
META Announces Stock Buyback,META,2025-09-30 19:17:00,InvestorPlace,https://finance.example.com/news/1037
MSFT Expands into New Markets,MSFT,2025-10-01 07:00:00,InvestorPlace,https://finance.example.com/news/1604
Market Rally Lifts META Higher,META,2025-10-01 08:32:00,CNBC,https://finance.example.com/news/378
BAC Announces New Product Line,BAC,2025-10-01 10:08:00,InvestorPlace,https://finance.example.com/news/896
AAPL Announces New Product Line,AAPL,2025-10-01 16:04:00,MarketWatch,https://finance.example.com/news/1715
Analysts Upgrade PFE to Buy,PFE,2025-10-01 18:46:00,Reuters,https://finance.example.com/news/431
Market Rally Lifts BAC Higher,BAC,2025-10-02 07:40:00,Wall Street Journal,https://finance.example.com/news/333
Market Rally Lifts MSFT Higher,MSFT,2025-10-02 12:21:00,MarketWatch,https://finance.example.com/news/1308
JPM Shares Drop After Weak Guidance,JPM,2025-10-02 12:49:00,Wall Street Journal,https://finance.example.com/news/665
JPM Beats Earnings Estimates,JPM,2025-10-02 13:05:00,Financial Times,https://finance.example.com/news/875
META Partners with Industry Leader,META,2025-10-02 13:36:00,Financial Times,https://finance.example.com/news/954
WMT Expands into New Markets,WMT,2025-10-02 17:55:00,Zacks,https://finance.example.com/news/730
TSLA Shares Drop After Weak Guidance,TSLA,2025-10-02 18:53:00,Wall Street Journal,https://finance.example.com/news/481
JPM Beats Earnings Estimates,JPM,2025-10-02 19:51:00,Zacks,https://finance.example.com/news/1975
MSFT Misses Q3 Targets,MSFT,2025-10-02 19:59:00,CNBC,https://finance.example.com/news/1863
MSFT Misses Q3 Targets,MSFT,2025-10-03 09:25:00,Reuters,https://finance.example.com/news/1974
AMZN Partners with Industry Leader,AMZN,2025-10-03 11:59:00,MarketWatch,https://finance.example.com/news/424
AMZN Beats Earnings Estimates,AMZN,2025-10-03 13:47:00,Reuters,https://finance.example.com/news/1155
JPM Hits All-Time High on Strong Earnings,JPM,2025-10-03 14:20:00,CNBC,https://finance.example.com/news/1947
FDA Approves GOOGL Drug Application,GOOGL,2025-10-03 14:22:00,Financial Times,https://finance.example.com/news/188
Tech Sell-off Drags PFE Lower,PFE,2025-10-03 19:30:00,Zacks,https://finance.example.com/news/132
WMT Reports Record Quarterly Revenue,WMT,2025-10-03 19:36:00,MarketWatch,https://finance.example.com/news/976
BAC Hits All-Time High on Strong Earnings,BAC,2025-10-04 07:22:00,Wall Street Journal,https://finance.example.com/news/118
GOOGL Misses Q3 Targets,GOOGL,2025-10-04 09:37:00,Zacks,https://finance.example.com/news/1025
FDA Approves TSLA Drug Application,TSLA,2025-10-04 10:51:00,Bloomberg,https://finance.example.com/news/1027
GOOGL Beats Earnings Estimates,GOOGL,2025-10-04 11:13:00,Bloomberg,https://finance.example.com/news/1658
FDA Approves BAC Drug Application,BAC,2025-10-04 11:35:00,Zacks,https://finance.example.com/news/1024
META Beats Earnings Estimates,META,2025-10-04 14:28:00,Bloomberg,https://finance.example.com/news/166
WMT CFO Steps Down,WMT,2025-10-04 15:01:00,Reuters,https://finance.example.com/news/1474
AAPL Hits All-Time High on Strong Earnings,AAPL,2025-10-04 16:16:00,Wall Street Journal,https://finance.example.com/news/1660
Tech Sell-off Drags MSFT Lower,MSFT,2025-10-04 17:19:00,Zacks,https://finance.example.com/news/1316
JPM Reports Record Quarterly Revenue,JPM,2025-10-04 18:18:00,Reuters,https://finance.example.com/news/881
Tech Sell-off Drags WMT Lower,WMT,2025-10-04 18:56:00,Reuters,https://finance.example.com/news/311
Tech Sell-off Drags AMZN Lower,AMZN,2025-10-05 07:22:00,Zacks,https://finance.example.com/news/860
BAC Partners with Industry Leader,BAC,2025-10-05 07:39:00,Bloomberg,https://finance.example.com/news/198
Analysts Upgrade AAPL to Buy,AAPL,2025-10-05 12:40:00,Reuters,https://finance.example.com/news/654
Market Rally Lifts AMZN Higher,AMZN,2025-10-05 16:48:00,Reuters,https://finance.example.com/news/1691
Insider Buying at GOOGL,GOOGL,2025-10-05 17:03:00,Reuters,https://finance.example.com/news/497
Market Rally Lifts GOOGL Higher,GOOGL,2025-10-05 17:51:00,Wall Street Journal,https://finance.example.com/news/1137
Market Rally Lifts META Higher,META,2025-10-05 19:09:00,CNBC,https://finance.example.com/news/1762
Market Rally Lifts META Higher,META,2025-10-06 13:16:00,Wall Street Journal,https://finance.example.com/news/950
Tech Sell-off Drags WMT Lower,WMT,2025-10-06 13:29:00,Financial Times,https://finance.example.com/news/189
BAC Announces Stock Buyback,BAC,2025-10-06 13:34:00,InvestorPlace,https://finance.example.com/news/464
WMT Expands into New Markets,WMT,2025-10-06 14:16:00,Reuters,https://finance.example.com/news/344
Market Rally Lifts META Higher,META,2025-10-06 16:11:00,InvestorPlace,https://finance.example.com/news/925
Insider Buying at AMZN,AMZN,2025-10-06 16:50:00,Zacks,https://finance.example.com/news/1655
FDA Approves GOOGL Drug Application,GOOGL,2025-10-06 18:19:00,Reuters,https://finance.example.com/news/61
MSFT Announces Stock Buyback,MSFT,2025-10-07 08:37:00,InvestorPlace,https://finance.example.com/news/1
TSLA Hits All-Time High on Strong Earnings,TSLA,2025-10-07 10:21:00,Wall Street Journal,https://finance.example.com/news/1803
WMT CFO Steps Down,WMT,2025-10-07 12:43:00,MarketWatch,https://finance.example.com/news/416
Insider Buying at JPM,JPM,2025-10-07 16:23:00,Reuters,https://finance.example.com/news/1260
Analysts Upgrade PFE to Buy,PFE,2025-10-08 09:30:00,InvestorPlace,https://finance.example.com/news/1235
Insider Buying at AMZN,AMZN,2025-10-08 11:39:00,Wall Street Journal,https://finance.example.com/news/1174
AMZN Misses Q3 Targets,AMZN,2025-10-08 13:06:00,CNBC,https://finance.example.com/news/1958
GOOGL Hits All-Time High on Strong Earnings,GOOGL,2025-10-08 14:58:00,Wall Street Journal,https://finance.example.com/news/808
AAPL Partners with Industry Leader,AAPL,2025-10-08 15:12:00,CNBC,https://finance.example.com/news/451
AAPL CFO Steps Down,AAPL,2025-10-09 07:00:00,Financial Times,https://finance.example.com/news/1248
Tech Sell-off Drags BAC Lower,BAC,2025-10-09 08:03:00,Reuters,https://finance.example.com/news/46
META Announces Stock Buyback,META,2025-10-09 09:41:00,Reuters,https://finance.example.com/news/1512
WMT Misses Q3 Targets,WMT,2025-10-09 10:06:00,Zacks,https://finance.example.com/news/671
JPM Misses Q3 Targets,JPM,2025-10-09 14:48:00,Wall Street Journal,https://finance.example.com/news/448
Tech Sell-off Drags JPM Lower,JPM,2025-10-09 18:16:00,Financial Times,https://finance.example.com/news/1089
Tech Sell-off Drags BAC Lower,BAC,2025-10-10 09:39:00,Bloomberg,https://finance.example.com/news/369
WMT Hits All-Time High on Strong Earnings,WMT,2025-10-10 13:05:00,Wall Street Journal,https://finance.example.com/news/181
AMZN Reports Record Quarterly Revenue,AMZN,2025-10-10 13:19:00,Financial Times,https://finance.example.com/news/1526
Insider Buying at GOOGL,GOOGL,2025-10-10 17:37:00,CNBC,https://finance.example.com/news/373
WMT Reports Record Quarterly Revenue,WMT,2025-10-11 07:43:00,Bloomberg,https://finance.example.com/news/23
Analysts Upgrade PFE to Buy,PFE,2025-10-11 07:53:00,InvestorPlace,https://finance.example.com/news/729
PFE CFO Steps Down,PFE,2025-10-11 08:17:00,InvestorPlace,https://finance.example.com/news/1620
MSFT Partners with Industry Leader,MSFT,2025-10-11 10:37:00,Wall Street Journal,https://finance.example.com/news/238
TSLA Shares Drop After Weak Guidance,TSLA,2025-10-11 14:00:00,Financial Times,https://finance.example.com/news/650
JPM Misses Q3 Targets,JPM,2025-10-11 18:59:00,MarketWatch,https://finance.example.com/news/718
Market Rally Lifts BAC Higher,BAC,2025-10-11 19:47:00,Reuters,https://finance.example.com/news/295
AAPL Beats Earnings Estimates,AAPL,2025-10-12 09:07:00,Reuters,https://finance.example.com/news/898
JPM Reports Record Quarterly Revenue,JPM,2025-10-12 11:08:00,CNBC,https://finance.example.com/news/869
GOOGL Expands into New Markets,GOOGL,2025-10-12 18:45:00,Zacks,https://finance.example.com/news/1722
FDA Approves JPM Drug Application,JPM,2025-10-12 19:15:00,Zacks,https://finance.example.com/news/139
MSFT Shares Drop After Weak Guidance,MSFT,2025-10-13 07:03:00,Financial Times,https://finance.example.com/news/1555
BAC Partners with Industry Leader,BAC,2025-10-13 07:23:00,CNBC,https://finance.example.com/news/1812
Tech Sell-off Drags AAPL Lower,AAPL,2025-10-13 11:57:00,CNBC,https://finance.example.com/news/1635
WMT Misses Q3 Targets,WMT,2025-10-13 13:47:00,Bloomberg,https://finance.example.com/news/1083
JPM Beats Earnings Estimates,JPM,2025-10-13 14:11:00,Financial Times,https://finance.example.com/news/956
JPM Hits All-Time High on Strong Earnings,JPM,2025-10-13 15:00:00,Bloomberg,https://finance.example.com/news/834
TSLA Shares Drop After Weak Guidance,TSLA,2025-10-13 15:46:00,Bloomberg,https://finance.example.com/news/1140
GOOGL Partners with Industry Leader,GOOGL,2025-10-13 16:03:00,Reuters,https://finance.example.com/news/827
TSLA Shares Drop After Weak Guidance,TSLA,2025-10-13 17:24:00,MarketWatch,https://finance.example.com/news/302
Insider Buying at AAPL,AAPL,2025-10-13 17:39:00,Wall Street Journal,https://finance.example.com/news/1542
FDA Approves GOOGL Drug Application,GOOGL,2025-10-14 10:31:00,InvestorPlace,https://finance.example.com/news/1109
FDA Approves BAC Drug Application,BAC,2025-10-14 13:27:00,Reuters,https://finance.example.com/news/1510
Tech Sell-off Drags TSLA Lower,TSLA,2025-10-14 13:39:00,CNBC,https://finance.example.com/news/73
WMT Reports Record Quarterly Revenue,WMT,2025-10-14 16:22:00,Financial Times,https://finance.example.com/news/972
BAC CFO Steps Down,BAC,2025-10-14 19:39:00,Zacks,https://finance.example.com/news/837
TSLA CFO Steps Down,TSLA,2025-10-14 19:40:00,Wall Street Journal,https://finance.example.com/news/1191
Insider Buying at JPM,JPM,2025-10-15 13:25:00,Wall Street Journal,https://finance.example.com/news/1033
Analysts Upgrade PFE to Buy,PFE,2025-10-15 16:47:00,Wall Street Journal,https://finance.example.com/news/1110
Market Rally Lifts GOOGL Higher,GOOGL,2025-10-16 14:33:00,Zacks,https://finance.example.com/news/1187
BAC Expands into New Markets,BAC,2025-10-16 14:49:00,Wall Street Journal,https://finance.example.com/news/977
BAC Reports Record Quarterly Revenue,BAC,2025-10-16 16:27:00,Bloomberg,https://finance.example.com/news/1588
Market Rally Lifts JPM Higher,JPM,2025-10-16 17:01:00,Bloomberg,https://finance.example.com/news/114
AMZN Reports Record Quarterly Revenue,AMZN,2025-10-16 19:19:00,Wall Street Journal,https://finance.example.com/news/651
FDA Approves PFE Drug Application,PFE,2025-10-17 13:55:00,MarketWatch,https://finance.example.com/news/1422
Insider Buying at TSLA,TSLA,2025-10-17 15:20:00,InvestorPlace,https://finance.example.com/news/685
PFE Announces New Product Line,PFE,2025-10-17 16:23:00,Financial Times,https://finance.example.com/news/908
TSLA Expands into New Markets,TSLA,2025-10-18 07:38:00,CNBC,https://finance.example.com/news/357
BAC Reports Record Quarterly Revenue,BAC,2025-10-18 09:57:00,MarketWatch,https://finance.example.com/news/1388
Insider Buying at WMT,WMT,2025-10-19 07:11:00,Wall Street Journal,https://finance.example.com/news/751
Insider Buying at META,META,2025-10-19 10:56:00,MarketWatch,https://finance.example.com/news/1735
Market Rally Lifts GOOGL Higher,GOOGL,2025-10-19 11:25:00,Reuters,https://finance.example.com/news/90
AMZN Reports Record Quarterly Revenue,AMZN,2025-10-19 13:03:00,Financial Times,https://finance.example.com/news/1615
GOOGL Expands into New Markets,GOOGL,2025-10-19 13:23:00,CNBC,https://finance.example.com/news/625
TSLA Reports Record Quarterly Revenue,TSLA,2025-10-19 19:58:00,MarketWatch,https://finance.example.com/news/1245
JPM Reports Record Quarterly Revenue,JPM,2025-10-20 09:06:00,Financial Times,https://finance.example.com/news/1973
Tech Sell-off Drags WMT Lower,WMT,2025-10-20 09:26:00,Bloomberg,https://finance.example.com/news/1573
TSLA Expands into New Markets,TSLA,2025-10-20 13:20:00,Bloomberg,https://finance.example.com/news/1490
META Shares Drop After Weak Guidance,META,2025-10-20 13:36:00,Wall Street Journal,https://finance.example.com/news/1096
Tech Sell-off Drags AMZN Lower,AMZN,2025-10-20 13:39:00,Reuters,https://finance.example.com/news/381
PFE Misses Q3 Targets,PFE,2025-10-20 16:34:00,Reuters,https://finance.example.com/news/1153
Insider Buying at BAC,BAC,2025-10-20 17:12:00,Financial Times,https://finance.example.com/news/296
FDA Approves MSFT Drug Application,MSFT,2025-10-20 18:03:00,InvestorPlace,https://finance.example.com/news/1107
AMZN Shares Drop After Weak Guidance,AMZN,2025-10-20 18:32:00,Bloomberg,https://finance.example.com/news/1516
BAC Partners with Industry Leader,BAC,2025-10-20 18:37:00,Reuters,https://finance.example.com/news/1365
Insider Buying at WMT,WMT,2025-10-20 19:54:00,Reuters,https://finance.example.com/news/1931
Analysts Upgrade JPM to Buy,JPM,2025-10-21 09:27:00,MarketWatch,https://finance.example.com/news/1135
Insider Buying at AMZN,AMZN,2025-10-21 11:11:00,Wall Street Journal,https://finance.example.com/news/983
FDA Approves JPM Drug Application,JPM,2025-10-21 11:36:00,Zacks,https://finance.example.com/news/1683
AAPL Announces New Product Line,AAPL,2025-10-21 13:52:00,InvestorPlace,https://finance.example.com/news/677
Market Rally Lifts AAPL Higher,AAPL,2025-10-21 16:30:00,MarketWatch,https://finance.example.com/news/1971
MSFT Partners with Industry Leader,MSFT,2025-10-21 17:31:00,CNBC,https://finance.example.com/news/810
META Shares Drop After Weak Guidance,META,2025-10-21 17:34:00,InvestorPlace,https://finance.example.com/news/420
FDA Approves BAC Drug Application,BAC,2025-10-22 07:47:00,Bloomberg,https://finance.example.com/news/1832
AAPL CFO Steps Down,AAPL,2025-10-22 08:43:00,CNBC,https://finance.example.com/news/1962
AAPL Announces New Product Line,AAPL,2025-10-22 10:41:00,CNBC,https://finance.example.com/news/1979
Insider Buying at BAC,BAC,2025-10-22 11:31:00,CNBC,https://finance.example.com/news/989
Market Rally Lifts GOOGL Higher,GOOGL,2025-10-22 11:37:00,Wall Street Journal,https://finance.example.com/news/1828
AMZN Partners with Industry Leader,AMZN,2025-10-22 12:36:00,Financial Times,https://finance.example.com/news/471
PFE Announces New Product Line,PFE,2025-10-22 17:14:00,Bloomberg,https://finance.example.com/news/999
Insider Buying at AMZN,AMZN,2025-10-22 19:59:00,Bloomberg,https://finance.example.com/news/1939
Market Rally Lifts JPM Higher,JPM,2025-10-23 14:12:00,Wall Street Journal,https://finance.example.com/news/1244
META Shares Drop After Weak Guidance,META,2025-10-24 07:59:00,MarketWatch,https://finance.example.com/news/124
Tech Sell-off Drags WMT Lower,WMT,2025-10-24 11:39:00,Reuters,https://finance.example.com/news/1265
Market Rally Lifts BAC Higher,BAC,2025-10-24 12:26:00,Wall Street Journal,https://finance.example.com/news/1346
BAC Hits All-Time High on Strong Earnings,BAC,2025-10-24 12:46:00,CNBC,https://finance.example.com/news/217
MSFT Beats Earnings Estimates,MSFT,2025-10-24 12:52:00,CNBC,https://finance.example.com/news/1431
BAC Misses Q3 Targets,BAC,2025-10-24 12:59:00,Reuters,https://finance.example.com/news/1179
BAC Misses Q3 Targets,BAC,2025-10-24 16:46:00,MarketWatch,https://finance.example.com/news/1617
JPM Expands into New Markets,JPM,2025-10-24 19:41:00,Reuters,https://finance.example.com/news/1807
Insider Buying at AMZN,AMZN,2025-10-25 07:08:00,Bloomberg,https://finance.example.com/news/1330
META Announces New Product Line,META,2025-10-25 07:09:00,Financial Times,https://finance.example.com/news/1424
BAC Reports Record Quarterly Revenue,BAC,2025-10-25 16:17:00,InvestorPlace,https://finance.example.com/news/1465
Tech Sell-off Drags TSLA Lower,TSLA,2025-10-25 19:03:00,MarketWatch,https://finance.example.com/news/1959
WMT Announces Stock Buyback,WMT,2025-10-25 19:59:00,MarketWatch,https://finance.example.com/news/1517
META CFO Steps Down,META,2025-10-26 10:14:00,MarketWatch,https://finance.example.com/news/1095
MSFT Expands into New Markets,MSFT,2025-10-26 11:50:00,Reuters,https://finance.example.com/news/408
Analysts Upgrade AMZN to Buy,AMZN,2025-10-26 12:03:00,Reuters,https://finance.example.com/news/394
PFE Expands into New Markets,PFE,2025-10-26 13:23:00,Wall Street Journal,https://finance.example.com/news/19
TSLA Shares Drop After Weak Guidance,TSLA,2025-10-26 17:09:00,Financial Times,https://finance.example.com/news/304
TSLA Reports Record Quarterly Revenue,TSLA,2025-10-26 18:36:00,Reuters,https://finance.example.com/news/443
AAPL Announces Stock Buyback,AAPL,2025-10-26 19:02:00,Bloomberg,https://finance.example.com/news/1917
TSLA Reports Record Quarterly Revenue,TSLA,2025-10-27 08:49:00,Reuters,https://finance.example.com/news/1598
WMT CFO Steps Down,WMT,2025-10-27 10:10:00,Bloomberg,https://finance.example.com/news/688
FDA Approves MSFT Drug Application,MSFT,2025-10-27 14:03:00,InvestorPlace,https://finance.example.com/news/1349
MSFT Beats Earnings Estimates,MSFT,2025-10-27 15:45:00,Bloomberg,https://finance.example.com/news/1976
PFE Announces Stock Buyback,PFE,2025-10-27 15:45:00,Financial Times,https://finance.example.com/news/250
META Beats Earnings Estimates,META,2025-10-27 16:46:00,InvestorPlace,https://finance.example.com/news/492
GOOGL Announces Stock Buyback,GOOGL,2025-10-27 17:24:00,Bloomberg,https://finance.example.com/news/523
TSLA CFO Steps Down,TSLA,2025-10-27 18:24:00,Wall Street Journal,https://finance.example.com/news/1519
PFE Expands into New Markets,PFE,2025-10-28 08:22:00,Financial Times,https://finance.example.com/news/568
JPM Misses Q3 Targets,JPM,2025-10-28 08:33:00,Wall Street Journal,https://finance.example.com/news/1902
Analysts Upgrade AAPL to Buy,AAPL,2025-10-28 09:48:00,InvestorPlace,https://finance.example.com/news/516
WMT CFO Steps Down,WMT,2025-10-28 10:06:00,Bloomberg,https://finance.example.com/news/1756
JPM Announces New Product Line,JPM,2025-10-28 16:05:00,CNBC,https://finance.example.com/news/1411
META Beats Earnings Estimates,META,2025-10-28 17:06:00,Wall Street Journal,https://finance.example.com/news/1707
AAPL Beats Earnings Estimates,AAPL,2025-10-28 17:43:00,CNBC,https://finance.example.com/news/1764
JPM CFO Steps Down,JPM,2025-10-28 17:57:00,Bloomberg,https://finance.example.com/news/926
Analysts Upgrade MSFT to Buy,MSFT,2025-10-28 18:42:00,Wall Street Journal,https://finance.example.com/news/483
AMZN Announces Stock Buyback,AMZN,2025-10-29 09:24:00,MarketWatch,https://finance.example.com/news/702
TSLA Misses Q3 Targets,TSLA,2025-10-29 09:28:00,Bloomberg,https://finance.example.com/news/1451
JPM Beats Earnings Estimates,JPM,2025-10-29 11:10:00,Bloomberg,https://finance.example.com/news/792
FDA Approves AMZN Drug Application,AMZN,2025-10-29 11:51:00,Reuters,https://finance.example.com/news/4
Tech Sell-off Drags GOOGL Lower,GOOGL,2025-10-29 13:03:00,MarketWatch,https://finance.example.com/news/1680
TSLA Hits All-Time High on Strong Earnings,TSLA,2025-10-29 15:14:00,Wall Street Journal,https://finance.example.com/news/36
Tech Sell-off Drags AMZN Lower,AMZN,2025-10-29 18:22:00,InvestorPlace,https://finance.example.com/news/587
Market Rally Lifts BAC Higher,BAC,2025-10-30 08:14:00,InvestorPlace,https://finance.example.com/news/941
Analysts Upgrade PFE to Buy,PFE,2025-10-30 09:58:00,Reuters,https://finance.example.com/news/1359
GOOGL Beats Earnings Estimates,GOOGL,2025-10-30 12:55:00,Bloomberg,https://finance.example.com/news/193
FDA Approves META Drug Application,META,2025-10-30 13:39:00,Financial Times,https://finance.example.com/news/1481
BAC CFO Steps Down,BAC,2025-10-30 14:49:00,Wall Street Journal,https://finance.example.com/news/652
Tech Sell-off Drags MSFT Lower,MSFT,2025-10-31 09:24:00,Zacks,https://finance.example.com/news/1972
AAPL Misses Q3 Targets,AAPL,2025-10-31 10:31:00,InvestorPlace,https://finance.example.com/news/1315
JPM Partners with Industry Leader,JPM,2025-10-31 11:20:00,Wall Street Journal,https://finance.example.com/news/133
PFE Shares Drop After Weak Guidance,PFE,2025-10-31 12:17:00,Bloomberg,https://finance.example.com/news/1496
Analysts Upgrade GOOGL to Buy,GOOGL,2025-10-31 12:51:00,Financial Times,https://finance.example.com/news/691
JPM Shares Drop After Weak Guidance,JPM,2025-10-31 16:03:00,InvestorPlace,https://finance.example.com/news/660
FDA Approves TSLA Drug Application,TSLA,2025-10-31 17:44:00,Zacks,https://finance.example.com/news/1387
WMT Announces Stock Buyback,WMT,2025-11-01 16:18:00,MarketWatch,https://finance.example.com/news/766
AAPL Shares Drop After Weak Guidance,AAPL,2025-11-02 13:22:00,Financial Times,https://finance.example.com/news/83
Market Rally Lifts AAPL Higher,AAPL,2025-11-02 13:34:00,Bloomberg,https://finance.example.com/news/899
Market Rally Lifts MSFT Higher,MSFT,2025-11-02 14:20:00,Bloomberg,https://finance.example.com/news/1239
GOOGL Misses Q3 Targets,GOOGL,2025-11-02 16:40:00,Zacks,https://finance.example.com/news/1223
FDA Approves META Drug Application,META,2025-11-02 17:43:00,Zacks,https://finance.example.com/news/395
AMZN Announces Stock Buyback,AMZN,2025-11-02 19:05:00,Zacks,https://finance.example.com/news/449
BAC Reports Record Quarterly Revenue,BAC,2025-11-03 11:53:00,InvestorPlace,https://finance.example.com/news/1713
BAC Reports Record Quarterly Revenue,BAC,2025-11-03 15:10:00,Bloomberg,https://finance.example.com/news/1065
AMZN Hits All-Time High on Strong Earnings,AMZN,2025-11-03 15:33:00,Wall Street Journal,https://finance.example.com/news/967
AMZN Partners with Industry Leader,AMZN,2025-11-03 19:42:00,Reuters,https://finance.example.com/news/1753
AAPL Reports Record Quarterly Revenue,AAPL,2025-11-04 11:22:00,Bloomberg,https://finance.example.com/news/259
META Shares Drop After Weak Guidance,META,2025-11-04 12:40:00,InvestorPlace,https://finance.example.com/news/1864
FDA Approves GOOGL Drug Application,GOOGL,2025-11-04 13:05:00,Bloomberg,https://finance.example.com/news/962
GOOGL Beats Earnings Estimates,GOOGL,2025-11-04 14:59:00,Financial Times,https://finance.example.com/news/1086
Tech Sell-off Drags MSFT Lower,MSFT,2025-11-04 16:28:00,Bloomberg,https://finance.example.com/news/1747
Market Rally Lifts WMT Higher,WMT,2025-11-04 18:38:00,MarketWatch,https://finance.example.com/news/620
PFE Beats Earnings Estimates,PFE,2025-11-05 10:49:00,Wall Street Journal,https://finance.example.com/news/866
BAC Reports Record Quarterly Revenue,BAC,2025-11-05 12:18:00,Financial Times,https://finance.example.com/news/1763
AMZN Announces New Product Line,AMZN,2025-11-05 15:13:00,Financial Times,https://finance.example.com/news/1987
WMT Announces Stock Buyback,WMT,2025-11-05 16:14:00,Bloomberg,https://finance.example.com/news/1946
Analysts Upgrade META to Buy,META,2025-11-05 16:42:00,CNBC,https://finance.example.com/news/1900
META CFO Steps Down,META,2025-11-05 18:12:00,Zacks,https://finance.example.com/news/539
TSLA Expands into New Markets,TSLA,2025-11-05 18:52:00,Financial Times,https://finance.example.com/news/1533
GOOGL Expands into New Markets,GOOGL,2025-11-05 18:56:00,MarketWatch,https://finance.example.com/news/851
AMZN Misses Q3 Targets,AMZN,2025-11-06 09:54:00,MarketWatch,https://finance.example.com/news/1805
JPM Hits All-Time High on Strong Earnings,JPM,2025-11-06 10:04:00,MarketWatch,https://finance.example.com/news/1994
META Reports Record Quarterly Revenue,META,2025-11-06 10:45:00,Financial Times,https://finance.example.com/news/64
GOOGL Reports Record Quarterly Revenue,GOOGL,2025-11-06 14:43:00,CNBC,https://finance.example.com/news/1899
GOOGL Expands into New Markets,GOOGL,2025-11-06 17:20:00,CNBC,https://finance.example.com/news/1470
AMZN Misses Q3 Targets,AMZN,2025-11-06 18:13:00,InvestorPlace,https://finance.example.com/news/486
AAPL Announces Stock Buyback,AAPL,2025-11-07 07:53:00,Reuters,https://finance.example.com/news/1525
Analysts Upgrade META to Buy,META,2025-11-07 10:29:00,InvestorPlace,https://finance.example.com/news/973
JPM Reports Record Quarterly Revenue,JPM,2025-11-07 10:45:00,CNBC,https://finance.example.com/news/1930
WMT Partners with Industry Leader,WMT,2025-11-07 13:13:00,Wall Street Journal,https://finance.example.com/news/33
JPM Beats Earnings Estimates,JPM,2025-11-07 14:04:00,Financial Times,https://finance.example.com/news/1889
Analysts Upgrade BAC to Buy,BAC,2025-11-07 14:25:00,Bloomberg,https://finance.example.com/news/1928
WMT Misses Q3 Targets,WMT,2025-11-08 15:27:00,Bloomberg,https://finance.example.com/news/330
AAPL Announces New Product Line,AAPL,2025-11-08 17:50:00,Zacks,https://finance.example.com/news/355
AMZN Reports Record Quarterly Revenue,AMZN,2025-11-08 19:19:00,MarketWatch,https://finance.example.com/news/762
FDA Approves MSFT Drug Application,MSFT,2025-11-09 09:53:00,Bloomberg,https://finance.example.com/news/1323
MSFT Reports Record Quarterly Revenue,MSFT,2025-11-09 10:12:00,Bloomberg,https://finance.example.com/news/842
Analysts Upgrade GOOGL to Buy,GOOGL,2025-11-09 14:11:00,InvestorPlace,https://finance.example.com/news/1350
GOOGL Announces Stock Buyback,GOOGL,2025-11-10 07:36:00,InvestorPlace,https://finance.example.com/news/550
TSLA CFO Steps Down,TSLA,2025-11-10 11:11:00,MarketWatch,https://finance.example.com/news/995
Insider Buying at TSLA,TSLA,2025-11-10 12:10:00,InvestorPlace,https://finance.example.com/news/405
MSFT Reports Record Quarterly Revenue,MSFT,2025-11-10 12:34:00,Zacks,https://finance.example.com/news/1220
Tech Sell-off Drags AAPL Lower,AAPL,2025-11-10 16:17:00,Wall Street Journal,https://finance.example.com/news/1144
JPM Announces Stock Buyback,JPM,2025-11-10 16:25:00,Bloomberg,https://finance.example.com/news/1012
Tech Sell-off Drags WMT Lower,WMT,2025-11-10 19:44:00,MarketWatch,https://finance.example.com/news/1036
AAPL Misses Q3 Targets,AAPL,2025-11-11 10:28:00,InvestorPlace,https://finance.example.com/news/563
GOOGL Hits All-Time High on Strong Earnings,GOOGL,2025-11-11 16:39:00,Wall Street Journal,https://finance.example.com/news/680
AMZN Shares Drop After Weak Guidance,AMZN,2025-11-11 17:19:00,Wall Street Journal,https://finance.example.com/news/1729
Market Rally Lifts BAC Higher,BAC,2025-11-12 10:29:00,Bloomberg,https://finance.example.com/news/536
Market Rally Lifts META Higher,META,2025-11-12 12:44:00,InvestorPlace,https://finance.example.com/news/1607
Tech Sell-off Drags AMZN Lower,AMZN,2025-11-12 13:26:00,Reuters,https://finance.example.com/news/1190
GOOGL Shares Drop After Weak Guidance,GOOGL,2025-11-12 18:37:00,Wall Street Journal,https://finance.example.com/news/425
META CFO Steps Down,META,2025-11-12 19:56:00,Zacks,https://finance.example.com/news/1343
AMZN Hits All-Time High on Strong Earnings,AMZN,2025-11-12 19:57:00,Bloomberg,https://finance.example.com/news/1868
Insider Buying at BAC,BAC,2025-11-13 07:15:00,CNBC,https://finance.example.com/news/1321
WMT Misses Q3 Targets,WMT,2025-11-13 08:18:00,Bloomberg,https://finance.example.com/news/805
Insider Buying at TSLA,TSLA,2025-11-13 09:38:00,InvestorPlace,https://finance.example.com/news/312
BAC Announces New Product Line,BAC,2025-11-13 09:45:00,MarketWatch,https://finance.example.com/news/1391
Market Rally Lifts PFE Higher,PFE,2025-11-13 10:49:00,InvestorPlace,https://finance.example.com/news/154
MSFT Announces Stock Buyback,MSFT,2025-11-13 12:59:00,Reuters,https://finance.example.com/news/1058
AAPL Expands into New Markets,AAPL,2025-11-13 13:38:00,MarketWatch,https://finance.example.com/news/1544
Tech Sell-off Drags GOOGL Lower,GOOGL,2025-11-13 14:53:00,Financial Times,https://finance.example.com/news/282
FDA Approves TSLA Drug Application,TSLA,2025-11-13 17:42:00,Zacks,https://finance.example.com/news/1925
Market Rally Lifts META Higher,META,2025-11-14 07:39:00,Bloomberg,https://finance.example.com/news/156
MSFT Reports Record Quarterly Revenue,MSFT,2025-11-14 08:57:00,Wall Street Journal,https://finance.example.com/news/906
FDA Approves JPM Drug Application,JPM,2025-11-14 14:11:00,Wall Street Journal,https://finance.example.com/news/1759
BAC Hits All-Time High on Strong Earnings,BAC,2025-11-14 15:20:00,Wall Street Journal,https://finance.example.com/news/226
META Announces New Product Line,META,2025-11-15 13:04:00,MarketWatch,https://finance.example.com/news/1988
JPM Announces Stock Buyback,JPM,2025-11-15 14:04:00,Bloomberg,https://finance.example.com/news/332
Tech Sell-off Drags WMT Lower,WMT,2025-11-15 16:43:00,Reuters,https://finance.example.com/news/263
FDA Approves WMT Drug Application,WMT,2025-11-15 18:09:00,Reuters,https://finance.example.com/news/1121
Market Rally Lifts META Higher,META,2025-11-16 08:48:00,Bloomberg,https://finance.example.com/news/1471
BAC Announces Stock Buyback,BAC,2025-11-16 08:55:00,CNBC,https://finance.example.com/news/1913
GOOGL Beats Earnings Estimates,GOOGL,2025-11-16 13:56:00,Bloomberg,https://finance.example.com/news/1782
WMT Reports Record Quarterly Revenue,WMT,2025-11-16 17:39:00,Bloomberg,https://finance.example.com/news/400
Analysts Upgrade AMZN to Buy,AMZN,2025-11-16 18:18:00,Financial Times,https://finance.example.com/news/853
META CFO Steps Down,META,2025-11-16 18:25:00,Bloomberg,https://finance.example.com/news/196
BAC Beats Earnings Estimates,BAC,2025-11-16 18:37:00,MarketWatch,https://finance.example.com/news/1075
PFE Misses Q3 Targets,PFE,2025-11-17 07:33:00,Wall Street Journal,https://finance.example.com/news/1504
FDA Approves META Drug Application,META,2025-11-17 09:08:00,CNBC,https://finance.example.com/news/1022
TSLA Beats Earnings Estimates,TSLA,2025-11-17 10:39:00,Wall Street Journal,https://finance.example.com/news/1857
AAPL Expands into New Markets,AAPL,2025-11-17 11:46:00,Wall Street Journal,https://finance.example.com/news/607
PFE Expands into New Markets,PFE,2025-11-17 12:45:00,InvestorPlace,https://finance.example.com/news/1250
TSLA Expands into New Markets,TSLA,2025-11-17 15:53:00,CNBC,https://finance.example.com/news/1202
Tech Sell-off Drags BAC Lower,BAC,2025-11-17 17:13:00,MarketWatch,https://finance.example.com/news/1339
JPM Partners with Industry Leader,JPM,2025-11-17 19:34:00,Wall Street Journal,https://finance.example.com/news/1611
AAPL Shares Drop After Weak Guidance,AAPL,2025-11-17 19:53:00,Zacks,https://finance.example.com/news/602
Analysts Upgrade WMT to Buy,WMT,2025-11-18 09:48:00,Bloomberg,https://finance.example.com/news/1428
MSFT Announces New Product Line,MSFT,2025-11-18 09:50:00,InvestorPlace,https://finance.example.com/news/21
AMZN Partners with Industry Leader,AMZN,2025-11-18 09:53:00,MarketWatch,https://finance.example.com/news/735
Tech Sell-off Drags GOOGL Lower,GOOGL,2025-11-18 14:29:00,Zacks,https://finance.example.com/news/289
GOOGL Reports Record Quarterly Revenue,GOOGL,2025-11-18 15:18:00,Bloomberg,https://finance.example.com/news/1837
Insider Buying at BAC,BAC,2025-11-18 15:18:00,MarketWatch,https://finance.example.com/news/382
TSLA Reports Record Quarterly Revenue,TSLA,2025-11-18 15:22:00,Bloomberg,https://finance.example.com/news/1662
Insider Buying at MSFT,MSFT,2025-11-18 17:02:00,MarketWatch,https://finance.example.com/news/216
Market Rally Lifts PFE Higher,PFE,2025-11-18 17:34:00,Wall Street Journal,https://finance.example.com/news/1665
FDA Approves META Drug Application,META,2025-11-19 08:28:00,Financial Times,https://finance.example.com/news/1005
JPM Announces New Product Line,JPM,2025-11-19 10:04:00,CNBC,https://finance.example.com/news/499
AAPL Shares Drop After Weak Guidance,AAPL,2025-11-19 18:27:00,InvestorPlace,https://finance.example.com/news/1616
FDA Approves AMZN Drug Application,AMZN,2025-11-19 18:42:00,Bloomberg,https://finance.example.com/news/1264
Analysts Upgrade WMT to Buy,WMT,2025-11-19 19:34:00,Reuters,https://finance.example.com/news/683
Market Rally Lifts AAPL Higher,AAPL,2025-11-19 19:49:00,MarketWatch,https://finance.example.com/news/1689
AAPL Announces New Product Line,AAPL,2025-11-20 07:57:00,MarketWatch,https://finance.example.com/news/1322
TSLA Partners with Industry Leader,TSLA,2025-11-20 10:37:00,MarketWatch,https://finance.example.com/news/1714
JPM Hits All-Time High on Strong Earnings,JPM,2025-11-20 17:05:00,Financial Times,https://finance.example.com/news/1309
PFE Hits All-Time High on Strong Earnings,PFE,2025-11-20 17:21:00,Bloomberg,https://finance.example.com/news/301
PFE Hits All-Time High on Strong Earnings,PFE,2025-11-20 18:51:00,MarketWatch,https://finance.example.com/news/1651
MSFT Announces New Product Line,MSFT,2025-11-21 07:05:00,Wall Street Journal,https://finance.example.com/news/267
WMT Reports Record Quarterly Revenue,WMT,2025-11-21 09:19:00,Financial Times,https://finance.example.com/news/897
BAC Announces New Product Line,BAC,2025-11-21 11:15:00,MarketWatch,https://finance.example.com/news/545
AMZN Announces Stock Buyback,AMZN,2025-11-21 11:32:00,Zacks,https://finance.example.com/news/65
TSLA Hits All-Time High on Strong Earnings,TSLA,2025-11-21 11:50:00,Zacks,https://finance.example.com/news/521
JPM Shares Drop After Weak Guidance,JPM,2025-11-21 18:55:00,Bloomberg,https://finance.example.com/news/200
GOOGL Expands into New Markets,GOOGL,2025-11-22 07:51:00,Bloomberg,https://finance.example.com/news/961
Market Rally Lifts MSFT Higher,MSFT,2025-11-22 09:34:00,Wall Street Journal,https://finance.example.com/news/13
FDA Approves PFE Drug Application,PFE,2025-11-22 13:28:00,Zacks,https://finance.example.com/news/1672
GOOGL Beats Earnings Estimates,GOOGL,2025-11-22 14:48:00,Zacks,https://finance.example.com/news/1685
BAC Shares Drop After Weak Guidance,BAC,2025-11-22 15:13:00,CNBC,https://finance.example.com/news/1709
Analysts Upgrade META to Buy,META,2025-11-22 15:17:00,CNBC,https://finance.example.com/news/377
PFE Announces Stock Buyback,PFE,2025-11-22 16:20:00,Financial Times,https://finance.example.com/news/290
Market Rally Lifts PFE Higher,PFE,2025-11-23 07:56:00,MarketWatch,https://finance.example.com/news/937
FDA Approves META Drug Application,META,2025-11-23 11:12:00,Financial Times,https://finance.example.com/news/1052
FDA Approves AMZN Drug Application,AMZN,2025-11-23 11:29:00,MarketWatch,https://finance.example.com/news/206
Market Rally Lifts PFE Higher,PFE,2025-11-23 11:56:00,Wall Street Journal,https://finance.example.com/news/835
PFE Expands into New Markets,PFE,2025-11-23 12:06:00,Wall Street Journal,https://finance.example.com/news/225
MSFT Announces Stock Buyback,MSFT,2025-11-23 13:23:00,CNBC,https://finance.example.com/news/354
PFE Announces New Product Line,PFE,2025-11-23 15:16:00,Financial Times,https://finance.example.com/news/1758
Insider Buying at META,META,2025-11-23 15:51:00,InvestorPlace,https://finance.example.com/news/1503
PFE Announces New Product Line,PFE,2025-11-23 16:57:00,CNBC,https://finance.example.com/news/1355
Tech Sell-off Drags BAC Lower,BAC,2025-11-24 07:23:00,InvestorPlace,https://finance.example.com/news/1078
MSFT CFO Steps Down,MSFT,2025-11-24 08:23:00,Financial Times,https://finance.example.com/news/1996
AAPL Expands into New Markets,AAPL,2025-11-24 11:49:00,Reuters,https://finance.example.com/news/798
BAC Beats Earnings Estimates,BAC,2025-11-24 12:38:00,InvestorPlace,https://finance.example.com/news/567
PFE Partners with Industry Leader,PFE,2025-11-24 13:52:00,InvestorPlace,https://finance.example.com/news/439
META Partners with Industry Leader,META,2025-11-24 15:38:00,Wall Street Journal,https://finance.example.com/news/27
GOOGL Announces New Product Line,GOOGL,2025-11-24 17:27:00,InvestorPlace,https://finance.example.com/news/562
JPM Beats Earnings Estimates,JPM,2025-11-24 18:14:00,Reuters,https://finance.example.com/news/1867
Tech Sell-off Drags BAC Lower,BAC,2025-11-25 09:00:00,InvestorPlace,https://finance.example.com/news/1535
META Hits All-Time High on Strong Earnings,META,2025-11-25 14:55:00,Financial Times,https://finance.example.com/news/320
Analysts Upgrade BAC to Buy,BAC,2025-11-25 16:58:00,Wall Street Journal,https://finance.example.com/news/879
FDA Approves MSFT Drug Application,MSFT,2025-11-25 17:58:00,Wall Street Journal,https://finance.example.com/news/1970
WMT Hits All-Time High on Strong Earnings,WMT,2025-11-25 18:39:00,Bloomberg,https://finance.example.com/news/892
JPM Reports Record Quarterly Revenue,JPM,2025-11-27 07:50:00,Wall Street Journal,https://finance.example.com/news/622
META Shares Drop After Weak Guidance,META,2025-11-27 08:39:00,InvestorPlace,https://finance.example.com/news/294
AAPL CFO Steps Down,AAPL,2025-11-27 09:44:00,Bloomberg,https://finance.example.com/news/1059
GOOGL Misses Q3 Targets,GOOGL,2025-11-27 13:53:00,InvestorPlace,https://finance.example.com/news/1034
Insider Buying at AMZN,AMZN,2025-11-27 14:51:00,CNBC,https://finance.example.com/news/675
FDA Approves WMT Drug Application,WMT,2025-11-27 15:04:00,MarketWatch,https://finance.example.com/news/903
AAPL Shares Drop After Weak Guidance,AAPL,2025-11-28 07:09:00,Zacks,https://finance.example.com/news/1254
AMZN CFO Steps Down,AMZN,2025-11-28 08:59:00,Zacks,https://finance.example.com/news/480
MSFT Announces New Product Line,MSFT,2025-11-28 12:21:00,CNBC,https://finance.example.com/news/1641
WMT Announces Stock Buyback,WMT,2025-11-28 15:05:00,MarketWatch,https://finance.example.com/news/1592
WMT Partners with Industry Leader,WMT,2025-11-29 07:07:00,Financial Times,https://finance.example.com/news/878
TSLA Beats Earnings Estimates,TSLA,2025-11-29 08:50:00,MarketWatch,https://finance.example.com/news/1233
META Expands into New Markets,META,2025-11-29 09:25:00,Zacks,https://finance.example.com/news/1989
GOOGL Misses Q3 Targets,GOOGL,2025-11-29 09:32:00,Financial Times,https://finance.example.com/news/854
FDA Approves AMZN Drug Application,AMZN,2025-11-29 09:41:00,Wall Street Journal,https://finance.example.com/news/1610
AAPL Hits All-Time High on Strong Earnings,AAPL,2025-11-29 12:06:00,MarketWatch,https://finance.example.com/news/924
BAC Beats Earnings Estimates,BAC,2025-11-29 12:19:00,MarketWatch,https://finance.example.com/news/488
AAPL Reports Record Quarterly Revenue,AAPL,2025-11-29 13:14:00,InvestorPlace,https://finance.example.com/news/1126
Insider Buying at TSLA,TSLA,2025-11-29 13:49:00,Wall Street Journal,https://finance.example.com/news/1656
WMT Shares Drop After Weak Guidance,WMT,2025-11-29 14:47:00,Wall Street Journal,https://finance.example.com/news/1375
Market Rally Lifts PFE Higher,PFE,2025-11-29 17:34:00,CNBC,https://finance.example.com/news/1008
Analysts Upgrade WMT to Buy,WMT,2025-11-29 18:34:00,InvestorPlace,https://finance.example.com/news/3
MSFT Announces Stock Buyback,MSFT,2025-11-29 19:02:00,Bloomberg,https://finance.example.com/news/509
Tech Sell-off Drags MSFT Lower,MSFT,2025-11-30 07:48:00,Reuters,https://finance.example.com/news/119
Tech Sell-off Drags AAPL Lower,AAPL,2025-11-30 08:28:00,MarketWatch,https://finance.example.com/news/1663
JPM Announces Stock Buyback,JPM,2025-11-30 09:31:00,Reuters,https://finance.example.com/news/192
Market Rally Lifts JPM Higher,JPM,2025-11-30 11:21:00,MarketWatch,https://finance.example.com/news/1284
BAC Beats Earnings Estimates,BAC,2025-11-30 14:58:00,MarketWatch,https://finance.example.com/news/170
FDA Approves MSFT Drug Application,MSFT,2025-12-01 07:06:00,InvestorPlace,https://finance.example.com/news/833
PFE Reports Record Quarterly Revenue,PFE,2025-12-01 09:00:00,Reuters,https://finance.example.com/news/1712
META Announces Stock Buyback,META,2025-12-01 09:07:00,MarketWatch,https://finance.example.com/news/1584
AAPL Expands into New Markets,AAPL,2025-12-01 09:38:00,InvestorPlace,https://finance.example.com/news/716
WMT Beats Earnings Estimates,WMT,2025-12-01 14:26:00,Zacks,https://finance.example.com/news/577
BAC Announces New Product Line,BAC,2025-12-01 17:00:00,Reuters,https://finance.example.com/news/1303
FDA Approves AAPL Drug Application,AAPL,2025-12-02 07:04:00,InvestorPlace,https://finance.example.com/news/1124
JPM Partners with Industry Leader,JPM,2025-12-02 09:04:00,Zacks,https://finance.example.com/news/195
AAPL Reports Record Quarterly Revenue,AAPL,2025-12-02 09:44:00,CNBC,https://finance.example.com/news/592
Tech Sell-off Drags WMT Lower,WMT,2025-12-02 13:14:00,Financial Times,https://finance.example.com/news/645
META Reports Record Quarterly Revenue,META,2025-12-02 18:57:00,MarketWatch,https://finance.example.com/news/768
Market Rally Lifts WMT Higher,WMT,2025-12-03 07:11:00,Financial Times,https://finance.example.com/news/515
Market Rally Lifts META Higher,META,2025-12-03 07:21:00,Reuters,https://finance.example.com/news/1578
TSLA Announces Stock Buyback,TSLA,2025-12-03 08:25:00,CNBC,https://finance.example.com/news/1515
MSFT Beats Earnings Estimates,MSFT,2025-12-03 10:45:00,Zacks,https://finance.example.com/news/1845
PFE Hits All-Time High on Strong Earnings,PFE,2025-12-03 11:51:00,Reuters,https://finance.example.com/news/1270
FDA Approves AAPL Drug Application,AAPL,2025-12-03 13:36:00,InvestorPlace,https://finance.example.com/news/1488
TSLA Hits All-Time High on Strong Earnings,TSLA,2025-12-03 13:54:00,MarketWatch,https://finance.example.com/news/655
META Misses Q3 Targets,META,2025-12-03 16:55:00,CNBC,https://finance.example.com/news/303
Analysts Upgrade TSLA to Buy,TSLA,2025-12-03 17:06:00,Financial Times,https://finance.example.com/news/339
GOOGL Beats Earnings Estimates,GOOGL,2025-12-03 17:51:00,Zacks,https://finance.example.com/news/1565
Insider Buying at PFE,PFE,2025-12-03 18:17:00,Reuters,https://finance.example.com/news/264
JPM Partners with Industry Leader,JPM,2025-12-03 18:38:00,Zacks,https://finance.example.com/news/1606
Analysts Upgrade AAPL to Buy,AAPL,2025-12-03 19:33:00,MarketWatch,https://finance.example.com/news/966
META Partners with Industry Leader,META,2025-12-04 09:01:00,InvestorPlace,https://finance.example.com/news/1955
Market Rally Lifts TSLA Higher,TSLA,2025-12-04 09:10:00,CNBC,https://finance.example.com/news/1167
AAPL Partners with Industry Leader,AAPL,2025-12-04 11:13:00,Wall Street Journal,https://finance.example.com/news/621
Tech Sell-off Drags BAC Lower,BAC,2025-12-04 12:21:00,Wall Street Journal,https://finance.example.com/news/1814
META Announces Stock Buyback,META,2025-12-04 12:55:00,Bloomberg,https://finance.example.com/news/1125
META Hits All-Time High on Strong Earnings,META,2025-12-04 13:17:00,Reuters,https://finance.example.com/news/211
WMT Beats Earnings Estimates,WMT,2025-12-04 13:37:00,MarketWatch,https://finance.example.com/news/1904
AMZN Reports Record Quarterly Revenue,AMZN,2025-12-04 15:04:00,Zacks,https://finance.example.com/news/1823
PFE Hits All-Time High on Strong Earnings,PFE,2025-12-04 15:19:00,Zacks,https://finance.example.com/news/246
FDA Approves BAC Drug Application,BAC,2025-12-04 16:32:00,CNBC,https://finance.example.com/news/845
GOOGL Shares Drop After Weak Guidance,GOOGL,2025-12-05 07:08:00,Reuters,https://finance.example.com/news/241
PFE Hits All-Time High on Strong Earnings,PFE,2025-12-05 08:41:00,Reuters,https://finance.example.com/news/799
WMT Expands into New Markets,WMT,2025-12-05 10:00:00,Financial Times,https://finance.example.com/news/1926
FDA Approves BAC Drug Application,BAC,2025-12-05 11:05:00,InvestorPlace,https://finance.example.com/news/724
PFE Partners with Industry Leader,PFE,2025-12-05 11:31:00,Financial Times,https://finance.example.com/news/872
PFE Expands into New Markets,PFE,2025-12-05 12:43:00,CNBC,https://finance.example.com/news/770
MSFT Misses Q3 Targets,MSFT,2025-12-05 14:11:00,CNBC,https://finance.example.com/news/1599
Analysts Upgrade JPM to Buy,JPM,2025-12-05 14:46:00,CNBC,https://finance.example.com/news/1277
FDA Approves MSFT Drug Application,MSFT,2025-12-05 18:36:00,MarketWatch,https://finance.example.com/news/1597
PFE CFO Steps Down,PFE,2025-12-06 08:46:00,MarketWatch,https://finance.example.com/news/87
WMT Reports Record Quarterly Revenue,WMT,2025-12-06 08:56:00,CNBC,https://finance.example.com/news/62
Analysts Upgrade META to Buy,META,2025-12-06 12:21:00,Wall Street Journal,https://finance.example.com/news/1719
AAPL Hits All-Time High on Strong Earnings,AAPL,2025-12-06 12:55:00,Financial Times,https://finance.example.com/news/1023
MSFT Announces Stock Buyback,MSFT,2025-12-06 14:39:00,Reuters,https://finance.example.com/news/987
Market Rally Lifts JPM Higher,JPM,2025-12-06 15:02:00,MarketWatch,https://finance.example.com/news/1122
Insider Buying at PFE,PFE,2025-12-06 16:13:00,Reuters,https://finance.example.com/news/1572
TSLA Announces Stock Buyback,TSLA,2025-12-07 10:09:00,InvestorPlace,https://finance.example.com/news/1645
WMT Hits All-Time High on Strong Earnings,WMT,2025-12-07 10:51:00,Wall Street Journal,https://finance.example.com/news/1875
MSFT Announces Stock Buyback,MSFT,2025-12-07 11:26:00,CNBC,https://finance.example.com/news/1419
BAC Announces Stock Buyback,BAC,2025-12-07 18:22:00,Bloomberg,https://finance.example.com/news/598
AAPL Partners with Industry Leader,AAPL,2025-12-08 10:07:00,Wall Street Journal,https://finance.example.com/news/1053
BAC Beats Earnings Estimates,BAC,2025-12-08 12:10:00,MarketWatch,https://finance.example.com/news/1492
WMT Reports Record Quarterly Revenue,WMT,2025-12-08 13:20:00,InvestorPlace,https://finance.example.com/news/88
FDA Approves TSLA Drug Application,TSLA,2025-12-08 16:25:00,Zacks,https://finance.example.com/news/1466
PFE Announces Stock Buyback,PFE,2025-12-08 16:58:00,Zacks,https://finance.example.com/news/501
MSFT Partners with Industry Leader,MSFT,2025-12-09 07:48:00,Reuters,https://finance.example.com/news/498
FDA Approves GOOGL Drug Application,GOOGL,2025-12-09 08:36:00,Wall Street Journal,https://finance.example.com/news/121
Market Rally Lifts WMT Higher,WMT,2025-12-09 08:45:00,Reuters,https://finance.example.com/news/1636
GOOGL Announces Stock Buyback,GOOGL,2025-12-09 08:47:00,Zacks,https://finance.example.com/news/1238
Market Rally Lifts PFE Higher,PFE,2025-12-09 13:21:00,Reuters,https://finance.example.com/news/135
AMZN Hits All-Time High on Strong Earnings,AMZN,2025-12-09 15:14:00,Wall Street Journal,https://finance.example.com/news/426
JPM CFO Steps Down,JPM,2025-12-09 17:51:00,InvestorPlace,https://finance.example.com/news/112
Analysts Upgrade META to Buy,META,2025-12-09 18:20:00,Wall Street Journal,https://finance.example.com/news/56
Tech Sell-off Drags JPM Lower,JPM,2025-12-09 18:51:00,Wall Street Journal,https://finance.example.com/news/76
Insider Buying at BAC,BAC,2025-12-10 08:42:00,CNBC,https://finance.example.com/news/1937
WMT Hits All-Time High on Strong Earnings,WMT,2025-12-10 14:43:00,Bloomberg,https://finance.example.com/news/1724
META Expands into New Markets,META,2025-12-10 17:23:00,Zacks,https://finance.example.com/news/34
Analysts Upgrade MSFT to Buy,MSFT,2025-12-10 17:49:00,Wall Street Journal,https://finance.example.com/news/885
BAC CFO Steps Down,BAC,2025-12-10 18:44:00,InvestorPlace,https://finance.example.com/news/230
GOOGL Shares Drop After Weak Guidance,GOOGL,2025-12-10 19:00:00,MarketWatch,https://finance.example.com/news/1848
WMT Hits All-Time High on Strong Earnings,WMT,2025-12-11 07:53:00,Bloomberg,https://finance.example.com/news/1288
GOOGL Announces New Product Line,GOOGL,2025-12-11 11:39:00,CNBC,https://finance.example.com/news/1178
Insider Buying at TSLA,TSLA,2025-12-11 14:58:00,Zacks,https://finance.example.com/news/1196
JPM Partners with Industry Leader,JPM,2025-12-11 17:47:00,Financial Times,https://finance.example.com/news/1626
GOOGL Hits All-Time High on Strong Earnings,GOOGL,2025-12-11 18:25:00,Zacks,https://finance.example.com/news/1104
FDA Approves WMT Drug Application,WMT,2025-12-11 19:19:00,Reuters,https://finance.example.com/news/455
PFE Announces New Product Line,PFE,2025-12-12 07:23:00,Wall Street Journal,https://finance.example.com/news/968
AAPL Hits All-Time High on Strong Earnings,AAPL,2025-12-12 10:24:00,Bloomberg,https://finance.example.com/news/994
Insider Buying at WMT,WMT,2025-12-12 12:56:00,Reuters,https://finance.example.com/news/1371
Market Rally Lifts MSFT Higher,MSFT,2025-12-12 14:42:00,Zacks,https://finance.example.com/news/1479
GOOGL Hits All-Time High on Strong Earnings,GOOGL,2025-12-12 14:43:00,Bloomberg,https://finance.example.com/news/1460
PFE CFO Steps Down,PFE,2025-12-12 14:44:00,InvestorPlace,https://finance.example.com/news/1084
TSLA Partners with Industry Leader,TSLA,2025-12-12 15:24:00,Financial Times,https://finance.example.com/news/197
Tech Sell-off Drags BAC Lower,BAC,2025-12-12 18:15:00,Wall Street Journal,https://finance.example.com/news/1286
Market Rally Lifts MSFT Higher,MSFT,2025-12-12 18:35:00,Wall Street Journal,https://finance.example.com/news/861
TSLA Announces Stock Buyback,TSLA,2025-12-12 19:01:00,Zacks,https://finance.example.com/news/1755
Market Rally Lifts META Higher,META,2025-12-12 19:12:00,CNBC,https://finance.example.com/news/438
MSFT Shares Drop After Weak Guidance,MSFT,2025-12-13 07:35:00,Reuters,https://finance.example.com/news/1751
GOOGL Announces Stock Buyback,GOOGL,2025-12-13 09:04:00,Reuters,https://finance.example.com/news/614
META CFO Steps Down,META,2025-12-13 12:27:00,Bloomberg,https://finance.example.com/news/814
MSFT Reports Record Quarterly Revenue,MSFT,2025-12-13 13:44:00,CNBC,https://finance.example.com/news/1990
WMT CFO Steps Down,WMT,2025-12-13 18:11:00,Financial Times,https://finance.example.com/news/1287
AMZN Partners with Industry Leader,AMZN,2025-12-14 07:44:00,MarketWatch,https://finance.example.com/news/1736
Insider Buying at WMT,WMT,2025-12-14 08:08:00,InvestorPlace,https://finance.example.com/news/591
META Expands into New Markets,META,2025-12-14 09:03:00,Financial Times,https://finance.example.com/news/1700
JPM Expands into New Markets,JPM,2025-12-14 09:59:00,Reuters,https://finance.example.com/news/1963
TSLA Expands into New Markets,TSLA,2025-12-14 14:22:00,InvestorPlace,https://finance.example.com/news/1956
FDA Approves WMT Drug Application,WMT,2025-12-14 15:09:00,Wall Street Journal,https://finance.example.com/news/1319
WMT Expands into New Markets,WMT,2025-12-14 15:21:00,Reuters,https://finance.example.com/news/81
AAPL Misses Q3 Targets,AAPL,2025-12-14 15:49:00,Wall Street Journal,https://finance.example.com/news/824
AMZN CFO Steps Down,AMZN,2025-12-14 16:28:00,Zacks,https://finance.example.com/news/317
PFE Reports Record Quarterly Revenue,PFE,2025-12-14 19:46:00,CNBC,https://finance.example.com/news/215
GOOGL Partners with Industry Leader,GOOGL,2025-12-15 10:02:00,Bloomberg,https://finance.example.com/news/411
BAC Expands into New Markets,BAC,2025-12-15 11:59:00,Financial Times,https://finance.example.com/news/1050
PFE Reports Record Quarterly Revenue,PFE,2025-12-15 13:48:00,Wall Street Journal,https://finance.example.com/news/955
AAPL Reports Record Quarterly Revenue,AAPL,2025-12-15 17:07:00,InvestorPlace,https://finance.example.com/news/1575
JPM Expands into New Markets,JPM,2025-12-15 18:35:00,MarketWatch,https://finance.example.com/news/1652
Analysts Upgrade TSLA to Buy,TSLA,2025-12-16 10:42:00,Bloomberg,https://finance.example.com/news/72
AMZN Beats Earnings Estimates,AMZN,2025-12-16 14:49:00,CNBC,https://finance.example.com/news/1070
JPM Shares Drop After Weak Guidance,JPM,2025-12-16 17:55:00,CNBC,https://finance.example.com/news/461
AMZN Announces Stock Buyback,AMZN,2025-12-17 11:14:00,Bloomberg,https://finance.example.com/news/199
GOOGL Announces New Product Line,GOOGL,2025-12-17 11:53:00,Wall Street Journal,https://finance.example.com/news/1594
Insider Buying at PFE,PFE,2025-12-17 12:58:00,Zacks,https://finance.example.com/news/1624
Analysts Upgrade BAC to Buy,BAC,2025-12-17 13:19:00,Zacks,https://finance.example.com/news/383
WMT Misses Q3 Targets,WMT,2025-12-17 14:17:00,Wall Street Journal,https://finance.example.com/news/1829
TSLA Shares Drop After Weak Guidance,TSLA,2025-12-17 16:34:00,CNBC,https://finance.example.com/news/1326
META Partners with Industry Leader,META,2025-12-17 16:51:00,Bloomberg,https://finance.example.com/news/127
Market Rally Lifts TSLA Higher,TSLA,2025-12-17 17:29:00,Bloomberg,https://finance.example.com/news/1552
META Reports Record Quarterly Revenue,META,2025-12-17 18:44:00,Financial Times,https://finance.example.com/news/1430
PFE Announces Stock Buyback,PFE,2025-12-18 07:09:00,CNBC,https://finance.example.com/news/152
MSFT Misses Q3 Targets,MSFT,2025-12-18 09:01:00,Zacks,https://finance.example.com/news/887
Insider Buying at JPM,JPM,2025-12-18 09:21:00,Zacks,https://finance.example.com/news/794
BAC Shares Drop After Weak Guidance,BAC,2025-12-18 10:59:00,MarketWatch,https://finance.example.com/news/161
Tech Sell-off Drags META Lower,META,2025-12-18 11:38:00,Bloomberg,https://finance.example.com/news/894
MSFT Announces New Product Line,MSFT,2025-12-18 11:52:00,Reuters,https://finance.example.com/news/667
AAPL Shares Drop After Weak Guidance,AAPL,2025-12-18 12:21:00,InvestorPlace,https://finance.example.com/news/1194
AMZN Misses Q3 Targets,AMZN,2025-12-18 17:00:00,MarketWatch,https://finance.example.com/news/802
AMZN Announces Stock Buyback,AMZN,2025-12-18 18:09:00,Zacks,https://finance.example.com/news/1591
JPM Expands into New Markets,JPM,2025-12-18 19:25:00,MarketWatch,https://finance.example.com/news/1815
PFE Partners with Industry Leader,PFE,2025-12-18 19:47:00,Reuters,https://finance.example.com/news/212
Analysts Upgrade JPM to Buy,JPM,2025-12-19 09:56:00,MarketWatch,https://finance.example.com/news/604
MSFT Announces Stock Buyback,MSFT,2025-12-19 12:31:00,Bloomberg,https://finance.example.com/news/1313
BAC Reports Record Quarterly Revenue,BAC,2025-12-19 16:11:00,InvestorPlace,https://finance.example.com/news/1967
AAPL Partners with Industry Leader,AAPL,2025-12-19 16:31:00,Reuters,https://finance.example.com/news/1821
BAC Misses Q3 Targets,BAC,2025-12-19 16:59:00,MarketWatch,https://finance.example.com/news/1185
Insider Buying at BAC,BAC,2025-12-19 17:15:00,Reuters,https://finance.example.com/news/1420
GOOGL Reports Record Quarterly Revenue,GOOGL,2025-12-19 18:57:00,CNBC,https://finance.example.com/news/1138
FDA Approves PFE Drug Application,PFE,2025-12-20 08:09:00,MarketWatch,https://finance.example.com/news/1262
JPM Shares Drop After Weak Guidance,JPM,2025-12-20 09:03:00,Wall Street Journal,https://finance.example.com/news/1004
Tech Sell-off Drags AAPL Lower,AAPL,2025-12-20 11:58:00,CNBC,https://finance.example.com/news/1093
MSFT Expands into New Markets,MSFT,2025-12-20 12:33:00,Reuters,https://finance.example.com/news/1368
Market Rally Lifts AAPL Higher,AAPL,2025-12-20 14:44:00,CNBC,https://finance.example.com/news/1056
BAC Shares Drop After Weak Guidance,BAC,2025-12-20 17:13:00,Financial Times,https://finance.example.com/news/1491
Market Rally Lifts MSFT Higher,MSFT,2025-12-20 17:15:00,Bloomberg,https://finance.example.com/news/126
BAC Partners with Industry Leader,BAC,2025-12-20 18:36:00,Bloomberg,https://finance.example.com/news/1098
META Partners with Industry Leader,META,2025-12-21 08:52:00,InvestorPlace,https://finance.example.com/news/544
Insider Buying at BAC,BAC,2025-12-21 09:22:00,CNBC,https://finance.example.com/news/1425
Analysts Upgrade AMZN to Buy,AMZN,2025-12-21 16:30:00,MarketWatch,https://finance.example.com/news/513
JPM CFO Steps Down,JPM,2025-12-22 08:50:00,CNBC,https://finance.example.com/news/1749
AMZN Announces New Product Line,AMZN,2025-12-22 09:44:00,Wall Street Journal,https://finance.example.com/news/1439
BAC Announces New Product Line,BAC,2025-12-22 11:57:00,Reuters,https://finance.example.com/news/201
WMT Expands into New Markets,WMT,2025-12-22 12:20:00,InvestorPlace,https://finance.example.com/news/1784
GOOGL Partners with Industry Leader,GOOGL,2025-12-23 07:07:00,Zacks,https://finance.example.com/news/1726
WMT CFO Steps Down,WMT,2025-12-23 13:26:00,CNBC,https://finance.example.com/news/475
META Hits All-Time High on Strong Earnings,META,2025-12-23 14:37:00,Reuters,https://finance.example.com/news/1489
Market Rally Lifts TSLA Higher,TSLA,2025-12-23 16:06:00,InvestorPlace,https://finance.example.com/news/948
Insider Buying at BAC,BAC,2025-12-23 16:59:00,InvestorPlace,https://finance.example.com/news/1256
META Expands into New Markets,META,2025-12-23 18:50:00,Zacks,https://finance.example.com/news/50
MSFT Expands into New Markets,MSFT,2025-12-24 08:53:00,CNBC,https://finance.example.com/news/1716
Tech Sell-off Drags JPM Lower,JPM,2025-12-24 13:13:00,Zacks,https://finance.example.com/news/1811
BAC Partners with Industry Leader,BAC,2025-12-24 13:46:00,CNBC,https://finance.example.com/news/1923
FDA Approves META Drug Application,META,2025-12-24 14:07:00,Reuters,https://finance.example.com/news/179
BAC Shares Drop After Weak Guidance,BAC,2025-12-24 15:29:00,Financial Times,https://finance.example.com/news/993
META Announces Stock Buyback,META,2025-12-24 17:25:00,CNBC,https://finance.example.com/news/305
AAPL Beats Earnings Estimates,AAPL,2025-12-24 17:27:00,CNBC,https://finance.example.com/news/504
PFE Hits All-Time High on Strong Earnings,PFE,2025-12-25 08:22:00,Bloomberg,https://finance.example.com/news/893
Tech Sell-off Drags BAC Lower,BAC,2025-12-25 09:06:00,Wall Street Journal,https://finance.example.com/news/959
Market Rally Lifts PFE Higher,PFE,2025-12-25 09:26:00,Bloomberg,https://finance.example.com/news/804
META Announces New Product Line,META,2025-12-26 08:24:00,Reuters,https://finance.example.com/news/77
Tech Sell-off Drags MSFT Lower,MSFT,2025-12-26 08:54:00,Wall Street Journal,https://finance.example.com/news/252
GOOGL Reports Record Quarterly Revenue,GOOGL,2025-12-26 19:19:00,Financial Times,https://finance.example.com/news/265
WMT Hits All-Time High on Strong Earnings,WMT,2025-12-27 08:58:00,Bloomberg,https://finance.example.com/news/971
JPM Hits All-Time High on Strong Earnings,JPM,2025-12-27 10:13:00,MarketWatch,https://finance.example.com/news/564
BAC Reports Record Quarterly Revenue,BAC,2025-12-27 13:03:00,Financial Times,https://finance.example.com/news/1952
PFE Hits All-Time High on Strong Earnings,PFE,2025-12-27 18:22:00,CNBC,https://finance.example.com/news/692
Tech Sell-off Drags GOOGL Lower,GOOGL,2025-12-28 14:28:00,Reuters,https://finance.example.com/news/328
Analysts Upgrade AMZN to Buy,AMZN,2025-12-28 16:28:00,Bloomberg,https://finance.example.com/news/1694
META Partners with Industry Leader,META,2025-12-28 16:30:00,Wall Street Journal,https://finance.example.com/news/1951
Tech Sell-off Drags TSLA Lower,TSLA,2025-12-29 07:52:00,MarketWatch,https://finance.example.com/news/1079
MSFT Hits All-Time High on Strong Earnings,MSFT,2025-12-29 09:44:00,Reuters,https://finance.example.com/news/635
Tech Sell-off Drags MSFT Lower,MSFT,2025-12-29 12:33:00,Wall Street Journal,https://finance.example.com/news/873
META Hits All-Time High on Strong Earnings,META,2025-12-29 13:00:00,Wall Street Journal,https://finance.example.com/news/85
MSFT Beats Earnings Estimates,MSFT,2025-12-29 13:46:00,CNBC,https://finance.example.com/news/1165
Analysts Upgrade AAPL to Buy,AAPL,2025-12-29 14:28:00,CNBC,https://finance.example.com/news/299
TSLA Announces New Product Line,TSLA,2025-12-29 15:44:00,Financial Times,https://finance.example.com/news/701
AAPL Shares Drop After Weak Guidance,AAPL,2025-12-29 17:03:00,Wall Street Journal,https://finance.example.com/news/37
FDA Approves MSFT Drug Application,MSFT,2025-12-29 17:30:00,Zacks,https://finance.example.com/news/1577
GOOGL Announces New Product Line,GOOGL,2025-12-29 18:57:00,CNBC,https://finance.example.com/news/1392
MSFT Reports Record Quarterly Revenue,MSFT,2025-12-30 15:25:00,CNBC,https://finance.example.com/news/750
Tech Sell-off Drags GOOGL Lower,GOOGL,2025-12-31 07:26:00,MarketWatch,https://finance.example.com/news/1168
Market Rally Lifts BAC Higher,BAC,2025-12-31 10:56:00,Zacks,https://finance.example.com/news/1162
AAPL Announces New Product Line,AAPL,2025-12-31 11:05:00,Reuters,https://finance.example.com/news/657
AMZN Announces New Product Line,AMZN,2025-12-31 12:53:00,Wall Street Journal,https://finance.example.com/news/593
