Price,Close,High,Low,Open,Volume,Symbol,Close,High,Low,Open,Volume,Close,High,Low,Open,Volume,Close,High,Low,Open,Volume,Close,High,Low,Open,Volume,Close,High,Low,Open,Volume,Close,High,Low,Open,Volume,Close,High,Low,Open,Volume,Close,High,Low,Open,Volume,Close,High,Low,Open,Volume
Ticker,AAPL,AAPL,AAPL,AAPL,AAPL,,MSFT,MSFT,MSFT,MSFT,MSFT,GOOGL,GOOGL,GOOGL,GOOGL,GOOGL,AMZN,AMZN,AMZN,AMZN,AMZN,META,META,META,META,META,TSLA,TSLA,TSLA,TSLA,TSLA,JPM,JPM,JPM,JPM,JPM,BAC,BAC,BAC,BAC,BAC,WMT,WMT,WMT,WMT,WMT,PFE,PFE,PFE,PFE,PFE
Date,,,,,,,,,,,,,,,,,,,,,,,,,,,,,,,,,,,,,,,,,,,,,,,,,,,
2025-05-15,210.6144561767578,212.11849916658366,208.71199985896817,210.11643191755599,45029500.0,AAPL,,,,,,,,,,,,,,,,,,,,,,,,,,,,,,,,,,,,,,,,,,,,,
2025-05-16,210.42520141601562,211.73003772257164,208.94109887256835,211.52086084946143,54737900.0,AAPL,,,,,,,,,,,,,,,,,,,,,,,,,,,,,,,,,,,,,,,,,,,,,
2025-05-19,207.9550018310547,208.65223273202483,203.45285841572866,207.0884445111699,46140500.0,AAPL,,,,,,,,,,,,,,,,,,,,,,,,,,,,,,,,,,,,,,,,,,,,,
2025-05-20,206.0426025390625,207.64624130377067,204.2198318786679,206.84939942841044,42496600.0,AAPL,,,,,,,,,,,,,,,,,,,,,,,,,,,,,,,,,,,,,,,,,,,,,
2025-05-21,201.29144287109375,206.2218800326306,199.91690624087693,204.35927415345975,59211800.0,AAPL,,,,,,,,,,,,,,,,,,,,,,,,,,,,,,,,,,,,,,,,,,,,,
2025-05-22,200.5643310546875,201.94883789272,198.91088686006037,199.91690559460176,46742400.0,AAPL,,,,,,,,,,,,,,,,,,,,,,,,,,,,,,,,,,,,,,,,,,,,,
2025-05-23,194.49838256835938,196.91877297523902,192.6955373289648,192.9046989896,78432900.0,AAPL,,,,,,,,,,,,,,,,,,,,,,,,,,,,,,,,,,,,,,,,,,,,,
2025-05-27,199.4188690185547,199.94677348688452,196.64984031499387,197.51641281084125,56288500.0,AAPL,,,,,,,,,,,,,,,,,,,,,,,,,,,,,,,,,,,,,,,,,,,,,
2025-05-28,199.62803649902344,201.9289060786693,199.11008702875665,199.79736291846774,45339700.0,AAPL,,,,,,,,,,,,,,,,,,,,,,,,,,,,,,,,,,,,,,,,,,,,,
2025-05-29,199.15989685058594,203.00464471322186,197.72558456215265,202.775557811137,51396800.0,AAPL,,,,,,,,,,,,,,,,,,,,,,,,,,,,,,,,,,,,,,,,,,,,,
2025-05-30,200.05633544921875,201.1619498266407,196.00241099917397,198.5821728136608,70819900.0,AAPL,,,,,,,,,,,,,,,,,,,,,,,,,,,,,,,,,,,,,,,,,,,,,
2025-06-02,200.90296936035156,201.33127809714276,199.32921098525782,199.488582384924,35423300.0,AAPL,,,,,,,,,,,,,,,,,,,,,,,,,,,,,,,,,,,,,,,,,,,,,
2025-06-03,202.46678161621094,202.96480586317466,200.16591202699755,200.55437033168948,46381600.0,AAPL,,,,,,,,,,,,,,,,,,,,,,,,,,,,,,,,,,,,,,,,,,,,,
2025-06-04,202.0185546875,205.42503857555045,201.30139858491114,202.10819540070028,43604000.0,AAPL,,,,,,,,,,,,,,,,,,,,,,,,,,,,,,,,,,,,,,,,,,,,,
2025-06-05,199.8372039794922,203.94091870107042,199.35908978394463,202.69585814733983,55126100.0,AAPL,,,,,,,,,,,,,,,,,,,,,,,,,,,,,,,,,,,,,,,,,,,,,
2025-06-06,203.11419677734375,204.8871617909174,201.2515910514923,202.19783403313102,46607700.0,AAPL,,,,,,,,,,,,,,,,,,,,,,,,,,,,,,,,,,,,,,,,,,,,,
2025-06-09,200.65394592285156,205.18596915505242,199.22960401477,203.58233063284266,72862600.0,AAPL,,,,,,,,,,,,,,,,,,,,,,,,,,,,,,,,,,,,,,,,,,,,,
2025-06-10,201.86915588378906,203.54252533508333,199.77746306778945,199.80734330812555,54672600.0,AAPL,,,,,,,,,,,,,,,,,,,,,,,,,,,,,,,,,,,,,,,,,,,,,
2025-06-11,197.9945068359375,203.69190510411792,197.62597377823997,202.69585666840098,60989900.0,AAPL,,,,,,,,,,,,,,,,,,,,,,,,,,,,,,,,,,,,,,,,,,,,,
2025-06-12,198.41285705566406,198.890956077424,196.58013147350607,198.29333609984755,43904600.0,AAPL,,,,,,,,,,,,,,,,,,,,,,,,,,,,,,,,,,,,,,,,,,,,,
2025-06-13,195.67372131347656,199.57822954037988,194.92668495173118,198.94075911963023,51447300.0,AAPL,,,,,,,,,,,,,,,,,,,,,,,,,,,,,,,,,,,,,,,,,,,,,
2025-06-16,197.6359405517578,197.90487790098294,195.78328974313985,196.52037110088898,43020700.0,AAPL,,,,,,,,,,,,,,,,,,,,,,,,,,,,,,,,,,,,,,,,,,,,,
2025-06-17,194.86691284179688,197.60604600468164,194.43861931524052,196.42074594971083,38856200.0,AAPL,,,,,,,,,,,,,,,,,,,,,,,,,,,,,,,,,,,,,,,,,,,,,
2025-06-18,195.80320739746094,196.7893008408277,194.2991796996429,195.16573699325735,45394700.0,AAPL,,,,,,,,,,,,,,,,,,,,,,,,,,,,,,,,,,,,,,,,,,,,,
2025-06-20,200.20574951171875,200.90298042554332,196.08210930882012,197.45666110928434,96813500.0,AAPL,,,,,,,,,,,,,,,,,,,,,,,,,,,,,,,,,,,,,,,,,,,,,
2025-06-23,200.70375061035156,201.50059236215068,198.1737943867686,200.83324176458547,55814300.0,AAPL,,,,,,,,,,,,,,,,,,,,,,,,,,,,,,,,,,,,,,,,,,,,,
2025-06-24,199.50851440429688,202.63610603642124,199.4089034764897,201.78945874554142,54064000.0,AAPL,,,,,,,,,,,,,,,,,,,,,,,,,,,,,,,,,,,,,,,,,,,,,
2025-06-25,200.76353454589844,202.8651975026319,199.82724651799433,200.65396860223956,39525700.0,AAPL,,,,,,,,,,,,,,,,,,,,,,,,,,,,,,,,,,,,,,,,,,,,,
2025-06-26,200.20574951171875,201.8392684520338,198.67184150130464,200.63404307360597,50799100.0,AAPL,,,,,,,,,,,,,,,,,,,,,,,,,,,,,,,,,,,,,,,,,,,,,
2025-06-27,200.28543090820312,202.41697405518968,199.20969672208463,201.09222774816857,73188600.0,AAPL,,,,,,,,,,,,,,,,,,,,,,,,,,,,,,,,,,,,,,,,,,,,,
2025-06-30,204.3592529296875,206.57048164253425,198.4726031076903,201.211736268348,91912800.0,AAPL,,,,,,,,,,,,,,,,,,,,,,,,,,,,,,,,,,,,,,,,,,,,,
2025-07-01,206.99879455566406,209.35942450018746,205.3254252695324,205.85332972802502,78788900.0,AAPL,,,,,,,,,,,,,,,,,,,,,,,,,,,,,,,,,,,,,,,,,,,,,
2025-07-02,211.6005401611328,212.49697770796604,207.31752868499885,208.08449026524102,67941800.0,AAPL,,,,,,,,,,,,,,,,,,,,,,,,,,,,,,,,,,,,,,,,,,,,,
2025-07-03,212.70614624023438,213.8017903991559,210.97301649264048,211.31166931275297,34955800.0,AAPL,,,,,,,,,,,,,,,,,,,,,,,,,,,,,,,,,,,,,,,,,,,,,
2025-07-07,209.12037658691406,215.37555986284275,207.97492690746134,211.83958469799765,50229000.0,AAPL,,,,,,,,,,,,,,,,,,,,,,,,,,,,,,,,,,,,,,,,,,,,,
2025-07-08,209.1801300048828,210.59451698338924,207.6262968509882,209.26978591644843,42848900.0,AAPL,,,,,,,,,,,,,,,,,,,,,,,,,,,,,,,,,,,,,,,,,,,,,
2025-07-09,210.3056640625,210.49491569520316,206.40115605631001,208.70202548866368,48749400.0,AAPL,,,,,,,,,,,,,,,,,,,,,,,,,,,,,,,,,,,,,,,,,,,,,
2025-07-10,211.57066345214844,212.63642743345136,209.2000631819418,209.67816220166208,44443600.0,AAPL,,,,,,,,,,,,,,,,,,,,,,,,,,,,,,,,,,,,,,,,,,,,,
2025-07-11,210.32559204101562,211.29176024279,209.03072603053,209.73792710960444,39765800.0,AAPL,,,,,,,,,,,,,,,,,,,,,,,,,,,,,,,,,,,,,,,,,,,,,
2025-07-14,207.79562377929688,210.07658325197187,206.71988962428105,209.10044482334126,38840100.0,AAPL,,,,,,,,,,,,,,,,,,,,,,,,,,,,,,,,,,,,,,,,,,,,,
2025-07-15,208.28369140625,211.05270487364396,208.09443976951917,208.39325734338402,42296300.0,AAPL,,,,,,,,,,,,,,,,,,,,,,,,,,,,,,,,,,,,,,,,,,,,,
2025-07-16,209.3295440673828,211.5606828488181,207.8155461810567,209.4689902412225,47490500.0,AAPL,,,,,,,,,,,,,,,,,,,,,,,,,,,,,,,,,,,,,,,,,,,,,
2025-07-17,209.19009399414062,210.96305897069354,208.761785269157,209.7379236663323,48068100.0,AAPL,,,,,,,,,,,,,,,,,,,,,,,,,,,,,,,,,,,,,,,,,,,,,
2025-07-18,210.3455047607422,210.95309492429405,208.87135730762196,210.0367321724359,48974600.0,AAPL,,,,,,,,,,,,,,,,,,,,,,,,,,,,,,,,,,,,,,,,,,,,,
2025-07-21,211.640380859375,214.92734394651046,210.79374875413163,211.26189276464606,51377400.0,AAPL,,,,,,,,,,,,,,,,,,,,,,,,,,,,,,,,,,,,,,,,,,,,,
2025-07-22,213.5527801513672,214.1006098348481,211.39135685335447,212.29776458434165,46404100.0,AAPL,,,,,,,,,,,,,,,,,,,,,,,,,,,,,,,,,,,,,,,,,,,,,
2025-07-23,213.3037872314453,214.29983576430007,211.5706725113145,214.15043456376964,46989300.0,AAPL,,,,,,,,,,,,,,,,,,,,,,,,,,,,,,,,,,,,,,,,,,,,,
2025-07-24,212.91531372070312,214.83769515517375,212.68622683006964,213.05475989741393,46022600.0,AAPL,,,,,,,,,,,,,,,,,,,,,,,,,,,,,,,,,,,,,,,,,,,,,
2025-07-25,213.03485107421875,214.38947759784276,212.5567368669443,213.85160291428238,40268800.0,AAPL,,,,,,,,,,,,,,,,,,,,,,,,,,,,,,,,,,,,,,,,,,,,,
2025-07-28,213.20419311523438,214.00103498726418,212.21809958876685,213.18426788884761,37858000.0,AAPL,,,,,,,,,,,,,,,,,,,,,,,,,,,,,,,,,,,,,,,,,,,,,
2025-07-29,210.43515014648438,213.96115480223384,209.9869314052821,213.33363944545516,51411700.0,AAPL,,,,,,,,,,,,,,,,,,,,,,,,,,,,,,,,,,,,,,,,,,,,,
2025-07-30,208.22393798828125,211.5507362671114,206.89919168476044,211.06266703997414,45512500.0,AAPL,,,,,,,,,,,,,,,,,,,,,,,,,,,,,,,,,,,,,,,,,,,,,
2025-07-31,206.74978637695312,209.01080544085684,206.3414028602417,207.66614913739534,80698400.0,AAPL,,,,,,,,,,,,,,,,,,,,,,,,,,,,,,,,,,,,,,,,,,,,,
2025-08-01,201.58029174804688,212.73603143542957,200.7037642416869,210.03673342752194,104434500.0,AAPL,,,,,,,,,,,,,,,,,,,,,,,,,,,,,,,,,,,,,,,,,,,,,
2025-08-04,202.5464630126953,207.0585613783641,200.88304868853191,203.70186769022786,75109300.0,AAPL,,,,,,,,,,,,,,,,,,,,,,,,,,,,,,,,,,,,,,,,,,,,,
2025-08-05,202.1181640625,204.5285996595603,201.36117265797924,202.59626309701343,44155100.0,AAPL,,,,,,,,,,,,,,,,,,,,,,,,,,,,,,,,,,,,,,,,,,,,,
2025-08-06,212.40733337402344,214.52892145014,204.77759854868273,204.81744899810374,108483100.0,AAPL,,,,,,,,,,,,,,,,,,,,,,,,,,,,,,,,,,,,,,,,,,,,,
2025-08-07,219.16053771972656,219.97730473834642,215.7241736307253,218.01508808955717,90224800.0,AAPL,,,,,,,,,,,,,,,,,,,,,,,,,,,,,,,,,,,,,,,,,,,,,
2025-08-08,228.44371032714844,230.08718413442585,218.3836152444713,219.95737356583322,113854000.0,AAPL,,,,,,,,,,,,,,,,,,,,,,,,,,,,,,,,,,,,,,,,,,,,,
2025-08-11,226.53909301757812,228.91238364576833,224.12592192869855,227.27701087414155,61806100.0,AAPL,,,,,,,,,,,,,,,,,,,,,,,,,,,,,,,,,,,,,,,,,,,,,
2025-08-12,229.0021209716797,230.14888579943394,226.429412881848,227.36674823663387,55626200.0,AAPL,,,,,,,,,,,,,,,,,,,,,,,,,,,,,,,,,,,,,,,,,,,,,
2025-08-13,232.6717529296875,234.33703985510917,229.77992501054072,230.4181341091737,69878500.0,AAPL,,,,,,,,,,,,,,,,,,,,,,,,,,,,,,,,,,,,,,,,,,,,,
2025-08-14,232.12330627441406,234.4567012802976,230.19875827485632,233.39969406647393,51916300.0,AAPL,,,,,,,,,,,,,,,,,,,,,,,,,,,,,,,,,,,,,,,,,,,,,
2025-08-15,230.9366455078125,233.6190590405621,228.69299310222902,233.33985018068216,56038700.0,AAPL,,,,,,,,,,,,,,,,,,,,,,,,,,,,,,,,,,,,,,,,,,,,,
2025-08-18,230.23863220214844,232.46233685580373,229.46083388892833,231.04634466466607,37476200.0,AAPL,,,,,,,,,,,,,,,,,,,,,,,,,,,,,,,,,,,,,,,,,,,,,
2025-08-19,229.90956115722656,232.2130419457167,228.70298322789472,230.62753117126795,39402600.0,AAPL,,,,,,,,,,,,,,,,,,,,,,,,,,,,,,,,,,,,,,,,,,,,,
2025-08-20,225.3723907470703,229.81981519856654,225.13307755654054,229.33119207499826,42263900.0,AAPL,,,,,,,,,,,,,,,,,,,,,,,,,,,,,,,,,,,,,,,,,,,,,
2025-08-21,224.26551818847656,225.88095827873425,223.14868274098328,225.63166356522294,30621200.0,AAPL,,,,,,,,,,,,,,,,,,,,,,,,,,,,,,,,,,,,,,,,,,,,,
2025-08-22,227.11744689941406,228.44369658121065,224.77408575714253,225.53193619713707,42477800.0,AAPL,,,,,,,,,,,,,,,,,,,,,,,,,,,,,,,,,,,,,,,,,,,,,
2025-08-25,226.51914978027344,228.6531118971015,225.59176554347297,225.84106025439092,30983100.0,AAPL,,,,,,,,,,,,,,,,,,,,,,,,,,,,,,,,,,,,,,,,,,,,,
2025-08-26,228.6630859375,228.84258604761433,224.05612439304167,226.22996704217394,54575100.0,AAPL,,,,,,,,,,,,,,,,,,,,,,,,,,,,,,,,,,,,,,,,,,,,,
2025-08-27,229.8397674560547,230.24859923631865,227.6160475796746,227.96506627689797,31259500.0,AAPL,,,,,,,,,,,,,,,,,,,,,,,,,,,,,,,,,,,,,,,,,,,,,
2025-08-28,231.9039306640625,232.75153884501827,228.69301327644948,230.16884905542523,38074700.0,AAPL,,,,,,,,,,,,,,,,,,,,,,,,,,,,,,,,,,,,,,,,,,,,,
2025-08-29,231.485107421875,232.7216147258446,230.71727541448905,231.85405874294378,39418400.0,AAPL,,,,,,,,,,,,,,,,,,,,,,,,,,,,,,,,,,,,,,,,,,,,,
2025-09-02,229.0719451904297,230.19876225122124,226.32970313085187,228.6032698757151,44075600.0,AAPL,,,,,,,,,,,,,,,,,,,,,,,,,,,,,,,,,,,,,,,,,,,,,
2025-09-03,237.79725646972656,238.17618932549604,233.69885053091846,236.5408165177042,66427800.0,AAPL,,,,,,,,,,,,,,,,,,,,,,,,,,,,,,,,,,,,,,,,,,,,,
2025-09-04,239.10353088378906,239.22318747047024,236.07211403385233,237.7772812570227,47549400.0,AAPL,,,,,,,,,,,,,,,,,,,,,,,,,,,,,,,,,,,,,,,,,,,,,
2025-09-05,239.01380920410156,240.63921565449175,237.8171975861315,239.3229322237051,54870400.0,AAPL,,,,,,,,,,,,,,,,,,,,,,,,,,,,,,,,,,,,,,,,,,,,,
2025-09-08,237.20892333984375,239.47250850410185,235.6732593017711,238.62491556233425,48999500.0,AAPL,,,,,,,,,,,,,,,,,,,,,,,,,,,,,,,,,,,,,,,,,,,,,
2025-09-09,233.6888885498047,238.10638391026913,232.70167593051625,236.33140663047269,66313900.0,AAPL,,,,,,,,,,,,,,,,,,,,,,,,,,,,,,,,,,,,,,,,,,,,,
2025-09-10,226.1501922607422,231.76431424305812,225.31256565050364,231.53496736029473,83440800.0,AAPL,,,,,,,,,,,,,,,,,,,,,,,,,,,,,,,,,,,,,,,,,,,,,
2025-09-11,229.3810577392578,229.7998710451417,226.010588238333,226.23995033725743,50208600.0,AAPL,,,,,,,,,,,,,,,,,,,,,,,,,,,,,,,,,,,,,,,,,,,,,
2025-09-12,233.40968322753906,233.84842918261825,228.373926506362,228.57335925244223,55824200.0,AAPL,,,,,,,,,,,,,,,,,,,,,,,,,,,,,,,,,,,,,,,,,,,,,
2025-09-15,236.03224182128906,237.5180438551372,234.36695488957946,236.33139853346725,42699500.0,AAPL,,,,,,,,,,,,,,,,,,,,,,,,,,,,,,,,,,,,,,,,,,,,,
2025-09-16,237.4781494140625,240.53949594661788,235.65332541334,236.51088466190768,63421100.0,AAPL,,,,,,,,,,,,,,,,,,,,,,,,,,,,,,,,,,,,,,,,,,,,,
2025-09-17,238.3157958984375,239.42266510979977,237.05934071942244,238.2958480596019,46508000.0,AAPL,,,,,,,,,,,,,,,,,,,,,,,,,,,,,,,,,,,,,,,,,,,,,
2025-09-18,237.20892333984375,240.51954939992544,235.98238232851827,239.29302360434258,44249600.0,AAPL,,,,,,,,,,,,,,,,,,,,,,,,,,,,,,,,,,,,,,,,,,,,,
2025-09-19,244.8074188232422,245.60516498271895,239.53234916144805,240.5494606794321,163741300.0,AAPL,,,,,,,,,,,,,,,,,,,,,,,,,,,,,,,,,,,,,,,,,,,,,
2025-09-22,255.35755920410156,255.9160073848096,247.42002368458668,247.5995237986898,105517400.0,AAPL,,,,,,,,,,,,,,,,,,,,,,,,,,,,,,,,,,,,,,,,,,,,,
2025-09-23,253.7122344970703,256.6140289111009,252.86464151383097,255.15815615601056,60275200.0,AAPL,,,,,,,,,,,,,,,,,,,,,,,,,,,,,,,,,,,,,,,,,,,,,
2025-09-24,251.5981903076172,255.01852163586054,250.33176892231356,254.49998437943248,42303700.0,AAPL,,,,,,,,,,,,,,,,,,,,,,,,,,,,,,,,,,,,,,,,,,,,,
2025-09-25,256.14532470703125,256.4444966190252,250.99989343760635,252.49566170312627,55202100.0,AAPL,,,,,,,,,,,,,,,,,,,,,,,,,,,,,,,,,,,,,,,,,,,,,
2025-09-26,254.73931884765625,256.87328100426123,253.06405044687503,253.38315498635407,46076300.0,AAPL,,,,,,,,,,,,,,,,,,,,,,,,,,,,,,,,,,,,,,,,,,,,,
2025-09-29,253.7122344970703,254.28063380560434,252.29624220529692,253.8418726304012,40127700.0,AAPL,,,,,,,,,,,,,,,,,,,,,,,,,,,,,,,,,,,,,,,,,,,,,
2025-09-30,253.9116668701172,255.1980209495745,252.39595068950493,254.1410137555297,37704300.0,AAPL,,,,,,,,,,,,,,,,,,,,,,,,,,,,,,,,,,,,,,,,,,,,,
2025-10-01,254.72933959960938,258.0599285933123,254.21080232618834,254.32049261064776,48713900.0,AAPL,,,,,,,,,,,,,,,,,,,,,,,,,,,,,,,,,,,,,,,,,,,,,
2025-10-02,256.40460205078125,257.45162766856953,253.43299812845933,255.85613542550084,42630200.0,AAPL,,,,,,,,,,,,,,,,,,,,,,,,,,,,,,,,,,,,,,,,,,,,,
2025-10-03,257.2920837402344,258.5086431914624,253.23357360959045,253.9515436206674,49155600.0,AAPL,,,,,,,,,,,,,,,,,,,,,,,,,,,,,,,,,,,,,,,,,,,,,
2025-10-06,255.96583557128906,258.33912604890287,254.3304629034206,257.2621558739689,44664100.0,AAPL,,,,,,,,,,,,,,,,,,,,,,,,,,,,,,,,,,,,,,,,,,,,,
2025-10-07,255.75645446777344,256.6738420114173,254.70939836699205,256.0855101139428,31955800.0,AAPL,,,,,,,,,,,,,,,,,,,,,,,,,,,,,,,,,,,,,,,,,,,,,
2025-10-08,257.3320007324219,257.7906945345413,255.38748958216482,255.79633660873378,36496900.0,AAPL,,,,,,,,,,,,,,,,,,,,,,,,,,,,,,,,,,,,,,,,,,,,,
2025-10-09,253.32330322265625,257.27213808351553,252.42584836214985,257.08267167133846,38322000.0,AAPL,,,,,,,,,,,,,,,,,,,,,,,,,,,,,,,,,,,,,,,,,,,,,
2025-10-10,244.5780792236328,255.65673769030235,243.31165772832736,254.22079760361632,61999100.0,AAPL,,,,,,,,,,,,,,,,,,,,,,,,,,,,,,,,,,,,,,,,,,,,,
2025-10-13,246.96133422851562,248.98560621270488,244.86725241658198,248.67648318296307,38142900.0,AAPL,,,,,,,,,,,,,,,,,,,,,,,,,,,,,,,,,,,,,,,,,,,,,
2025-10-14,247.07101440429688,248.14796941642882,244.00966795095763,245.90431694508948,35478000.0,AAPL,,,,,,,,,,,,,,,,,,,,,,,,,,,,,,,,,,,,,,,,,,,,,
2025-10-15,248.63658142089844,251.10959602979932,246.77186176083558,248.78616738422895,33893600.0,AAPL,,,,,,,,,,,,,,,,,,,,,,,,,,,,,,,,,,,,,,,,,,,,,
2025-10-16,246.7519073486328,248.33741809379524,244.43846029169785,247.54965348458146,39777000.0,AAPL,,,,,,,,,,,,,,,,,,,,,,,,,,,,,,,,,,,,,,,,,,,,,
2025-10-17,251.5782470703125,252.66518358811555,246.57242016484557,247.3203043073955,49147000.0,AAPL,,,,,,,,,,,,,,,,,,,,,,,,,,,,,,,,,,,,,,,,,,,,,
2025-10-20,261.50018310546875,263.63416054313814,254.90884523128253,255.168106265739,90483000.0,AAPL,,,,,,,,,,,,,,,,,,,,,,,,,,,,,,,,,,,,,,,,,,,,,
2025-10-21,262.0286865234375,264.5415968076956,261.0913359303388,261.141213133835,46695900.0,AAPL,,,,,,,,,,,,,,,,,,,,,,,,,,,,,,,,,,,,,,,,,,,,,
2025-10-22,257.72088623046875,262.1084670888602,254.70938662410154,261.9090191460537,45015300.0,AAPL,,,,,,,,,,,,,,,,,,,,,,,,,,,,,,,,,,,,,,,,,,,,,
2025-10-23,258.84765625,259.8847307097371,257.2821086816683,259.2066564378435,32754900.0,AAPL,,,,,,,,,,,,,,,,,,,,,,,,,,,,,,,,,,,,,,,,,,,,,
2025-10-24,262.07855224609375,263.3848541030092,258.44880663072195,260.4531458541269,38253700.0,AAPL,,,,,,,,,,,,,,,,,,,,,,,,,,,,,,,,,,,,,,,,,,,,,
2025-10-27,268.0516357421875,268.3607587413759,263.9033682058253,264.13273028939324,44888200.0,AAPL,,,,,,,,,,,,,,,,,,,,,,,,,,,,,,,,,,,,,,,,,,,,,
2025-10-28,268.2410888671875,269.12859257872884,267.39348082722177,268.23110734142335,41534800.0,AAPL,,,,,,,,,,,,,,,,,,,,,,,,,,,,,,,,,,,,,,,,,,,,,
2025-10-29,268.93914794921875,270.6443152614699,266.35642794866993,268.5203194424725,51086700.0,AAPL,,,,,,,,,,,,,,,,,,,,,,,,,,,,,,,,,,,,,,,,,,,,,
2025-10-30,270.63433837890625,273.36662916750566,267.72259312931254,271.2226702585742,69886500.0,AAPL,,,,,,,,,,,,,,,,,,,,,,,,,,,,,,,,,,,,,,,,,,,,,
2025-10-31,269.60723876953125,276.53764389728985,268.4006608909581,276.2085578376442,86167100.0,AAPL,,,,,,,,,,,,,,,,,,,,,,,,,,,,,,,,,,,,,,,,,,,,,
2025-11-03,268.2909851074219,270.08592548154905,265.4988962118729,269.6571458353552,50194600.0,AAPL,,,,,,,,,,,,,,,,,,,,,,,,,,,,,,,,,,,,,,,,,,,,,
2025-11-04,269.2781982421875,270.72408938596277,266.86501191822913,267.5730004152706,49274800.0,AAPL,,,,,,,,,,,,,,,,,,,,,,,,,,,,,,,,,,,,,,,,,,,,,
2025-11-05,269.3778991699219,270.93349568379296,266.17693326929896,267.8521863717013,43683100.0,AAPL,,,,,,,,,,,,,,,,,,,,,,,,,,,,,,,,,,,,,,,,,,,,,
2025-11-06,269.0089416503906,272.6287059365568,267.1342708755924,267.1342708755924,51204000.0,AAPL,,,,,,,,,,,,,,,,,,,,,,,,,,,,,,,,,,,,,,,,,,,,,
2025-11-07,267.7126159667969,271.5218466038475,266.0173996929098,269.03885049148494,48227400.0,AAPL,,,,,,,,,,,,,,,,,,,,,,,,,,,,,,,,,,,,,,,,,,,,,
2025-11-10,268.9303283691406,273.2223721938244,266.9639805623884,268.46119877683986,41312400.0,AAPL,,,,,,,,,,,,,,,,,,,,,,,,,,,,,,,,,,,,,,,,,,,,,
2025-11-11,274.73956298828125,275.3983427074405,269.2996575494418,269.3096487524697,46208300.0,AAPL,,,,,,,,,,,,,,,,,,,,,,,,,,,,,,,,,,,,,,,,,,,,,
2025-11-12,272.962890625,275.2187095291286,271.19618380015726,274.49005224267427,48398000.0,AAPL,,,,,,,,,,,,,,,,,,,,,,,,,,,,,,,,,,,,,,,,,,,,,
2025-11-13,272.4438171386719,276.1868626363035,271.58539619817094,273.6016390736082,49602800.0,AAPL,,,,,,,,,,,,,,,,,,,,,,,,,,,,,,,,,,,,,,,,,,,,,
2025-11-14,271.90484619140625,275.4482508823214,269.10005949599775,270.5473523374902,47431300.0,AAPL,,,,,,,,,,,,,,,,,,,,,,,,,,,,,,,,,,,,,,,,,,,,,
2025-11-17,266.9639892578125,269.98836893107386,265.237217022597,268.3214829895084,45018300.0,AAPL,,,,,,,,,,,,,,,,,,,,,,,,,,,,,,,,,,,,,,,,,,,,,
2025-11-18,266.94403076171875,270.20795552947055,264.8279672087311,269.48928956232544,45677300.0,AAPL,,,,,,,,,,,,,,,,,,,,,,,,,,,,,,,,,,,,,,,,,,,,,
2025-11-19,268.0619812011719,271.70520656667077,265.0076580872151,265.0376012369211,40424500.0,AAPL,,,,,,,,,,,,,,,,,,,,,,,,,,,,,,,,,,,,,,,,,,,,,
2025-11-20,265.7562561035156,274.91922505965954,265.42688147061517,270.327749378444,45823600.0,AAPL,,,,,,,,,,,,,,,,,,,,,,,,,,,,,,,,,,,,,,,,,,,,,
2025-11-21,270.98651123046875,272.8230952896135,265.17732758833057,265.4568071090486,59030800.0,AAPL,,,,,,,,,,,,,,,,,,,,,,,,,,,,,,,,,,,,,,,,,,,,,
2025-11-24,275.4083557128906,276.48633959077114,270.397645153795,270.397645153795,65585800.0,AAPL,,,,,,,,,,,,,,,,,,,,,,,,,,,,,,,,,,,,,,,,,,,,,
2025-11-25,276.45635986328125,279.8600396675645,274.7395483878858,274.75950033189645,46914200.0,AAPL,,,,,,,,,,,,,,,,,,,,,,,,,,,,,,,,,,,,,,,,,,,,,
2025-11-26,277.0353088378906,279.0116481613461,276.11703191175064,276.4464065684995,33431400.0,AAPL,,,,,,,,,,,,,,,,,,,,,,,,,,,,,,,,,,,,,,,,,,,,,
2025-11-28,278.3328857421875,278.4826014787427,275.4781737009374,276.7458380127342,20135600.0,AAPL,,,,,,,,,,,,,,,,,,,,,,,,,,,,,,,,,,,,,,,,,,,,,
2025-12-01,282.57501220703125,282.89442609469603,275.62792768573877,277.4944549964911,46587700.0,AAPL,,,,,,,,,,,,,,,,,,,,,,,,,,,,,,,,,,,,,,,,,,,,,
2025-12-02,285.6592712402344,286.86701880065203,282.10587559562896,282.47518456741903,53669500.0,AAPL,,,,,,,,,,,,,,,,,,,,,,,,,,,,,,,,,,,,,,,,,,,,,
2025-12-03,283.623046875,288.0847586222564,282.77461708045536,285.6692634925469,43538700.0,AAPL,,,,,,,,,,,,,,,,,,,,,,,,,,,,,,,,,,,,,,,,,,,,,
2025-12-04,280.179443359375,284.20196835267484,278.07334059490756,283.5731318378766,43989100.0,AAPL,,,,,,,,,,,,,,,,,,,,,,,,,,,,,,,,,,,,,,,,,,,,,
2025-12-05,278.26300048828125,280.6186397013617,277.53434330937836,280.01974631085085,47265800.0,AAPL,,,,,,,,,,,,,,,,,,,,,,,,,,,,,,,,,,,,,,,,,,,,,
2025-12-08,277.3746643066406,279.15136205700173,275.6378704438954,277.6142094762677,38211800.0,AAPL,,,,,,,,,,,,,,,,,,,,,,,,,,,,,,,,,,,,,,,,,,,,,
2025-12-09,276.6659851074219,279.5107061083118,276.4064879695729,277.6441787437343,32193300.0,AAPL,,,,,,,,,,,,,,,,,,,,,,,,,,,,,,,,,,,,,,,,,,,,,
2025-12-10,278.26300048828125,279.2312028389952,275.92734368017386,277.23491184461454,33038300.0,AAPL,,,,,,,,,,,,,,,,,,,,,,,,,,,,,,,,,,,,,,,,,,,,,
2025-12-11,277.514404296875,279.07150890817053,273.3022288840155,278.5824273392719,33248000.0,AAPL,,,,,,,,,,,,,,,,,,,,,,,,,,,,,,,,,,,,,,,,,,,,,
2025-12-12,277.763916015625,278.70217518025987,276.30663218031253,277.38461586894516,39532900.0,AAPL,,,,,,,,,,,,,,,,,,,,,,,,,,,,,,,,,,,,,,,,,,,,,
2025-12-15,273.6016540527344,279.63046152672615,272.33402020742307,279.63046152672615,50409100.0,AAPL,,,,,,,,,,,,,,,,,,,,,,,,,,,,,,,,,,,,,,,,,,,,,
2025-12-16,274.1007385253906,274.9891026980292,271.2859911871425,272.3140798989353,37648600.0,AAPL,,,,,,,,,,,,,,,,,,,,,,,,,,,,,,,,,,,,,,,,,,,,,
2025-12-17,271.33587646484375,275.6478724530811,271.13626563598973,274.50001118897205,50138700.0,AAPL,,,,,,,,,,,,,,,,,,,,,,,,,,,,,,,,,,,,,,,,,,,,,
2025-12-18,271.68524169921875,273.12257373871984,266.4549687260805,273.1025913325419,51630700.0,AAPL,,,,,,,,,,,,,,,,,,,,,,,,,,,,,,,,,,,,,,,,,,,,,
2025-12-19,273.1625061035156,274.09077415448866,269.399477884542,271.6453053723066,144632000.0,AAPL,,,,,,,,,,,,,,,,,,,,,,,,,,,,,,,,,,,,,,,,,,,,,
2025-12-22,270.4674987792969,273.37210596231955,270.00836035897595,272.3539780142796,36571800.0,AAPL,,,,,,,,,,,,,,,,,,,,,,,,,,,,,,,,,,,,,,,,,,,,,
2025-12-23,271.85491943359375,271.99467443806464,269.06012395403746,270.3377490962612,29642000.0,AAPL,,,,,,,,,,,,,,,,,,,,,,,,,,,,,,,,,,,,,,,,,,,,,
2025-12-24,273.3022155761719,274.9192064044749,271.69521595033444,271.8349404799371,17910600.0,AAPL,,,,,,,,,,,,,,,,,,,,,,,,,,,,,,,,,,,,,,,,,,,,,
2025-12-26,272.89300537109375,274.8593534534055,272.35399820928086,273.65160578690546,21521800.0,AAPL,,,,,,,,,,,,,,,,,,,,,,,,,,,,,,,,,,,,,,,,,,,,,
2025-12-29,273.2523498535156,273.8512128461511,271.8449608988494,272.1843267483383,23715200.0,AAPL,,,,,,,,,,,,,,,,,,,,,,,,,,,,,,,,,,,,,,,,,,,,,
2025-12-30,272.57354736328125,273.57169281796894,271.77504318392386,272.30405905646904,22139600.0,AAPL,,,,,,,,,,,,,,,,,,,,,,,,,,,,,,,,,,,,,,,,,,,,,
2025-12-31,271.3558349609375,273.17246717497864,271.24605357156486,272.553621806917,27293600.0,AAPL,,,,,,,,,,,,,,,,,,,,,,,,,,,,,,,,,,,,,,,,,,,,,
2026-01-02,270.5074462890625,277.32476727085935,268.5011639041959,271.7551282774649,37838100.0,AAPL,,,,,,,,,,,,,,,,,,,,,,,,,,,,,,,,,,,,,,,,,,,,,
2026-01-05,266.764404296875,271.00652312062255,265.64648609237463,270.1381413175191,45647200.0,AAPL,,,,,,,,,,,,,,,,,,,,,,,,,,,,,,,,,,,,,,,,,,,,,
2026-01-06,261.87347412109375,267.05385240251036,261.63392891626114,266.5048844877732,52352100.0,AAPL,,,,,,,,,,,,,,,,,,,,,,,,,,,,,,,,,,,,,,,,,,,,,
2026-01-07,259.84722900390625,263.1910228349833,259.3282042611396,262.7119324450406,48309800.0,AAPL,,,,,,,,,,,,,,,,,,,,,,,,,,,,,,,,,,,,,,,,,,,,,
2026-01-08,258.55963134765625,258.80916773471864,255.22581364132833,256.5433578451618,50419300.0,AAPL,,,,,,,,,,,,,,,,,,,,,,,,,,,,,,,,,,,,,,,,,,,,,
2026-01-09,258.8890075683594,259.7274461787287,255.74485516422806,258.5995368285105,39997000.0,AAPL,,,,,,,,,,,,,,,,,,,,,,,,,,,,,,,,,,,,,,,,,,,,,
2026-01-12,259.7673645019531,260.81540508500296,256.32375036738995,258.679389570116,45263800.0,AAPL,,,,,,,,,,,,,,,,,,,,,,,,,,,,,,,,,,,,,,,,,,,,,
2026-01-13,260.5658874511719,261.3244878277737,257.9108470550362,258.24022168851656,45730800.0,AAPL,,,,,,,,,,,,,,,,,,,,,,,,,,,,,,,,,,,,,,,,,,,,,
2026-01-14,259.4779052734375,261.33447181199796,256.23393227813756,259.0087756526009,40019400.0,AAPL,,,,,,,,,,,,,,,,,,,,,,,,,,,,,,,,,,,,,,,,,,,,,
2026-01-15,257.7311706542969,260.55593980217856,256.57331808587395,260.16664839115424,39388600.0,AAPL,,,,,,,,,,,,,,,,,,,,,,,,,,,,,,,,,,,,,,,,,,,,,
2026-01-16,255.05612182617188,258.41986733264514,254.4572284259222,257.4217218192236,72142800.0,AAPL,,,,,,,,,,,,,,,,,,,,,,,,,,,,,,,,,,,,,,,,,,,,,
2026-01-20,246.2425079345703,254.31750190322293,242.9685916985444,252.26132447540706,80267500.0,AAPL,,,,,,,,,,,,,,,,,,,,,,,,,,,,,,,,,,,,,,,,,,,,,
2026-01-21,247.1907501220703,251.09350304772093,244.72532928784554,248.23880604127606,54641700.0,AAPL,,,,,,,,,,,,,,,,,,,,,,,,,,,,,,,,,,,,,,,,,,,,,
2026-01-22,247.8894500732422,250.53452965267718,247.68980878155546,248.737864640942,39708300.0,AAPL,,,,,,,,,,,,,,,,,,,,,,,,,,,,,,,,,,,,,,,,,,,,,
2026-01-23,247.58001708984375,248.94748685874615,244.22624741136653,246.86136630134166,41689000.0,AAPL,,,,,,,,,,,,,,,,,,,,,,,,,,,,,,,,,,,,,,,,,,,,,
2026-01-26,254.93637084960938,256.08423219515316,249.33677343540953,251.01365072947274,55969200.0,AAPL,,,,,,,,,,,,,,,,,,,,,,,,,,,,,,,,,,,,,,,,,,,,,
2026-01-27,257.7910461425781,261.4642450011371,257.73115984508394,258.6894015269614,49648300.0,AAPL,,,,,,,,,,,,,,,,,,,,,,,,,,,,,,,,,,,,,,,,,,,,,
2026-01-28,255.96444702148438,258.3799421919039,254.03801819206552,257.1721946066941,41288000.0,AAPL,,,,,,,,,,,,,,,,,,,,,,,,,,,,,,,,,,,,,,,,,,,,,
2026-01-29,257.801025390625,259.16847988830324,253.93820707645818,257.52154586161765,67253000.0,AAPL,,,,,,,,,,,,,,,,,,,,,,,,,,,,,,,,,,,,,,,,,,,,,
2026-01-30,258.99884033203125,261.4143357105436,251.71235892004358,254.6968198516284,92443400.0,AAPL,,,,,,,,,,,,,,,,,,,,,,,,,,,,,,,,,,,,,,,,,,,,,
2026-02-02,269.50927734375,269.98836769074944,258.72928762151224,259.5477742456141,73913400.0,AAPL,,,,,,,,,,,,,,,,,,,,,,,,,,,,,,,,,,,,,,,,,,,,,
2026-02-03,268.98028564453125,271.3758289780004,267.11372779647115,268.70080609664296,64394700.0,AAPL,,,,,,,,,,,,,,,,,,,,,,,,,,,,,,,,,,,,,,,,,,,,,
2026-02-04,275.97723388671875,278.432693698261,271.7850411492978,271.7850411492978,90545700.0,AAPL,,,,,,,,,,,,,,,,,,,,,,,,,,,,,,,,,,,,,,,,,,,,,
2026-02-05,275.3983459472656,278.98168486317746,272.72332314901723,277.6142303156022,52977400.0,AAPL,,,,,,,,,,,,,,,,,,,,,,,,,,,,,,,,,,,,,,,,,,,,,
2026-02-06,277.6042175292969,280.3890519626743,276.4164219647768,276.6060720438839,50453400.0,AAPL,,,,,,,,,,,,,,,,,,,,,,,,,,,,,,,,,,,,,,,,,,,,,
2026-02-09,274.3672180175781,277.9439398399519,271.4499228389202,277.6541982366954,44623400.0,AAPL,,,,,,,,,,,,,,,,,,,,,,,,,,,,,,,,,,,,,,,,,,,,,
2026-02-10,273.4280700683594,275.11651686144285,272.68876099546605,274.6369782150198,34376900.0,AAPL,,,,,,,,,,,,,,,,,,,,,,,,,,,,,,,,,,,,,,,,,,,,,
2026-02-11,275.24639892578125,279.92208361183503,274.1973776592452,274.44714753122867,51931300.0,AAPL,,,,,,,,,,,,,,,,,,,,,,,,,,,,,,,,,,,,,,,,,,,,,
2026-02-12,261.4891052246094,275.46621856633783,259.94051360693726,275.3363333447182,81077200.0,AAPL,,,,,,,,,,,,,,,,,,,,,,,,,,,,,,,,,,,,,,,,,,,,,
2026-02-13,255.5445556640625,261.9886306947134,255.21485759663088,261.7688319830923,56290700.0,AAPL,,,,,,,,,,,,,,,,,,,,,,,,,,,,,,,,,,,,,,,,,,,,,
2026-02-17,263.6371154785156,266.0449008431299,255.30478047881587,257.8124646511843,58469100.0,AAPL,,,,,,,,,,,,,,,,,,,,,,,,,,,,,,,,,,,,,,,,,,,,,
2026-02-18,264.106689453125,266.57441720150126,262.20844437502524,263.35737977838915,34203300.0,AAPL,,,,,,,,,,,,,,,,,,,,,,,,,,,,,,,,,,,,,,,,,,,,,
2026-02-19,260.3401184082031,264.2365527856389,259.81060750150084,262.35827847824623,30845300.0,AAPL,,,,,,,,,,,,,,,,,,,,,,,,,,,,,,,,,,,,,,,,,,,,,
2026-02-20,264.3364562988281,264.5063132392292,257.9223826043077,258.73163460792017,42070500.0,AAPL,,,,,,,,,,,,,,,,,,,,,,,,,,,,,,,,,,,,,,,,,,,,,
2026-02-23,265.9349670410156,269.1819753311392,263.13755670993424,263.24744081710827,37308200.0,AAPL,,,,,,,,,,,,,,,,,,,,,,,,,,,,,,,,,,,,,,,,,,,,,
2026-02-24,271.8895263671875,274.6369951599546,267.46358073991865,267.61343657617186,47014600.0,AAPL,,,,,,,,,,,,,,,,,,,,,,,,,,,,,,,,,,,,,,,,,,,,,
2026-02-25,273.97760009765625,274.6869380517792,270.8005039088116,271.5298429675081,33714300.0,AAPL,,,,,,,,,,,,,,,,,,,,,,,,,,,,,,,,,,,,,,,,,,,,,
2026-02-26,272.6987609863281,275.8558253670768,270.55071567552415,274.6969199809464,32345100.0,AAPL,,,,,,,,,,,,,,,,,,,,,,,,,,,,,,,,,,,,,,,,,,,,,
2026-02-27,263.93682861328125,272.5588900215503,262.6480379442022,272.5588900215503,72366500.0,AAPL,,,,,,,,,,,,,,,,,,,,,,,,,,,,,,,,,,,,,,,,,,,,,
2026-03-02,264.476318359375,266.2846497598317,259.960490133898,262.16844722421786,41827900.0,AAPL,,,,,,,,,,,,,,,,,,,,,,,,,,,,,,,,,,,,,,,,,,,,,
2026-03-03,263.5072326660156,265.31556422164516,259.8905695547566,263.23749216234586,38568900.0,AAPL,,,,,,,,,,,,,,,,,,,,,,,,,,,,,,,,,,,,,,,,,,,,,
2026-03-04,262.2783508300781,265.9050144519466,261.179387723623,264.4063951364299,39803100.0,AAPL,,,,,,,,,,,,,,,,,,,,,,,,,,,,,,,,,,,,,,,,,,,,,
2026-03-05,260.0504150390625,261.3192350446657,257.01320478174756,260.54995479568396,49658600.0,AAPL,,,,,,,,,,,,,,,,,,,,,,,,,,,,,,,,,,,,,,,,,,,,,
2026-03-06,257.2229919433594,258.53178361058343,254.13584003818684,258.39192833924307,41120000.0,AAPL,,,,,,,,,,,,,,,,,,,,,,,,,,,,,,,,,,,,,,,,,,,,,
2026-03-09,259.6407775878906,260.9095975388004,253.44647267699952,255.45463216869055,38218500.0,AAPL,,,,,,,,,,,,,,,,,,,,,,,,,,,,,,,,,,,,,,,,,,,,,
2026-03-10,260.58990478515625,262.2384104290217,256.71350175461305,257.4128391437035,30590800.0,AAPL,,,,,,,,,,,,,,,,,,,,,,,,,,,,,,,,,,,,,,,,,,,,,
2026-03-11,260.5699157714844,261.888707997661,259.3110658747261,260.8496568052655,26218900.0,AAPL,,,,,,,,,,,,,,,,,,,,,,,,,,,,,,,,,,,,,,,,,,,,,
2026-03-12,255.52456665039062,258.71164792954545,253.94601921584928,258.4219063383753,40794000.0,AAPL,,,,,,,,,,,,,,,,,,,,,,,,,,,,,,,,,,,,,,,,,,,,,
2026-03-13,249.8897705078125,256.0940459350445,249.29033192864068,255.24483747003174,36930000.0,AAPL,,,,,,,,,,,,,,,,,,,,,,,,,,,,,,,,,,,,,,,,,,,,,
2026-03-16,252.58729553222656,253.6563027081548,249.6499992581203,251.87794235419486,32074200.0,AAPL,,,,,,,,,,,,,,,,,,,,,,,,,,,,,,,,,,,,,,,,,,,,,
2026-03-17,253.99598693847656,254.89516767044782,251.94787083452104,252.72716690012706,32361600.0,AAPL,,,,,,,,,,,,,,,,,,,,,,,,,,,,,,,,,,,,,,,,,,,,,
2026-03-18,249.70994567871094,254.70534343896443,248.7708084606242,252.3974721128864,35757900.0,AAPL,,,,,,,,,,,,,,,,,,,,,,,,,,,,,,,,,,,,,,,,,,,,,
2026-03-19,248.73085021972656,251.5982036354298,247.0723745163624,249.17043241392184,34864100.0,AAPL,,,,,,,,,,,,,,,,,,,,,,,,,,,,,,,,,,,,,,,,,,,,,
2026-03-20,247.76173400878906,248.97061168291066,245.77356028907465,247.7517334570195,88331100.0,AAPL,,,,,,,,,,,,,,,,,,,,,,,,,,,,,,,,,,,,,,,,,,,,,
2026-03-23,251.25851440429688,254.3656523266213,250.0496214753341,253.73622734962268,40546100.0,AAPL,,,,,,,,,,,,,,,,,,,,,,,,,,,,,,,,,,,,,,,,,,,,,
2026-03-24,251.4083709716797,254.5954370944537,249.32029842391177,250.1195650925759,45152300.0,AAPL,,,,,,,,,,,,,,,,,,,,,,,,,,,,,,,,,,,,,,,,,,,,,
2026-03-25,252.38746643066406,254.76528059453105,251.3684162845015,253.86611511385965,28476700.0,AAPL,,,,,,,,,,,,,,,,,,,,,,,,,,,,,,,,,,,,,,,,,,,,,
2026-03-26,252.6572265625,256.76344411909713,250.53918279672283,251.88793104116345,41796700.0,AAPL,,,,,,,,,,,,,,,,,,,,,,,,,,,,,,,,,,,,,,,,,,,,,
2026-03-27,248.57098388671875,255.2548282141602,247.8416601166152,253.666280215245,47900000.0,AAPL,,,,,,,,,,,,,,,,,,,,,,,,,,,,,,,,,,,,,,,,,,,,,
2026-03-30,246.40298461914062,250.63907198816298,245.28400520065438,249.83982057534305,39446200.0,AAPL,,,,,,,,,,,,,,,,,,,,,,,,,,,,,,,,,,,,,,,,,,,,,
2026-03-31,253.55638122558594,255.24482803058763,246.87255213324852,247.6818040942864,49598100.0,AAPL,,,,,,,,,,,,,,,,,,,,,,,,,,,,,,,,,,,,,,,,,,,,,
2026-04-01,255.3946990966797,255.94418062939917,253.096813183035,253.8461228128272,40059400.0,AAPL,,,,,,,,,,,,,,,,,,,,,,,,,,,,,,,,,,,,,,,,,,,,,
2026-04-02,255.68443298339844,255.89424639361263,250.4192795609811,253.96601496217014,31289400.0,AAPL,,,,,,,,,,,,,,,,,,,,,,,,,,,,,,,,,,,,,,,,,,,,,
2026-04-06,258.6217041015625,261.9186847371787,256.2239194053331,256.27389167390277,29329900.0,AAPL,,,,,,,,,,,,,,,,,,,,,,,,,,,,,,,,,,,,,,,,,,,,,
2026-04-07,253.26666259765625,255.96418954301222,245.47383916108728,255.92421782448065,62148000.0,AAPL,,,,,,,,,,,,,,,,,,,,,,,,,,,,,,,,,,,,,,,,,,,,,
2026-04-08,258.66168212890625,259.51090582044134,256.29386854025813,258.2121146377317,41032800.0,AAPL,,,,,,,,,,,,,,,,,,,,,,,,,,,,,,,,,,,,,,,,,,,,,
2026-04-09,260.2502136230469,260.879638597066,255.8342992320816,258.7615948993736,28121600.0,AAPL,,,,,,,,,,,,,,,,,,,,,,,,,,,,,,,,,,,,,,,,,,,,,
2026-04-10,260.240234375,261.94865175168746,258.78155637925676,259.7406946341393,31291500.0,AAPL,,,,,,,,,,,,,,,,,,,,,,,,,,,,,,,,,,,,,,,,,,,,,
2026-04-13,258.96142578125,259.9405042051452,256.4237552437805,259.49093671136296,36234700.0,AAPL,,,,,,,,,,,,,,,,,,,,,,,,,,,,,,,,,,,,,,,,,,,,,
2026-04-14,258.59173583984375,261.68888841493145,256.9532612999924,259.01136264890187,48370700.0,AAPL,,,,,,,,,,,,,,,,,,,,,,,,,,,,,,,,,,,,,,,,,,,,,
2026-04-15,266.18475341796875,266.3146386359468,257.57269269729437,257.92237663273806,49913500.0,AAPL,,,,,,,,,,,,,,,,,,,,,,,,,,,,,,,,,,,,,,,,,,,,,
2026-04-16,263.15753173828125,266.91408037974617,261.0294875448873,266.55439590858066,43323100.0,AAPL,,,,,,,,,,,,,,,,,,,,,,,,,,,,,,,,,,,,,,,,,,,,,
2026-04-17,269.98126220703125,272.0493335842862,266.47448343207725,266.7142527536172,61436200.0,AAPL,,,,,,,,,,,,,,,,,,,,,,,,,,,,,,,,,,,,,,,,,,,,,
2026-04-20,272.79864501953125,274.0275237795767,270.04120633500696,270.08114756253855,36590200.0,AAPL,,,,,,,,,,,,,,,,,,,,,,,,,,,,,,,,,,,,,,,,,,,,,
2026-04-21,265.9250183105469,272.5488901425708,265.1557075406741,271.250098918132,50209800.0,AAPL,,,,,,,,,,,,,,,,,,,,,,,,,,,,,,,,,,,,,,,,,,,,,
2026-04-22,272.9185791015625,273.48803128351057,266.62435952726383,267.5734973129919,43249200.0,AAPL,,,,,,,,,,,,,,,,,,,,,,,,,,,,,,,,,,,,,,,,,,,,,
2026-04-23,273.1783142089844,275.5161566987003,271.39995382845746,274.79681820267325,33399600.0,AAPL,,,,,,,,,,,,,,,,,,,,,,,,,,,,,,,,,,,,,,,,,,,,,
2026-04-24,270.81048583984375,272.80864483253174,269.4017800912603,272.50893317942314,38157100.0,AAPL,,,,,,,,,,,,,,,,,,,,,,,,,,,,,,,,,,,,,,,,,,,,,
2026-04-27,267.3636474609375,268.1129570778125,264.8260075108844,265.84505761361925,41466800.0,AAPL,,,,,,,,,,,,,,,,,,,,,,,,,,,,,,,,,,,,,,,,,,,,,
2026-04-28,270.4608154296875,272.97851539952296,268.4127145556596,272.0893199684016,40018900.0,AAPL,,,,,,,,,,,,,,,,,,,,,,,,,,,,,,,,,,,,,,,,,,,,,
2026-04-29,269.92132568359375,270.7905199823619,266.7942019267937,267.3037117460274,30047900.0,AAPL,,,,,,,,,,,,,,,,,,,,,,,,,,,,,,,,,,,,,,,,,,,,,
2026-04-30,271.1002502441406,275.7459641951834,267.893213328058,270.25102650288807,91848200.0,AAPL,,,,,,,,,,,,,,,,,,,,,,,,,,,,,,,,,,,,,,,,,,,,,
2026-05-01,279.88214111328125,286.95561044034525,278.1137509144006,278.6032901046287,79915400.0,AAPL,,,,,,,,,,,,,,,,,,,,,,,,,,,,,,,,,,,,,,,,,,,,,
2026-05-04,276.5751647949219,280.3716851917065,274.60697695873915,279.4025768563376,46668400.0,AAPL,,,,,,,,,,,,,,,,,,,,,,,,,,,,,,,,,,,,,,,,,,,,,
2026-05-05,283.9184265136719,284.30808218316156,276.2455026895375,276.6750995896243,49311700.0,AAPL,,,,,,,,,,,,,,,,,,,,,,,,,,,,,,,,,,,,,,,,,,,,,
2026-05-06,287.245361328125,287.76487170009636,280.8112868075762,281.66051049385584,58336100.0,AAPL,,,,,,,,,,,,,,,,,,,,,,,,,,,,,,,,,,,,,,,,,,,,,
2026-05-07,287.1754150390625,291.8611003514943,285.5169394038565,289.00371711581823,45224300.0,AAPL,,,,,,,,,,,,,,,,,,,,,,,,,,,,,,,,,,,,,,,,,,,,,
2026-05-08,293.0500183105469,294.4886952888782,289.7330669166447,289.7430674686918,52692800.0,AAPL,,,,,,,,,,,,,,,,,,,,,,,,,,,,,,,,,,,,,,,,,,,,,
2026-05-11,292.67999267578125,293.8800048828125,290.2300109863281,291.9800109863281,42247300.0,AAPL,,,,,,,,,,,,,,,,,,,,,,,,,,,,,,,,,,,,,,,,,,,,,
2026-05-12,294.79998779296875,295.2699890136719,292.55999755859375,292.55999755859375,45748100.0,AAPL,,,,,,,,,,,,,,,,,,,,,,,,,,,,,,,,,,,,,,,,,,,,,
2026-05-13,298.8699951171875,300.9200134277344,293.5,293.5,52684300.0,AAPL,,,,,,,,,,,,,,,,,,,,,,,,,,,,,,,,,,,,,,,,,,,,,
2026-05-14,298.2099914550781,300.3500061035156,295.3800048828125,299.82000732421875,33673067.0,AAPL,,,,,,,,,,,,,,,,,,,,,,,,,,,,,,,,,,,,,,,,,,,,,
2025-05-15,,,,,,MSFT,450.512939453125,453.55526390744575,447.82852124457236,448.16655392379437,21992300.0,,,,,,,,,,,,,,,,,,,,,,,,,,,,,,,,,,,,,,,,
2025-05-16,,,,,,MSFT,451.6463317871094,451.73580834700897,446.1383501578063,449.43915228561843,23849800.0,,,,,,,,,,,,,,,,,,,,,,,,,,,,,,,,,,,,,,,,
2025-05-19,,,,,,MSFT,456.2197570800781,456.9355998797858,448.1963586877965,448.27591363294266,21336500.0,,,,,,,,,,,,,,,,,,,,,,,,,,,,,,,,,,,,,,,,
2025-05-20,,,,,,MSFT,455.5238342285156,455.69283539558984,451.69606398891386,452.9587181303489,15441800.0,,,,,,,,,,,,,,,,,,,,,,,,,,,,,,,,,,,,,,,,
2025-05-21,,,,,,MSFT,449.9561767578125,455.1360777634671,449.20055644956204,451.94462570262056,19216900.0,,,,,,,,,,,,,,,,,,,,,,,,,,,,,,,,,,,,,,,,
2025-05-22,,,,,,MSFT,452.2329406738281,457.5918252828005,451.27849365115543,452.32244757902833,18025600.0,,,,,,,,,,,,,,,,,,,,,,,,,,,,,,,,,,,,,,,,
2025-05-23,,,,,,MSFT,447.5799560546875,451.06969358680703,446.3173019248347,447.3811293692874,16883500.0,,,,,,,,,,,,,,,,,,,,,,,,,,,,,,,,,,,,,,,,
2025-05-27,,,,,,MSFT,458.0292663574219,458.2877744248074,453.48565331857327,453.8435898996704,20974300.0,,,,,,,,,,,,,,,,,,,,,,,,,,,,,,,,,,,,,,,,
2025-05-28,,,,,,MSFT,454.7184753417969,459.84867709346275,454.2909661144885,458.55619745791415,17086300.0,,,,,,,,,,,,,,,,,,,,,,,,,,,,,,,,,,,,,,,,
2025-05-29,,,,,,MSFT,456.0308837890625,459.05333474747385,452.68035209769624,458.884303233251,13974800.0,,,,,,,,,,,,,,,,,,,,,,,,,,,,,,,,,,,,,,,,
2025-05-30,,,,,,MSFT,457.7011413574219,459.0135248792732,452.90900269221845,457.0648535034259,34770500.0,,,,,,,,,,,,,,,,,,,,,,,,,,,,,,,,,,,,,,,,
2025-06-02,,,,,,MSFT,459.3018798828125,459.44105553120437,454.2512329224997,454.49978904014216,16626500.0,,,,,,,,,,,,,,,,,,,,,,,,,,,,,,,,,,,,,,,,
2025-06-03,,,,,,MSFT,460.29608154296875,461.4593374660713,458.19825223653834,458.8047449110186,15743800.0,,,,,,,,,,,,,,,,,,,,,,,,,,,,,,,,,,,,,,,,
2025-06-04,,,,,,MSFT,461.1908874511719,463.00038321907994,460.3457906064832,461.3201414833542,14162700.0,,,,,,,,,,,,,,,,,,,,,,,,,,,,,,,,,,,,,,,,
2025-06-05,,,,,,MSFT,464.9788818359375,466.93750520910584,461.3499686746429,462.2745901279283,20131700.0,,,,,,,,,,,,,,,,,,,,,,,,,,,,,,,,,,,,,,,,
2025-06-06,,,,,,MSFT,467.663330078125,470.6062261334739,466.07256479314685,467.37499647452495,15285600.0,,,,,,,,,,,,,,,,,,,,,,,,,,,,,,,,,,,,,,,,
2025-06-09,,,,,,MSFT,470.0196228027344,470.69568816704816,465.9134708467471,466.98725027602023,16469900.0,,,,,,,,,,,,,,,,,,,,,,,,,,,,,,,,,,,,,,,,
2025-06-10,,,,,,MSFT,468.2002258300781,470.06934244703956,464.26307487233004,468.4686555284736,15375900.0,,,,,,,,,,,,,,,,,,,,,,,,,,,,,,,,,,,,,,,,
2025-06-11,,,,,,MSFT,469.8903503417969,472.72389606625393,466.9474544926898,467.30536072753216,16399200.0,,,,,,,,,,,,,,,,,,,,,,,,,,,,,,,,,,,,,,,,
2025-06-12,,,,,,MSFT,476.104248046875,477.6453141185156,470.7851412769109,472.2764779222473,18950600.0,,,,,,,,,,,,,,,,,,,,,,,,,,,,,,,,,,,,,,,,
2025-06-13,,,,,,MSFT,472.2168273925781,476.4124557062983,470.0295518485209,473.6584649544854,16814500.0,,,,,,,,,,,,,,,,,,,,,,,,,,,,,,,,,,,,,,,,
2025-06-16,,,,,,MSFT,476.3727111816406,477.91374692205306,472.25660744971805,472.4653860858625,15626100.0,,,,,,,,,,,,,,,,,,,,,,,,,,,,,,,,,,,,,,,,
2025-06-17,,,,,,MSFT,475.279052734375,475.97499162724574,471.3419021646973,472.65428568792316,15414100.0,,,,,,,,,,,,,,,,,,,,,,,,,,,,,,,,,,,,,,,,
2025-06-18,,,,,,MSFT,477.4663391113281,478.2219594008936,471.71972301658775,475.2392860574369,17526500.0,,,,,,,,,,,,,,,,,,,,,,,,,,,,,,,,,,,,,,,,
2025-06-20,,,,,,MSFT,474.64276123046875,480.667759158903,474.1158234691147,479.44488246554124,37576200.0,,,,,,,,,,,,,,,,,,,,,,,,,,,,,,,,,,,,,,,,
2025-06-23,,,,,,MSFT,483.1930847167969,484.932977511559,469.7810065395394,475.44806772339973,24864000.0,,,,,,,,,,,,,,,,,,,,,,,,,,,,,,,,,,,,,,,,
2025-06-24,,,,,,MSFT,487.2793273925781,489.009298556199,483.9884469122188,486.1260537385937,22305600.0,,,,,,,,,,,,,,,,,,,,,,,,,,,,,,,,,,,,,,,,
2025-06-25,,,,,,MSFT,489.4268798828125,491.7036624656625,486.56353883181055,489.1982276680394,17495100.0,,,,,,,,,,,,,,,,,,,,,,,,,,,,,,,,,,,,,,,,
2025-06-26,,,,,,MSFT,494.57696533203125,495.1635541172166,489.9637493151316,490.13278082199906,21578900.0,,,,,,,,,,,,,,,,,,,,,,,,,,,,,,,,,,,,,,,,
2025-06-27,,,,,,MSFT,493.07568359375,496.4162632322767,490.1824867596744,494.6763704185467,34539200.0,,,,,,,,,,,,,,,,,,,,,,,,,,,,,,,,,,,,,,,,
2025-06-30,,,,,,MSFT,494.5372009277344,497.86785899517616,492.4691970236715,494.1693427257206,28369000.0,,,,,,,,,,,,,,,,,,,,,,,,,,,,,,,,,,,,,,,,
2025-07-01,,,,,,MSFT,489.2080993652344,495.1734457101395,488.1443023264632,493.60258452282886,19945400.0,,,,,,,,,,,,,,,,,,,,,,,,,,,,,,,,,,,,,,,,
2025-07-02,,,,,,MSFT,488.2536926269531,490.6497772469701,485.87751191483574,487.1600396387865,16319600.0,,,,,,,,,,,,,,,,,,,,,,,,,,,,,,,,,,,,,,,,
2025-07-03,,,,,,MSFT,495.9589538574219,497.2415119784696,490.59014753996934,490.9580057562307,13984800.0,,,,,,,,,,,,,,,,,,,,,,,,,,,,,,,,,,,,,,,,
2025-07-07,,,,,,MSFT,494.84539794921875,495.8694479262707,492.36978876052433,494.50736527479916,13981600.0,,,,,,,,,,,,,,,,,,,,,,,,,,,,,,,,,,,,,,,,
2025-07-08,,,,,,MSFT,493.7517395019531,495.3226311177228,491.25622643335066,494.36815380384166,11846600.0,,,,,,,,,,,,,,,,,,,,,,,,,,,,,,,,,,,,,,,,
2025-07-09,,,,,,MSFT,500.6019592285156,503.8530622357068,496.85371365827956,497.41047691930333,18659500.0,,,,,,,,,,,,,,,,,,,,,,,,,,,,,,,,,,,,,,,,
2025-07-10,,,,,,MSFT,498.58367919921875,501.52657502305914,494.87521114411277,500.14458849842043,16492100.0,,,,,,,,,,,,,,,,,,,,,,,,,,,,,,,,,,,,,,,,
2025-07-11,,,,,,MSFT,500.41302490234375,502.1131401056752,494.9248868769196,495.59103056526646,16459500.0,,,,,,,,,,,,,,,,,,,,,,,,,,,,,,,,,,,,,,,,
2025-07-14,,,,,,MSFT,500.1147766113281,501.05930198422453,498.1362796464767,498.6234399223271,12058800.0,,,,,,,,,,,,,,,,,,,,,,,,,,,,,,,,,,,,,,,,
2025-07-15,,,,,,MSFT,502.89862060546875,505.36427783294863,499.88612172349406,500.11477392946824,14927200.0,,,,,,,,,,,,,,,,,,,,,,,,,,,,,,,,,,,,,,,,
2025-07-16,,,,,,MSFT,502.69976806640625,503.793421043838,498.99133023831314,502.2623068754336,15154400.0,,,,,,,,,,,,,,,,,,,,,,,,,,,,,,,,,,,,,,,,
2025-07-17,,,,,,MSFT,508.7446594238281,510.40499725185873,502.6997578215743,502.75940886082554,17503100.0,,,,,,,,,,,,,,,,,,,,,,,,,,,,,,,,,,,,,,,,
2025-07-18,,,,,,MSFT,507.1041564941406,511.66767331118785,504.4992933518648,511.5085634207008,21209700.0,,,,,,,,,,,,,,,,,,,,,,,,,,,,,,,,,,,,,,,,
2025-07-21,,,,,,MSFT,507.1141357421875,509.1324405638626,502.6301736290422,503.7834776665751,14066800.0,,,,,,,,,,,,,,,,,,,,,,,,,,,,,,,,,,,,,,,,
2025-07-22,,,,,,MSFT,502.3517761230469,508.2475501614973,502.3517761230469,508.01886761548803,13868600.0,,,,,,,,,,,,,,,,,,,,,,,,,,,,,,,,,,,,,,,,
2025-07-23,,,,,,MSFT,502.94830322265625,503.8630030405687,497.80817995491657,503.8232255681408,16396600.0,,,,,,,,,,,,,,,,,,,,,,,,,,,,,,,,,,,,,,,,
2025-07-24,,,,,,MSFT,507.9294128417969,510.703277326071,504.37007217269974,505.83158338819493,16107000.0,,,,,,,,,,,,,,,,,,,,,,,,,,,,,,,,,,,,,,,,
2025-07-25,,,,,,MSFT,510.74310302734375,515.2966076642933,507.41241445610984,509.51021364184703,19125700.0,,,,,,,,,,,,,,,,,,,,,,,,,,,,,,,,,,,,,,,,
2025-07-28,,,,,,MSFT,509.5400390625,512.0256002286585,507.17377997770546,511.110930710653,14308000.0,,,,,,,,,,,,,,,,,,,,,,,,,,,,,,,,,,,,,,,,
2025-07-29,,,,,,MSFT,509.6096496582031,514.6304711522027,508.60547322287385,512.5525759685828,16469200.0,,,,,,,,,,,,,,,,,,,,,,,,,,,,,,,,,,,,,,,,
2025-07-30,,,,,,MSFT,510.2757568359375,512.9701269930791,506.49771598970693,512.1946027794743,26380400.0,,,,,,,,,,,,,,,,,,,,,,,,,,,,,,,,,,,,,,,,
2025-07-31,,,,,,MSFT,530.4187622070312,552.2420017670738,528.8280273057109,552.0232408256204,51617300.0,,,,,,,,,,,,,,,,,,,,,,,,,,,,,,,,,,,,,,,,
2025-08-01,,,,,,MSFT,521.0829467773438,532.7054326872741,517.8517174087783,531.9100652869249,28977600.0,,,,,,,,,,,,,,,,,,,,,,,,,,,,,,,,,,,,,,,,
2025-08-04,,,,,,MSFT,532.54638671875,535.141297909759,525.0797515616827,525.218957545317,25349000.0,,,,,,,,,,,,,,,,,,,,,,,,,,,,,,,,,,,,,,,,
2025-08-05,,,,,,MSFT,524.701904296875,534.196734767709,524.194840165689,534.077432699505,19171600.0,,,,,,,,,,,,,,,,,,,,,,,,,,,,,,,,,,,,,,,,
2025-08-06,,,,,,MSFT,521.908203125,528.6291703469228,521.0034855448089,527.8338028961505,21355700.0,,,,,,,,,,,,,,,,,,,,,,,,,,,,,,,,,,,,,,,,
2025-08-07,,,,,,MSFT,517.8318481445312,525.0399748350125,514.56081112672,523.7573865594029,16079100.0,,,,,,,,,,,,,,,,,,,,,,,,,,,,,,,,,,,,,,,,
2025-08-08,,,,,,MSFT,519.0249633789062,521.629826851029,516.4101479520375,519.5817267008259,15531000.0,,,,,,,,,,,,,,,,,,,,,,,,,,,,,,,,,,,,,,,,
2025-08-11,,,,,,MSFT,518.7565307617188,524.5429245664681,516.7183220142601,519.2834381856256,20194400.0,,,,,,,,,,,,,,,,,,,,,,,,,,,,,,,,,,,,,,,,
2025-08-12,,,,,,MSFT,526.183349609375,527.9132904806338,519.6811434112465,520.7250669698358,18667000.0,,,,,,,,,,,,,,,,,,,,,,,,,,,,,,,,,,,,,,,,
2025-08-13,,,,,,MSFT,517.5733642578125,529.6233593434064,516.3703308668756,529.0367402367135,19619200.0,,,,,,,,,,,,,,,,,,,,,,,,,,,,,,,,,,,,,,,,
2025-08-14,,,,,,MSFT,519.4623413085938,522.9123315064297,517.1358902118243,519.5418962511537,20269100.0,,,,,,,,,,,,,,,,,,,,,,,,,,,,,,,,,,,,,,,,
2025-08-15,,,,,,MSFT,517.1657104492188,523.0614541020369,516.0820397908819,519.7507304052322,25213300.0,,,,,,,,,,,,,,,,,,,,,,,,,,,,,,,,,,,,,,,,
2025-08-18,,,,,,MSFT,514.1134033203125,519.8003983365775,511.0512359172718,518.5775217659684,23760600.0,,,,,,,,,,,,,,,,,,,,,,,,,,,,,,,,,,,,,,,,
2025-08-19,,,,,,MSFT,506.8258056640625,512.1846598699071,505.61285057663105,512.0256106523992,21481000.0,,,,,,,,,,,,,,,,,,,,,,,,,,,,,,,,,,,,,,,,
2025-08-20,,,,,,MSFT,502.7991943359375,508.0486982628479,501.52658824278717,506.925219770199,27723000.0,,,,,,,,,,,,,,,,,,,,,,,,,,,,,,,,,,,,,,,,
2025-08-21,,,,,,MSFT,502.15185546875,505.5278315490841,500.6381609615915,501.6041452591809,18443300.0,,,,,,,,,,,,,,,,,,,,,,,,,,,,,,,,,,,,,,,,
2025-08-22,,,,,,MSFT,505.1295166015625,508.6150227226763,500.32946944945456,502.1618461633245,24324200.0,,,,,,,,,,,,,,,,,,,,,,,,,,,,,,,,,,,,,,,,
2025-08-25,,,,,,MSFT,502.17181396484375,506.0855321115255,502.0323791323648,504.5319946732823,21638600.0,,,,,,,,,,,,,,,,,,,,,,,,,,,,,,,,,,,,,,,,
2025-08-26,,,,,,MSFT,499.96099853515625,502.88882606141556,496.4456179190968,502.2713680297872,30835700.0,,,,,,,,,,,,,,,,,,,,,,,,,,,,,,,,,,,,,,,,
2025-08-27,,,,,,MSFT,504.6415100097656,505.1892506185915,497.82983904056124,499.9211487290224,17277900.0,,,,,,,,,,,,,,,,,,,,,,,,,,,,,,,,,,,,,,,,
2025-08-28,,,,,,MSFT,507.5295104980469,508.9734875719172,503.4066403395377,504.9900522378754,18015600.0,,,,,,,,,,,,,,,,,,,,,,,,,,,,,,,,,,,,,,,,
2025-08-29,,,,,,MSFT,504.59173583984375,507.4896888132377,502.40083415821226,506.5535790393771,20961600.0,,,,,,,,,,,,,,,,,,,,,,,,,,,,,,,,,,,,,,,,
2025-09-02,,,,,,MSFT,503.0282287597656,503.90458943006223,494.75264396148896,498.3974910813857,18128000.0,,,,,,,,,,,,,,,,,,,,,,,,,,,,,,,,,,,,,,,,
2025-09-03,,,,,,MSFT,503.2572937011719,505.68719181229375,500.2398424947412,501.70375627159575,16345100.0,,,,,,,,,,,,,,,,,,,,,,,,,,,,,,,,,,,,,,,,
2025-09-04,,,,,,MSFT,505.866455078125,506.04570238922344,501.0664078062513,502.2116394820944,15509500.0,,,,,,,,,,,,,,,,,,,,,,,,,,,,,,,,,,,,,,,,
2025-09-05,,,,,,MSFT,492.9501647949219,509.8498918622262,490.3310509759443,506.9619070760115,31994800.0,,,,,,,,,,,,,,,,,,,,,,,,,,,,,,,,,,,,,,,,
2025-09-08,,,,,,MSFT,496.13690185546875,499.1244784694731,492.9800158612091,496.04724781279185,16771000.0,,,,,,,,,,,,,,,,,,,,,,,,,,,,,,,,,,,,,,,,
2025-09-09,,,,,,MSFT,496.3460388183594,500.17013335375145,495.6389875077243,499.3535217605099,14410500.0,,,,,,,,,,,,,,,,,,,,,,,,,,,,,,,,,,,,,,,,
2025-09-10,,,,,,MSFT,498.29791259765625,501.1460848531792,494.6630336933239,500.8971201283455,21611800.0,,,,,,,,,,,,,,,,,,,,,,,,,,,,,,,,,,,,,,,,
2025-09-11,,,,,,MSFT,498.9352722167969,501.08633106619584,495.8182290284252,500.17012751524385,18881600.0,,,,,,,,,,,,,,,,,,,,,,,,,,,,,,,,,,,,,,,,
2025-09-12,,,,,,MSFT,507.7884521484375,510.42747218178897,501.7635178992086,504.55191069082485,23624900.0,,,,,,,,,,,,,,,,,,,,,,,,,,,,,,,,,,,,,,,,
2025-09-15,,,,,,MSFT,513.225830078125,513.3353599697668,504.9004642300766,506.68306017742736,17143800.0,,,,,,,,,,,,,,,,,,,,,,,,,,,,,,,,,,,,,,,,
2025-09-16,,,,,,MSFT,506.9320068359375,515.0880630075219,506.4938265025834,514.7395367165727,19711900.0,,,,,,,,,,,,,,,,,,,,,,,,,,,,,,,,,,,,,,,,
2025-09-17,,,,,,MSFT,507.9079284667969,509.1726886784055,503.8348693472275,508.5054498653079,15816600.0,,,,,,,,,,,,,,,,,,,,,,,,,,,,,,,,,,,,,,,,
2025-09-18,,,,,,MSFT,506.3444519042969,510.9453149965379,505.55771489166153,509.37184097126715,18913700.0,,,,,,,,,,,,,,,,,,,,,,,,,,,,,,,,,,,,,,,,
2025-09-19,,,,,,MSFT,515.78515625,517.1494779837726,508.1967168320822,508.44568153944795,52474100.0,,,,,,,,,,,,,,,,,,,,,,,,,,,,,,,,,,,,,,,,
2025-09-22,,,,,,MSFT,512.319580078125,515.5959337012963,510.4174557013089,513.4548737162081,20009300.0,,,,,,,,,,,,,,,,,,,,,,,,,,,,,,,,,,,,,,,,
2025-09-23,,,,,,MSFT,507.1212463378906,512.4590659268906,505.2091838485409,511.67229848312854,19799600.0,,,,,,,,,,,,,,,,,,,,,,,,,,,,,,,,,,,,,,,,
2025-09-24,,,,,,MSFT,508.0373840332031,510.35772177145367,504.82077941210207,508.26644250853604,13533700.0,,,,,,,,,,,,,,,,,,,,,,,,,,,,,,,,,,,,,,,,
2025-09-25,,,,,,MSFT,504.9303283691406,507.89799878212006,502.94857891661616,506.1950582100621,15786500.0,,,,,,,,,,,,,,,,,,,,,,,,,,,,,,,,,,,,,,,,
2025-09-26,,,,,,MSFT,509.34197998046875,511.8117209714621,504.52202659403474,507.94778361103766,16213100.0,,,,,,,,,,,,,,,,,,,,,,,,,,,,,,,,,,,,,,,,
2025-09-29,,,,,,MSFT,512.4689331054688,514.7096154882738,506.77264973451184,509.3817950243417,17617800.0,,,,,,,,,,,,,,,,,,,,,,,,,,,,,,,,,,,,,,,,
2025-09-30,,,,,,MSFT,515.8051147460938,516.0142062084105,507.54943619028296,511.11459757878936,19728200.0,,,,,,,,,,,,,,,,,,,,,,,,,,,,,,,,,,,,,,,,
2025-10-01,,,,,,MSFT,517.557861328125,518.3545363078492,509.5710533372991,512.6681599915194,22632300.0,,,,,,,,,,,,,,,,,,,,,,,,,,,,,,,,,,,,,,,,
2025-10-02,,,,,,MSFT,513.604248046875,519.439966484546,508.5652045551738,515.496404228155,21222900.0,,,,,,,,,,,,,,,,,,,,,,,,,,,,,,,,,,,,,,,,
2025-10-03,,,,,,MSFT,515.20751953125,518.3345307125708,512.8672756929882,514.9585548343116,15112300.0,,,,,,,,,,,,,,,,,,,,,,,,,,,,,,,,,,,,,,,,
2025-10-06,,,,,,MSFT,526.3811645507812,528.8309994124726,516.0541122577388,516.4623876768178,21388600.0,,,,,,,,,,,,,,,,,,,,,,,,,,,,,,,,,,,,,,,,
2025-10-07,,,,,,MSFT,521.8101196289062,527.6060256392368,519.2806599401652,526.1022689962125,14615200.0,,,,,,,,,,,,,,,,,,,,,,,,,,,,,,,,,,,,,,,,
2025-10-08,,,,,,MSFT,522.676513671875,524.7678538085896,520.923853084141,521.1130687043808,13363400.0,,,,,,,,,,,,,,,,,,,,,,,,,,,,,,,,,,,,,,,,
2025-10-09,,,,,,MSFT,520.2366943359375,522.158694647609,515.2574000210162,520.1769452354545,18343600.0,,,,,,,,,,,,,,,,,,,,,,,,,,,,,,,,,,,,,,,,
2025-10-10,,,,,,MSFT,508.84405517578125,521.4118200258811,507.5195762105422,517.4881335274953,24133800.0,,,,,,,,,,,,,,,,,,,,,,,,,,,,,,,,,,,,,,,,
2025-10-13,,,,,,MSFT,511.9212341308594,514.2714464494894,509.56105349845876,514.2714464494894,14284200.0,,,,,,,,,,,,,,,,,,,,,,,,,,,,,,,,,,,,,,,,
2025-10-14,,,,,,MSFT,511.4432373046875,513.1461778212379,503.9045785101632,508.11707238992415,14684300.0,,,,,,,,,,,,,,,,,,,,,,,,,,,,,,,,,,,,,,,,
2025-10-15,,,,,,MSFT,511.3038024902344,515.0482414945574,507.888013925759,512.8274957075639,14694700.0,,,,,,,,,,,,,,,,,,,,,,,,,,,,,,,,,,,,,,,,
2025-10-16,,,,,,MSFT,509.4913330078125,514.7096236704256,506.02576365101777,510.4573477017149,15559600.0,,,,,,,,,,,,,,,,,,,,,,,,,,,,,,,,,,,,,,,,
2025-10-17,,,,,,MSFT,511.4532470703125,513.3453425707617,505.2091921192977,506.93203901166436,19867800.0,,,,,,,,,,,,,,,,,,,,,,,,,,,,,,,,,,,,,,,,
2025-10-20,,,,,,MSFT,514.6498413085938,516.5519656323323,511.30377036778043,512.4788764440519,14665600.0,,,,,,,,,,,,,,,,,,,,,,,,,,,,,,,,,,,,,,,,
2025-10-21,,,,,,MSFT,515.5162963867188,516.5420602391357,510.91543308707116,515.3569857054445,15586200.0,,,,,,,,,,,,,,,,,,,,,,,,,,,,,,,,,,,,,,,,
2025-10-22,,,,,,MSFT,518.3843994140625,523.0549803520576,515.5661623300699,518.9919195722497,18962700.0,,,,,,,,,,,,,,,,,,,,,,,,,,,,,,,,,,,,,,,,
2025-10-23,,,,,,MSFT,518.404296875,521.7802730707533,516.4623598997719,520.2964530626382,14023500.0,,,,,,,,,,,,,,,,,,,,,,,,,,,,,,,,,,,,,,,,
2025-10-24,,,,,,MSFT,521.441650390625,523.1744351060786,518.5536961256696,520.6250388201142,15532400.0,,,,,,,,,,,,,,,,,,,,,,,,,,,,,,,,,,,,,,,,
2025-10-27,,,,,,MSFT,529.3189697265625,532.3662956890146,526.819354031342,529.577902779321,18734700.0,,,,,,,,,,,,,,,,,,,,,,,,,,,,,,,,,,,,,,,,
2025-10-28,,,,,,MSFT,539.8252563476562,551.4269763883988,538.5306518978505,547.7224103521172,29986700.0,,,,,,,,,,,,,,,,,,,,,,,,,,,,,,,,,,,,,,,,
2025-10-29,,,,,,MSFT,539.307373046875,544.0078586434945,534.507325873603,542.6833492925585,36023000.0,,,,,,,,,,,,,,,,,,,,,,,,,,,,,,,,,,,,,,,,
2025-10-30,,,,,,MSFT,523.582763671875,532.7545848667123,519.9578228356851,528.2831883129468,41023100.0,,,,,,,,,,,,,,,,,,,,,,,,,,,,,,,,,,,,,,,,
2025-10-31,,,,,,MSFT,515.6656494140625,527.1279940743384,512.9668501497666,526.6898137654194,34006400.0,,,,,,,,,,,,,,,,,,,,,,,,,,,,,,,,,,,,,,,,
2025-11-03,,,,,,MSFT,514.888916015625,522.7860691817526,512.4590180581705,517.657371934483,22374700.0,,,,,,,,,,,,,,,,,,,,,,,,,,,,,,,,,,,,,,,,
2025-11-04,,,,,,MSFT,512.2001342773438,513.4150529816625,505.73698923396887,509.6407695643784,20958700.0,,,,,,,,,,,,,,,,,,,,,,,,,,,,,,,,,,,,,,,,
2025-11-05,,,,,,MSFT,505.0597839355469,512.6980347767452,504.4821687767013,511.17434154282535,23024300.0,,,,,,,,,,,,,,,,,,,,,,,,,,,,,,,,,,,,,,,,
2025-11-06,,,,,,MSFT,495.04144287109375,503.6058351018555,493.75677643867937,503.5659922381216,27406500.0,,,,,,,,,,,,,,,,,,,,,,,,,,,,,,,,,,,,,,,,
2025-11-07,,,,,,MSFT,494.7626037597656,497.31199999791255,491.2073803526309,494.89207027354036,24019800.0,,,,,,,,,,,,,,,,,,,,,,,,,,,,,,,,,,,,,,,,
2025-11-10,,,,,,MSFT,503.9045715332031,504.7510576229119,496.73437575016374,497.9692613740871,26101500.0,,,,,,,,,,,,,,,,,,,,,,,,,,,,,,,,,,,,,,,,
2025-11-11,,,,,,MSFT,506.573486328125,507.48968986721945,500.26971300797675,502.70954902224156,17980000.0,,,,,,,,,,,,,,,,,,,,,,,,,,,,,,,,,,,,,,,,
2025-11-12,,,,,,MSFT,509.0233154296875,509.5511194130969,497.05307240824305,507.2506574723947,26574900.0,,,,,,,,,,,,,,,,,,,,,,,,,,,,,,,,,,,,,,,,
2025-11-13,,,,,,MSFT,501.205810546875,511.3735209246628,499.2140928412288,508.1967287528611,25273100.0,,,,,,,,,,,,,,,,,,,,,,,,,,,,,,,,,,,,,,,,
2025-11-14,,,,,,MSFT,508.0672607421875,509.4813936811572,495.3800287197931,496.166765720741,28505700.0,,,,,,,,,,,,,,,,,,,,,,,,,,,,,,,,,,,,,,,,
2025-11-17,,,,,,MSFT,505.3883972167969,509.9992285471841,502.8190947602184,506.34444359286346,19092800.0,,,,,,,,,,,,,,,,,,,,,,,,,,,,,,,,,,,,,,,,
2025-11-18,,,,,,MSFT,491.74517822265625,500.89712400975867,484.76419755903834,493.31862192366924,33815100.0,,,,,,,,,,,,,,,,,,,,,,,,,,,,,,,,,,,,,,,,
2025-11-19,,,,,,MSFT,485.1027526855469,493.13934080841636,480.8305097576304,488.0704229659532,23245300.0,,,,,,,,,,,,,,,,,,,,,,,,,,,,,,,,,,,,,,,,
2025-11-20,,,,,,MSFT,477.3404846191406,492.4460215630244,474.41716428973194,491.5879641710541,26802500.0,,,,,,,,,,,,,,,,,,,,,,,,,,,,,,,,,,,,,,,,
2025-11-21,,,,,,MSFT,471.04486083984375,477.8293938228302,467.20362215472323,477.4103368698009,31769200.0,,,,,,,,,,,,,,,,,,,,,,,,,,,,,,,,,,,,,,,,
2025-11-24,,,,,,MSFT,472.92059326171875,475.8139832068258,466.9542001322548,473.9183160323131,34421000.0,,,,,,,,,,,,,,,,,,,,,,,,,,,,,,,,,,,,,,,,
2025-11-25,,,,,,MSFT,475.90374755859375,478.0588322743821,463.8313270788984,472.9904142849383,28019800.0,,,,,,,,,,,,,,,,,,,,,,,,,,,,,,,,,,,,,,,,
2025-11-26,,,,,,MSFT,484.3943786621094,487.1979770584782,480.10418316215106,485.2025316262965,25709100.0,,,,,,,,,,,,,,,,,,,,,,,,,,,,,,,,,,,,,,,,
2025-11-28,,,,,,MSFT,490.88958740234375,491.5081706450152,485.54177754838196,486.48962635446395,14386700.0,,,,,,,,,,,,,,,,,,,,,,,,,,,,,,,,,,,,,,,,
2025-12-01,,,,,,MSFT,485.6315612792969,488.7444513856018,483.5463243869077,487.32770213243884,23964000.0,,,,,,,,,,,,,,,,,,,,,,,,,,,,,,,,,,,,,,,,
2025-12-02,,,,,,MSFT,488.8841552734375,492.3761849539621,485.2125428025972,485.6116258193264,19562700.0,,,,,,,,,,,,,,,,,,,,,,,,,,,,,,,,,,,,,,,,
2025-12-03,,,,,,MSFT,476.64208984375,483.13724409881166,474.1178525596479,475.23529714339696,34615100.0,,,,,,,,,,,,,,,,,,,,,,,,,,,,,,,,,,,,,,,,
2025-12-04,,,,,,MSFT,479.7449951171875,480.2239129901724,475.40489514051177,478.6674679630734,22318200.0,,,,,,,,,,,,,,,,,,,,,,,,,,,,,,,,,,,,,,,,
2025-12-05,,,,,,MSFT,482.0597229003906,482.299166614698,477.78947078944657,481.4211657314621,22608700.0,,,,,,,,,,,,,,,,,,,,,,,,,,,,,,,,,,,,,,,,
2025-12-08,,,,,,MSFT,489.9018249511719,491.17890888246444,483.2769615726175,483.7858099301447,21965900.0,,,,,,,,,,,,,,,,,,,,,,,,,,,,,,,,,,,,,,,,
2025-12-09,,,,,,MSFT,490.8995361328125,490.99931449735556,487.3875630167038,487.9862027558801,14696100.0,,,,,,,,,,,,,,,,,,,,,,,,,,,,,,,,,,,,,,,,
2025-12-10,,,,,,MSFT,477.4701843261719,483.14722906115725,473.99809828560024,482.92772884397027,35756200.0,,,,,,,,,,,,,,,,,,,,,,,,,,,,,,,,,,,,,,,,
2025-12-11,,,,,,MSFT,482.3690185546875,484.92318635563356,474.7763326037194,475.5445986070271,24669200.0,,,,,,,,,,,,,,,,,,,,,,,,,,,,,,,,,,,,,,,,
2025-12-12,,,,,,MSFT,477.4402770996094,481.3513637649093,475.2552617920193,478.72734800157895,21248100.0,,,,,,,,,,,,,,,,,,,,,,,,,,,,,,,,,,,,,,,,
2025-12-15,,,,,,MSFT,473.73870849609375,479.6252664455081,471.44392797474177,479.0066832317436,23727700.0,,,,,,,,,,,,,,,,,,,,,,,,,,,,,,,,,,,,,,,,
2025-12-16,,,,,,MSFT,475.3051452636719,476.80172935648005,469.8076832860371,470.8353364785088,20705600.0,,,,,,,,,,,,,,,,,,,,,,,,,,,,,,,,,,,,,,,,
2025-12-17,,,,,,MSFT,475.0357360839844,478.9069051052783,473.9182915104317,475.8239455574328,24527200.0,,,,,,,,,,,,,,,,,,,,,,,,,,,,,,,,,,,,,,,,
2025-12-18,,,,,,MSFT,482.87786865234375,488.4850656489584,476.8017407441929,477.10104539067044,28573500.0,,,,,,,,,,,,,,,,,,,,,,,,,,,,,,,,,,,,,,,,
2025-12-19,,,,,,MSFT,484.8134460449219,486.73904362092316,481.39123391446003,486.2501387748106,70836100.0,,,,,,,,,,,,,,,,,,,,,,,,,,,,,,,,,,,,,,,,
2025-12-22,,,,,,MSFT,483.81573486328125,487.6170561484318,481.5908021440126,485.01298390813173,16963000.0,,,,,,,,,,,,,,,,,,,,,,,,,,,,,,,,,,,,,,,,
2025-12-23,,,,,,MSFT,485.7413330078125,486.71908182827985,483.63612214595605,483.8755963136496,14683600.0,,,,,,,,,,,,,,,,,,,,,,,,,,,,,,,,,,,,,,,,
2025-12-24,,,,,,MSFT,486.90863037109375,488.04604888584674,483.7258924615979,484.5739628623746,5855900.0,,,,,,,,,,,,,,,,,,,,,,,,,,,,,,,,,,,,,,,,
2025-12-26,,,,,,MSFT,486.599365234375,487.00843522519267,484.85335038112265,485.601642461088,8842200.0,,,,,,,,,,,,,,,,,,,,,,,,,,,,,,,,,,,,,,,,
2025-12-29,,,,,,MSFT,485.9907531738281,487.23790659993216,483.0773893732932,483.7558335295542,10893400.0,,,,,,,,,,,,,,,,,,,,,,,,,,,,,,,,,,,,,,,,
2025-12-30,,,,,,MSFT,486.3699035644531,488.56487537463653,484.39440153201394,484.82341501264875,13944500.0,,,,,,,,,,,,,,,,,,,,,,,,,,,,,,,,,,,,,,,,
2025-12-31,,,,,,MSFT,482.5186767578125,487.0284031238816,482.1993981667827,486.7290680267604,15601600.0,,,,,,,,,,,,,,,,,,,,,,,,,,,,,,,,,,,,,,,,
2026-01-02,,,,,,MSFT,471.8630065917969,483.5563186075122,469.0893385249197,483.2869444224563,25571600.0,,,,,,,,,,,,,,,,,,,,,,,,,,,,,,,,,,,,,,,,
2026-01-05,,,,,,MSFT,471.773193359375,474.9858617296903,468.4308161640092,472.98042932285466,25250300.0,,,,,,,,,,,,,,,,,,,,,,,,,,,,,,,,,,,,,,,,
2026-01-06,,,,,,MSFT,477.4203186035156,477.64977534720424,468.68025764779384,472.72102257015473,23037700.0,,,,,,,,,,,,,,,,,,,,,,,,,,,,,,,,,,,,,,,,
2026-01-07,,,,,,MSFT,482.3690185546875,488.5848422406915,476.86159994291296,478.6674756822987,25564200.0,,,,,,,,,,,,,,,,,,,,,,,,,,,,,,,,,,,,,,,,
2026-01-08,,,,,,MSFT,477.0212097167969,481.5608665012806,474.7763335277468,480.14408679814625,18162600.0,,,,,,,,,,,,,,,,,,,,,,,,,,,,,,,,,,,,,,,,
2026-01-09,,,,,,MSFT,478.1885681152344,478.72734693664125,471.1247042989064,472.9804540365218,18491000.0,,,,,,,,,,,,,,,,,,,,,,,,,,,,,,,,,,,,,,,,
2026-01-12,,,,,,MSFT,476.09332275390625,479.89464390147504,474.59673866594744,475.5845048686955,23519900.0,,,,,,,,,,,,,,,,,,,,,,,,,,,,,,,,,,,,,,,,
2026-01-13,,,,,,MSFT,469.5981750488281,474.6965236309785,464.888922501957,473.5990225282599,28545800.0,,,,,,,,,,,,,,,,,,,,,,,,,,,,,,,,,,,,,,,,
2026-01-14,,,,,,MSFT,458.3338928222656,467.13381499707015,456.1289340170423,465.39775666549855,28184300.0,,,,,,,,,,,,,,,,,,,,,,,,,,,,,,,,,,,,,,,,
2026-01-15,,,,,,MSFT,455.6200866699219,463.1927988881192,454.8618076165624,463.0630900555096,23225800.0,,,,,,,,,,,,,,,,,,,,,,,,,,,,,,,,,,,,,,,,
2026-01-16,,,,,,MSFT,458.8127746582031,462.13520850615447,455.4404972994736,456.78739866953146,34246700.0,,,,,,,,,,,,,,,,,,,,,,,,,,,,,,,,,,,,,,,,
2026-01-20,,,,,,MSFT,453.48492431640625,455.7597309230742,448.2568669541529,450.1924514863621,26130000.0,,,,,,,,,,,,,,,,,,,,,,,,,,,,,,,,,,,,,,,,
2026-01-21,,,,,,MSFT,443.0986328125,451.65911099901973,437.68100562513575,451.56931960591265,37980500.0,,,,,,,,,,,,,,,,,,,,,,,,,,,,,,,,,,,,,,,,
2026-01-22,,,,,,MSFT,450.1126403808594,451.8087507279656,443.6873036586902,446.600636936346,25349400.0,,,,,,,,,,,,,,,,,,,,,,,,,,,,,,,,,,,,,,,,
2026-01-23,,,,,,MSFT,464.888916015625,470.0271819611143,449.50401819491054,450.8409629929935,38000200.0,,,,,,,,,,,,,,,,,,,,,,,,,,,,,,,,,,,,,,,,
2026-01-26,,,,,,MSFT,469.20904541015625,473.1700058760031,460.94790240319116,464.25036221183507,29291200.0,,,,,,,,,,,,,,,,,,,,,,,,,,,,,,,,,,,,,,,,
2026-01-27,,,,,,MSFT,479.485595703125,481.7703893732875,472.0825097961169,472.62128861771004,29213900.0,,,,,,,,,,,,,,,,,,,,,,,,,,,,,,,,,,,,,,,,
2026-01-28,,,,,,MSFT,480.533203125,482.63838346935967,476.9114647448887,482.10959164059926,36875400.0,,,,,,,,,,,,,,,,,,,,,,,,,,,,,,,,,,,,,,,,
2026-01-29,,,,,,MSFT,432.5128173828125,441.49232224197124,420.06122635013605,438.98802836564175,128855300.0,,,,,,,,,,,,,,,,,,,,,,,,,,,,,,,,,,,,,,,,
2026-01-30,,,,,,MSFT,429.31011962890625,438.5989157576861,425.47886802078926,438.1699022937122,58566800.0,,,,,,,,,,,,,,,,,,,,,,,,,,,,,,,,,,,,,,,,
2026-02-02,,,,,,MSFT,422.4058837890625,429.7590957240154,421.28843915961005,429.2602343395754,42219900.0,,,,,,,,,,,,,,,,,,,,,,,,,,,,,,,,,,,,,,,,
2026-02-03,,,,,,MSFT,410.2735595703125,421.0888704228976,407.6296003977664,421.0489834358989,61424100.0,,,,,,,,,,,,,,,,,,,,,,,,,,,,,,,,,,,,,,,,
2026-02-04,,,,,,MSFT,413.2467956542969,418.84400576689177,408.3080557741746,410.0640575889883,45012400.0,,,,,,,,,,,,,,,,,,,,,,,,,,,,,,,,,,,,,,,,
2026-02-05,,,,,,MSFT,392.7735290527344,407.37018733348754,391.4265972483441,406.51216038211834,66289200.0,,,,,,,,,,,,,,,,,,,,,,,,,,,,,,,,,,,,,,,,
2026-02-06,,,,,,MSFT,400.22650146484375,400.87501513504304,392.0252195920243,398.2609865133262,53515300.0,,,,,,,,,,,,,,,,,,,,,,,,,,,,,,,,,,,,,,,,
2026-02-09,,,,,,MSFT,412.65814208984375,413.94521298339265,399.9571203178888,403.9280678877113,45480500.0,,,,,,,,,,,,,,,,,,,,,,,,,,,,,,,,,,,,,,,,
2026-02-10,,,,,,MSFT,412.328857421875,422.7151545880433,411.76017861216997,418.66440278178237,44857900.0,,,,,,,,,,,,,,,,,,,,,,,,,,,,,,,,,,,,,,,,
2026-02-11,,,,,,MSFT,403.4491271972656,415.51159110220135,400.096793508188,415.2322299614449,42491000.0,,,,,,,,,,,,,,,,,,,,,,,,,,,,,,,,,,,,,,,,
2026-02-12,,,,,,MSFT,400.9248962402344,405.2749831551046,397.1036315998776,404.07770370563327,40802400.0,,,,,,,,,,,,,,,,,,,,,,,,,,,,,,,,,,,,,,,,
2026-02-13,,,,,,MSFT,400.4060974121094,404.61648859375555,397.1435245648219,403.528974460687,34091600.0,,,,,,,,,,,,,,,,,,,,,,,,,,,,,,,,,,,,,,,,
2026-02-17,,,,,,MSFT,395.95623779296875,399.60790672873594,393.6315571718042,398.31087932693146,32078800.0,,,,,,,,,,,,,,,,,,,,,,,,,,,,,,,,,,,,,,,,
2026-02-18,,,,,,MSFT,398.69000244140625,401.6432531481791,395.41747315874426,397.2233488345012,23223400.0,,,,,,,,,,,,,,,,,,,,,,,,,,,,,,,,,,,,,,,,
2026-02-19,,,,,,MSFT,398.4599914550781,404.42999267578125,396.6700134277344,400.69000244140625,28234000.0,,,,,,,,,,,,,,,,,,,,,,,,,,,,,,,,,,,,,,,,
2026-02-20,,,,,,MSFT,397.2300109863281,400.1199951171875,395.1600036621094,396.1099853515625,34015200.0,,,,,,,,,,,,,,,,,,,,,,,,,,,,,,,,,,,,,,,,
2026-02-23,,,,,,MSFT,384.4700012207031,395.3599853515625,383.1000061035156,395.0,43238300.0,,,,,,,,,,,,,,,,,,,,,,,,,,,,,,,,,,,,,,,,
2026-02-24,,,,,,MSFT,389.0,389.3599853515625,381.7099914550781,384.1400146484375,33884700.0,,,,,,,,,,,,,,,,,,,,,,,,,,,,,,,,,,,,,,,,
2026-02-25,,,,,,MSFT,400.6000061035156,401.4700012207031,390.1600036621094,390.5299987792969,43625500.0,,,,,,,,,,,,,,,,,,,,,,,,,,,,,,,,,,,,,,,,
2026-02-26,,,,,,MSFT,401.7200012207031,407.489990234375,398.739990234375,404.7099914550781,34405900.0,,,,,,,,,,,,,,,,,,,,,,,,,,,,,,,,,,,,,,,,
2026-02-27,,,,,,MSFT,392.739990234375,396.82000732421875,389.8800048828125,390.8800048828125,51367200.0,,,,,,,,,,,,,,,,,,,,,,,,,,,,,,,,,,,,,,,,
2026-03-02,,,,,,MSFT,398.54998779296875,401.19000244140625,390.6300048828125,392.8599853515625,35474900.0,,,,,,,,,,,,,,,,,,,,,,,,,,,,,,,,,,,,,,,,
2026-03-03,,,,,,MSFT,403.92999267578125,406.70001220703125,392.6700134277344,393.1400146484375,38199200.0,,,,,,,,,,,,,,,,,,,,,,,,,,,,,,,,,,,,,,,,
2026-03-04,,,,,,MSFT,405.20001220703125,411.0299987792969,400.30999755859375,401.2699890136719,35808000.0,,,,,,,,,,,,,,,,,,,,,,,,,,,,,,,,,,,,,,,,
2026-03-05,,,,,,MSFT,410.67999267578125,411.6099853515625,404.3999938964844,404.4200134277344,39001300.0,,,,,,,,,,,,,,,,,,,,,,,,,,,,,,,,,,,,,,,,
2026-03-06,,,,,,MSFT,408.9599914550781,413.04998779296875,408.510009765625,409.20001220703125,31123900.0,,,,,,,,,,,,,,,,,,,,,,,,,,,,,,,,,,,,,,,,
2026-03-09,,,,,,MSFT,409.4100036621094,410.2099914550781,403.5,404.9200134277344,30131900.0,,,,,,,,,,,,,,,,,,,,,,,,,,,,,,,,,,,,,,,,
2026-03-10,,,,,,MSFT,405.760009765625,410.20001220703125,402.92999267578125,410.0299987792969,31706400.0,,,,,,,,,,,,,,,,,,,,,,,,,,,,,,,,,,,,,,,,
2026-03-11,,,,,,MSFT,404.8800048828125,409.010009765625,401.5899963378906,405.57000732421875,25512100.0,,,,,,,,,,,,,,,,,,,,,,,,,,,,,,,,,,,,,,,,
2026-03-12,,,,,,MSFT,401.8599853515625,406.1199951171875,401.7099914550781,404.6300048828125,27263900.0,,,,,,,,,,,,,,,,,,,,,,,,,,,,,,,,,,,,,,,,
2026-03-13,,,,,,MSFT,395.54998779296875,404.79998779296875,394.25,401.0,26848000.0,,,,,,,,,,,,,,,,,,,,,,,,,,,,,,,,,,,,,,,,
2026-03-16,,,,,,MSFT,399.95001220703125,400.6300048828125,394.7900085449219,398.07000732421875,27733700.0,,,,,,,,,,,,,,,,,,,,,,,,,,,,,,,,,,,,,,,,
2026-03-17,,,,,,MSFT,399.4100036621094,404.3999938964844,397.75,400.2699890136719,26228300.0,,,,,,,,,,,,,,,,,,,,,,,,,,,,,,,,,,,,,,,,
2026-03-18,,,,,,MSFT,391.7900085449219,398.0,391.0,397.1300048828125,25908500.0,,,,,,,,,,,,,,,,,,,,,,,,,,,,,,,,,,,,,,,,
2026-03-19,,,,,,MSFT,389.0199890136719,392.489990234375,387.05999755859375,390.1000061035156,25138800.0,,,,,,,,,,,,,,,,,,,,,,,,,,,,,,,,,,,,,,,,
2026-03-20,,,,,,MSFT,381.8699951171875,387.0,380.1199951171875,386.7900085449219,50853200.0,,,,,,,,,,,,,,,,,,,,,,,,,,,,,,,,,,,,,,,,
2026-03-23,,,,,,MSFT,383.0,387.2099914550781,381.67999267578125,383.8999938964844,29680100.0,,,,,,,,,,,,,,,,,,,,,,,,,,,,,,,,,,,,,,,,
2026-03-24,,,,,,MSFT,372.739990234375,382.4700012207031,371.8500061035156,382.3599853515625,42733600.0,,,,,,,,,,,,,,,,,,,,,,,,,,,,,,,,,,,,,,,,
2026-03-25,,,,,,MSFT,371.0400085449219,377.05999755859375,369.6300048828125,376.9200134277344,31181200.0,,,,,,,,,,,,,,,,,,,,,,,,,,,,,,,,,,,,,,,,
2026-03-26,,,,,,MSFT,365.9700012207031,374.7200012207031,365.19000244140625,370.82000732421875,36836600.0,,,,,,,,,,,,,,,,,,,,,,,,,,,,,,,,,,,,,,,,
2026-03-27,,,,,,MSFT,356.7699890136719,362.45001220703125,356.510009765625,361.8999938964844,37883400.0,,,,,,,,,,,,,,,,,,,,,,,,,,,,,,,,,,,,,,,,
2026-03-30,,,,,,MSFT,358.9599914550781,365.3599853515625,356.2799987792969,361.8999938964844,44797000.0,,,,,,,,,,,,,,,,,,,,,,,,,,,,,,,,,,,,,,,,
2026-03-31,,,,,,MSFT,370.1700134277344,372.8999938964844,363.07000732421875,364.54998779296875,45244400.0,,,,,,,,,,,,,,,,,,,,,,,,,,,,,,,,,,,,,,,,
2026-04-01,,,,,,MSFT,369.3699951171875,373.989990234375,368.20001220703125,373.489990234375,29417200.0,,,,,,,,,,,,,,,,,,,,,,,,,,,,,,,,,,,,,,,,
2026-04-02,,,,,,MSFT,373.4599914550781,373.6400146484375,364.1499938964844,367.2099914550781,24099100.0,,,,,,,,,,,,,,,,,,,,,,,,,,,,,,,,,,,,,,,,
2026-04-06,,,,,,MSFT,372.8800048828125,373.7300109863281,369.5,373.489990234375,16146600.0,,,,,,,,,,,,,,,,,,,,,,,,,,,,,,,,,,,,,,,,
2026-04-07,,,,,,MSFT,372.2900085449219,372.45001220703125,366.55999755859375,370.3399963378906,21443300.0,,,,,,,,,,,,,,,,,,,,,,,,,,,,,,,,,,,,,,,,
2026-04-08,,,,,,MSFT,374.3299865722656,385.0,371.4100036621094,384.9800109863281,33064800.0,,,,,,,,,,,,,,,,,,,,,,,,,,,,,,,,,,,,,,,,
2026-04-09,,,,,,MSFT,373.07000732421875,373.5,367.04998779296875,372.5,30435300.0,,,,,,,,,,,,,,,,,,,,,,,,,,,,,,,,,,,,,,,,
2026-04-10,,,,,,MSFT,370.8699951171875,375.6400146484375,370.0299987792969,372.9800109863281,28111100.0,,,,,,,,,,,,,,,,,,,,,,,,,,,,,,,,,,,,,,,,
2026-04-13,,,,,,MSFT,384.3699951171875,384.5400085449219,371.0199890136719,373.6099853515625,35745800.0,,,,,,,,,,,,,,,,,,,,,,,,,,,,,,,,,,,,,,,,
2026-04-14,,,,,,MSFT,393.1099853515625,394.69000244140625,386.5199890136719,387.9200134277344,37504500.0,,,,,,,,,,,,,,,,,,,,,,,,,,,,,,,,,,,,,,,,
2026-04-15,,,,,,MSFT,411.2200012207031,414.3699951171875,396.7300109863281,398.0,45063400.0,,,,,,,,,,,,,,,,,,,,,,,,,,,,,,,,,,,,,,,,
2026-04-16,,,,,,MSFT,420.260009765625,420.82000732421875,412.1400146484375,419.8599853515625,41642400.0,,,,,,,,,,,,,,,,,,,,,,,,,,,,,,,,,,,,,,,,
2026-04-17,,,,,,MSFT,422.7900085449219,431.5799865722656,420.69000244140625,424.82000732421875,48568200.0,,,,,,,,,,,,,,,,,,,,,,,,,,,,,,,,,,,,,,,,
2026-04-20,,,,,,MSFT,418.07000732421875,423.3299865722656,416.29998779296875,421.1499938964844,27582200.0,,,,,,,,,,,,,,,,,,,,,,,,,,,,,,,,,,,,,,,,
2026-04-21,,,,,,MSFT,424.1600036621094,427.17999267578125,417.20001220703125,420.239990234375,32048500.0,,,,,,,,,,,,,,,,,,,,,,,,,,,,,,,,,,,,,,,,
2026-04-22,,,,,,MSFT,432.9200134277344,433.70001220703125,423.6700134277344,426.19000244140625,29378200.0,,,,,,,,,,,,,,,,,,,,,,,,,,,,,,,,,,,,,,,,
2026-04-23,,,,,,MSFT,415.75,423.6600036621094,411.4100036621094,419.8900146484375,38308000.0,,,,,,,,,,,,,,,,,,,,,,,,,,,,,,,,,,,,,,,,
2026-04-24,,,,,,MSFT,424.6199951171875,424.95001220703125,415.79998779296875,416.9700012207031,27457400.0,,,,,,,,,,,,,,,,,,,,,,,,,,,,,,,,,,,,,,,,
2026-04-27,,,,,,MSFT,424.82000732421875,427.1099853515625,417.07000732421875,422.3800048828125,30867300.0,,,,,,,,,,,,,,,,,,,,,,,,,,,,,,,,,,,,,,,,
2026-04-28,,,,,,MSFT,429.25,429.9200134277344,421.8999938964844,424.57000732421875,30438100.0,,,,,,,,,,,,,,,,,,,,,,,,,,,,,,,,,,,,,,,,
2026-04-29,,,,,,MSFT,424.4599914550781,426.82000732421875,420.2900085449219,424.5799865722656,38288300.0,,,,,,,,,,,,,,,,,,,,,,,,,,,,,,,,,,,,,,,,
2026-04-30,,,,,,MSFT,407.7799987792969,414.4200134277344,398.010009765625,410.80999755859375,70909400.0,,,,,,,,,,,,,,,,,,,,,,,,,,,,,,,,,,,,,,,,
2026-05-01,,,,,,MSFT,414.44000244140625,417.1099853515625,410.44000244140625,412.79998779296875,31372400.0,,,,,,,,,,,,,,,,,,,,,,,,,,,,,,,,,,,,,,,,
2026-05-04,,,,,,MSFT,413.6199951171875,420.7799987792969,410.79998779296875,411.5400085449219,28066500.0,,,,,,,,,,,,,,,,,,,,,,,,,,,,,,,,,,,,,,,,
2026-05-05,,,,,,MSFT,411.3800048828125,416.7799987792969,408.79998779296875,415.32000732421875,25700900.0,,,,,,,,,,,,,,,,,,,,,,,,,,,,,,,,,,,,,,,,
2026-05-06,,,,,,MSFT,413.9599914550781,418.4200134277344,405.1099853515625,408.0,30285900.0,,,,,,,,,,,,,,,,,,,,,,,,,,,,,,,,,,,,,,,,
2026-05-07,,,,,,MSFT,420.7699890136719,427.9800109863281,418.760009765625,420.1099853515625,34942400.0,,,,,,,,,,,,,,,,,,,,,,,,,,,,,,,,,,,,,,,,
2026-05-08,,,,,,MSFT,415.1199951171875,418.6300048828125,414.0,417.3900146484375,33383800.0,,,,,,,,,,,,,,,,,,,,,,,,,,,,,,,,,,,,,,,,
2026-05-11,,,,,,MSFT,412.6600036621094,412.69000244140625,405.5,407.8699951171875,35657900.0,,,,,,,,,,,,,,,,,,,,,,,,,,,,,,,,,,,,,,,,
2026-05-12,,,,,,MSFT,407.7699890136719,415.5,406.6400146484375,414.4800109863281,38594200.0,,,,,,,,,,,,,,,,,,,,,,,,,,,,,,,,,,,,,,,,
2026-05-13,,,,,,MSFT,405.2099914550781,406.30999755859375,401.0299987792969,403.20001220703125,29667100.0,,,,,,,,,,,,,,,,,,,,,,,,,,,,,,,,,,,,,,,,
2026-05-14,,,,,,MSFT,409.42999267578125,411.8349914550781,400.8800048828125,404.4800109863281,25106919.0,,,,,,,,,,,,,,,,,,,,,,,,,,,,,,,,,,,,,,,,
2025-05-15,,,,,,GOOGL,,,,,,163.3934326171875,165.63565760093152,161.80891540540173,165.26692581903856,33146700.0,,,,,,,,,,,,,,,,,,,,,,,,,,,,,,,,,,,
2025-05-16,,,,,,GOOGL,,,,,,165.61573791503906,168.76482228008075,165.04770023388704,167.1504098009548,42846900.0,,,,,,,,,,,,,,,,,,,,,,,,,,,,,,,,,,,
2025-05-19,,,,,,GOOGL,,,,,,165.9645233154297,166.06418385324469,163.6525478575402,163.94153908750272,30426100.0,,,,,,,,,,,,,,,,,,,,,,,,,,,,,,,,,,,
2025-05-20,,,,,,GOOGL,,,,,,163.4133758544922,167.91776161058672,162.33710588412995,165.85490703254322,46607700.0,,,,,,,,,,,,,,,,,,,,,,,,,,,,,,,,,,,
2025-05-21,,,,,,GOOGL,,,,,,167.97755432128906,172.54173038625467,162.99483135159699,163.12438701474937,73416000.0,,,,,,,,,,,,,,,,,,,,,,,,,,,,,,,,,,,
2025-05-22,,,,,,GOOGL,,,,,,170.27955627441406,176.15917803179707,170.12012070875053,171.25618084668935,74864400.0,,,,,,,,,,,,,,,,,,,,,,,,,,,,,,,,,,,
2025-05-23,,,,,,GOOGL,,,,,,167.8878631591797,169.37272002705043,167.30986548992928,168.47582079984258,35211400.0,,,,,,,,,,,,,,,,,,,,,,,,,,,,,,,,,,,
2025-05-27,,,,,,GOOGL,,,,,,172.30255126953125,172.5716225630013,169.4125780788469,169.57202886061165,37995700.0,,,,,,,,,,,,,,,,,,,,,,,,,,,,,,,,,,,
2025-05-28,,,,,,GOOGL,,,,,,171.76441955566406,174.66436785084326,171.31597754856884,172.56165823831284,34784000.0,,,,,,,,,,,,,,,,,,,,,,,,,,,,,,,,,,,
2025-05-29,,,,,,GOOGL,,,,,,171.26614379882812,173.81729536660228,170.04039828273065,173.39874848808273,29317300.0,,,,,,,,,,,,,,,,,,,,,,,,,,,,,,,,,,,
2025-05-30,,,,,,GOOGL,,,,,,171.1465606689453,171.61493780799663,166.86141620850907,170.75790891590938,52639900.0,,,,,,,,,,,,,,,,,,,,,,,,,,,,,,,,,,,
2025-06-02,,,,,,GOOGL,,,,,,168.44593811035156,169.28303195267003,166.8116055203689,167.2600475640349,38612300.0,,,,,,,,,,,,,,,,,,,,,,,,,,,,,,,,,,,
2025-06-03,,,,,,GOOGL,,,,,,165.6057586669922,167.89781407143477,164.70887469424017,166.91124474262,45084900.0,,,,,,,,,,,,,,,,,,,,,,,,,,,,,,,,,,,
2025-06-04,,,,,,GOOGL,,,,,,167.4693145751953,167.63872532387313,165.78515185366567,166.1638436483944,26900800.0,,,,,,,,,,,,,,,,,,,,,,,,,,,,,,,,,,,
2025-06-05,,,,,,GOOGL,,,,,,167.62876892089844,170.33935616350743,167.01090094696792,169.75139851627495,36379100.0,,,,,,,,,,,,,,,,,,,,,,,,,,,,,,,,,,,
2025-06-06,,,,,,GOOGL,,,,,,173.07984924316406,173.897023068816,170.239706414102,170.239706414102,35731800.0,,,,,,,,,,,,,,,,,,,,,,,,,,,,,,,,,,,
2025-06-09,,,,,,GOOGL,,,,,,175.6939697265625,176.0731199779413,173.9778367906517,174.14745263351276,28935900.0,,,,,,,,,,,,,,,,,,,,,,,,,,,,,,,,,,,
2025-06-10,,,,,,GOOGL,,,,,,178.1983184814453,180.70266778284787,174.51661519040564,175.8037071645682,61766100.0,,,,,,,,,,,,,,,,,,,,,,,,,,,,,,,,,,,
2025-06-11,,,,,,GOOGL,,,,,,176.95114135742188,179.96433833777158,176.352484683136,179.36569688795734,31646800.0,,,,,,,,,,,,,,,,,,,,,,,,,,,,,,,,,,,
2025-06-12,,,,,,GOOGL,,,,,,175.30484008789062,176.32255032681226,174.3569797237004,175.78375628436552,20941900.0,,,,,,,,,,,,,,,,,,,,,,,,,,,,,,,,,,,
2025-06-13,,,,,,GOOGL,,,,,,174.2771453857422,176.7316192634362,172.00227458420645,172.05216517338764,27663100.0,,,,,,,,,,,,,,,,,,,,,,,,,,,,,,,,,,,
2025-06-16,,,,,,GOOGL,,,,,,176.37245178222656,176.5420676284148,174.25720927061568,174.33703117902292,27389200.0,,,,,,,,,,,,,,,,,,,,,,,,,,,,,,,,,,,
2025-06-17,,,,,,GOOGL,,,,,,175.5542755126953,176.96110799729416,174.1873615915514,175.30483777675101,24973000.0,,,,,,,,,,,,,,,,,,,,,,,,,,,,,,,,,,,
2025-06-18,,,,,,GOOGL,,,,,,172.93020629882812,176.16290971424257,172.81046582918458,175.6141436330853,28707500.0,,,,,,,,,,,,,,,,,,,,,,,,,,,,,,,,,,,
2025-06-20,,,,,,GOOGL,,,,,,166.2652130126953,173.94789206625825,165.08787423262584,173.55876981570484,75659900.0,,,,,,,,,,,,,,,,,,,,,,,,,,,,,,,,,,,
2025-06-23,,,,,,GOOGL,,,,,,164.81846618652344,166.96362443515676,161.63563852290417,165.89603893694584,57671000.0,,,,,,,,,,,,,,,,,,,,,,,,,,,,,,,,,,,
2025-06-24,,,,,,GOOGL,,,,,,166.3949432373047,167.84167918331357,165.75638318822968,166.5445998017471,40524300.0,,,,,,,,,,,,,,,,,,,,,,,,,,,,,,,,,,,
2025-06-25,,,,,,GOOGL,,,,,,170.29611206054688,171.9723414475006,167.17316217400943,167.25298407095676,35479000.0,,,,,,,,,,,,,,,,,,,,,,,,,,,,,,,,,,,
2025-06-26,,,,,,GOOGL,,,,,,173.1497039794922,173.29937576602373,169.5578094698184,172.0421997468365,31796700.0,,,,,,,,,,,,,,,,,,,,,,,,,,,,,,,,,,,
2025-06-27,,,,,,GOOGL,,,,,,178.1284637451172,178.27812028762878,171.34375470263782,173.14968136313868,108140200.0,,,,,,,,,,,,,,,,,,,,,,,,,,,,,,,,,,,
2025-06-30,,,,,,GOOGL,,,,,,175.8336639404297,180.82241920920578,174.1873807915227,180.3734342799105,63378900.0,,,,,,,,,,,,,,,,,,,,,,,,,,,,,,,,,,,
2025-07-01,,,,,,GOOGL,,,,,,175.44451904296875,175.6939567742825,173.139716841545,175.3447530851258,35904500.0,,,,,,,,,,,,,,,,,,,,,,,,,,,,,,,,,,,
2025-07-02,,,,,,GOOGL,,,,,,178.23822021484375,178.4577266308603,174.67625741761273,175.14518633422566,29128900.0,,,,,,,,,,,,,,,,,,,,,,,,,,,,,,,,,,,
2025-07-03,,,,,,GOOGL,,,,,,179.126220703125,179.265905222364,176.65180269468908,178.09853847776557,21689700.0,,,,,,,,,,,,,,,,,,,,,,,,,,,,,,,,,,,
2025-07-07,,,,,,GOOGL,,,,,,176.39239501953125,178.8967598076696,175.28489078530595,178.65729408356307,34175600.0,,,,,,,,,,,,,,,,,,,,,,,,,,,,,,,,,,,
2025-07-08,,,,,,GOOGL,,,,,,173.96786499023438,177.54978742679873,172.421347895151,177.45002146146976,40442500.0,,,,,,,,,,,,,,,,,,,,,,,,,,,,,,,,,,,
2025-07-09,,,,,,GOOGL,,,,,,176.2227783203125,179.03644347316074,172.3814460707259,174.85586430994886,43025600.0,,,,,,,,,,,,,,,,,,,,,,,,,,,,,,,,,,,
2025-07-10,,,,,,GOOGL,,,,,,177.2205047607422,178.02868052999747,173.98780168372105,175.2349902719471,29252400.0,,,,,,,,,,,,,,,,,,,,,,,,,,,,,,,,,,,
2025-07-11,,,,,,GOOGL,,,,,,179.7847442626953,181.0219456842772,176.08308157759498,176.39238193299045,34282900.0,,,,,,,,,,,,,,,,,,,,,,,,,,,,,,,,,,,
2025-07-14,,,,,,GOOGL,,,,,,181.1516571044922,183.2569121837853,179.27588047712075,180.60289104600895,32536600.0,,,,,,,,,,,,,,,,,,,,,,,,,,,,,,,,,,,
2025-07-15,,,,,,GOOGL,,,,,,181.59068298339844,183.8056914333515,181.19158867102598,182.39885886185957,33448300.0,,,,,,,,,,,,,,,,,,,,,,,,,,,,,,,,,,,
2025-07-16,,,,,,GOOGL,,,,,,182.55848693847656,183.91542879782378,181.62059863833602,182.82788394956327,33104200.0,,,,,,,,,,,,,,,,,,,,,,,,,,,,,,,,,,,
2025-07-17,,,,,,GOOGL,,,,,,183.16712951660156,183.64604573142148,180.07409534184728,181.73036564766983,31992600.0,,,,,,,,,,,,,,,,,,,,,,,,,,,,,,,,,,,
2025-07-18,,,,,,GOOGL,,,,,,184.64378356933594,186.00072543502688,183.2968289565469,184.98301522964096,34014500.0,,,,,,,,,,,,,,,,,,,,,,,,,,,,,,,,,,,
2025-07-21,,,,,,GOOGL,,,,,,189.67245483398438,189.86201471908177,185.73132654425748,185.83110772544197,45803100.0,,,,,,,,,,,,,,,,,,,,,,,,,,,,,,,,,,,
2025-07-22,,,,,,GOOGL,,,,,,190.90966796875,191.21896833519165,187.03840453704987,191.0693117786785,44660200.0,,,,,,,,,,,,,,,,,,,,,,,,,,,,,,,,,,,
2025-07-23,,,,,,GOOGL,,,,,,189.80215454101562,192.09698471753413,188.7545130229886,191.06930248089483,58681900.0,,,,,,,,,,,,,,,,,,,,,,,,,,,,,,,,,,,
2025-07-24,,,,,,GOOGL,,,,,,191.73779296875,197.50479208340965,190.5704262162467,196.58686306155585,74881700.0,,,,,,,,,,,,,,,,,,,,,,,,,,,,,,,,,,,
2025-07-25,,,,,,GOOGL,,,,,,192.74551391601562,193.8929365997576,190.82983399147875,191.54821586623893,39785900.0,,,,,,,,,,,,,,,,,,,,,,,,,,,,,,,,,,,
2025-07-28,,,,,,GOOGL,,,,,,192.14688110351562,193.61357622809174,190.41078895772904,193.2144667106556,38139500.0,,,,,,,,,,,,,,,,,,,,,,,,,,,,,,,,,,,
2025-07-29,,,,,,GOOGL,,,,,,195.30975341796875,195.47936925683575,191.64800916549822,191.99721287217557,41389200.0,,,,,,,,,,,,,,,,,,,,,,,,,,,,,,,,,,,
2025-07-30,,,,,,GOOGL,,,,,,196.08799743652344,197.155598285003,194.2521393007246,195.1600963397073,32445400.0,,,,,,,,,,,,,,,,,,,,,,,,,,,,,,,,,,,
2025-07-31,,,,,,GOOGL,,,,,,191.46839904785156,195.54921195775628,190.66022322341527,195.26984291287636,51329200.0,,,,,,,,,,,,,,,,,,,,,,,,,,,,,,,,,,,
2025-08-01,,,,,,GOOGL,,,,,,188.7046356201172,190.40080913246982,187.39758435603645,188.6048544387261,34832200.0,,,,,,,,,,,,,,,,,,,,,,,,,,,,,,,,,,,
2025-08-04,,,,,,GOOGL,,,,,,194.601318359375,194.8308120156372,189.69238602262155,189.86200183955253,31547400.0,,,,,,,,,,,,,,,,,,,,,,,,,,,,,,,,,,,
2025-08-05,,,,,,GOOGL,,,,,,194.23216247558594,197.41499022677854,193.45391800516853,194.27208103659058,31602300.0,,,,,,,,,,,,,,,,,,,,,,,,,,,,,,,,,,,
2025-08-06,,,,,,GOOGL,,,,,,195.6489715576172,196.18776557270928,193.23441619136784,194.06255127051267,21562900.0,,,,,,,,,,,,,,,,,,,,,,,,,,,,,,,,,,,
2025-08-07,,,,,,GOOGL,,,,,,196.07801818847656,197.09571318148866,193.8929412029117,196.6167969951023,26321800.0,,,,,,,,,,,,,,,,,,,,,,,,,,,,,,,,,,,
2025-08-08,,,,,,GOOGL,,,,,,200.96697998046875,202.15430596097147,196.72653874979915,196.77642933858343,39161800.0,,,,,,,,,,,,,,,,,,,,,,,,,,,,,,,,,,,
2025-08-11,,,,,,GOOGL,,,,,,200.54794311523438,201.02685931355308,198.62229106869012,200.48808049350347,25832400.0,,,,,,,,,,,,,,,,,,,,,,,,,,,,,,,,,,,
2025-08-12,,,,,,GOOGL,,,,,,202.88267517089844,204.04006993048975,200.1388600495838,200.91710457512625,30397900.0,,,,,,,,,,,,,,,,,,,,,,,,,,,,,,,,,,,
2025-08-13,,,,,,GOOGL,,,,,,201.5057830810547,204.06999503609887,197.06577929471834,203.6709007567403,28342900.0,,,,,,,,,,,,,,,,,,,,,,,,,,,,,,,,,,,
2025-08-14,,,,,,GOOGL,,,,,,202.4835662841797,203.9801926061093,200.777405578413,201.04680257921203,25230400.0,,,,,,,,,,,,,,,,,,,,,,,,,,,,,,,,,,,
2025-08-15,,,,,,GOOGL,,,,,,203.44140625,205.97570210941166,200.82730371462006,203.39153088363753,34931400.0,,,,,,,,,,,,,,,,,,,,,,,,,,,,,,,,,,,
2025-08-18,,,,,,GOOGL,,,,,,203.0423126220703,204.80833601681928,202.0345896716843,203.74073522255918,18526600.0,,,,,,,,,,,,,,,,,,,,,,,,,,,,,,,,,,,
2025-08-19,,,,,,GOOGL,,,,,,201.11666870117188,202.98245812812408,199.51028904350812,202.57337657986534,24240200.0,,,,,,,,,,,,,,,,,,,,,,,,,,,,,,,,,,,
2025-08-20,,,,,,GOOGL,,,,,,198.87171936035156,200.82730262485018,196.15783565803162,200.27853657760338,28955500.0,,,,,,,,,,,,,,,,,,,,,,,,,,,,,,,,,,,
2025-08-21,,,,,,GOOGL,,,,,,199.30075073242188,202.02460654215824,198.9814631231269,199.30075073242188,19774600.0,,,,,,,,,,,,,,,,,,,,,,,,,,,,,,,,,,,
2025-08-22,,,,,,GOOGL,,,,,,205.62648010253906,208.07096677186306,200.84725997228378,202.27403645691825,42827000.0,,,,,,,,,,,,,,,,,,,,,,,,,,,,,,,,,,,
2025-08-25,,,,,,GOOGL,,,,,,208.02110290527344,210.04653613391585,204.81831562838462,205.96572314134983,29928900.0,,,,,,,,,,,,,,,,,,,,,,,,,,,,,,,,,,,
2025-08-26,,,,,,GOOGL,,,,,,206.67413330078125,207.38254318133843,205.23736948208096,207.0432962842493,28464100.0,,,,,,,,,,,,,,,,,,,,,,,,,,,,,,,,,,,
2025-08-27,,,,,,GOOGL,,,,,,207.01336669921875,208.4401585010209,205.18748059977113,205.2373711930947,23022900.0,,,,,,,,,,,,,,,,,,,,,,,,,,,,,,,,,,,
2025-08-28,,,,,,GOOGL,,,,,,211.1640167236328,211.742714118765,206.43467159929352,206.78389053195886,32339300.0,,,,,,,,,,,,,,,,,,,,,,,,,,,,,,,,,,,
2025-08-29,,,,,,GOOGL,,,,,,212.43115234375,214.167229203444,209.72724064780297,210.0365409975429,39728400.0,,,,,,,,,,,,,,,,,,,,,,,,,,,,,,,,,,,
2025-09-02,,,,,,GOOGL,,,,,,210.87466430664062,211.20390871469678,205.73623790289355,207.97120545801465,47523000.0,,,,,,,,,,,,,,,,,,,,,,,,,,,,,,,,,,,
2025-09-03,,,,,,GOOGL,,,,,,230.1412353515625,230.78976737242826,224.28442698424496,225.7012467158241,103336100.0,,,,,,,,,,,,,,,,,,,,,,,,,,,,,,,,,,,
2025-09-04,,,,,,GOOGL,,,,,,231.7775421142578,231.84737676203946,225.60146147412655,229.13349303754427,51684200.0,,,,,,,,,,,,,,,,,,,,,,,,,,,,,,,,,,,
2025-09-05,,,,,,GOOGL,,,,,,234.47146606445312,235.22975128240526,231.37843212445287,231.677760445174,46588900.0,,,,,,,,,,,,,,,,,,,,,,,,,,,,,,,,,,,
2025-09-08,,,,,,GOOGL,,,,,,233.72247314453125,237.8069358559837,233.3529799966882,235.15054099905157,32474700.0,,,,,,,,,,,,,,,,,,,,,,,,,,,,,,,,,,,
2025-09-09,,,,,,GOOGL,,,,,,239.30491638183594,240.14377315813266,232.91358965088386,233.85231685973005,38061000.0,,,,,,,,,,,,,,,,,,,,,,,,,,,,,,,,,,,
2025-09-10,,,,,,GOOGL,,,,,,238.84552001953125,241.33214736167037,237.5273187664355,238.5758820575914,35141100.0,,,,,,,,,,,,,,,,,,,,,,,,,,,,,,,,,,,
2025-09-11,,,,,,GOOGL,,,,,,240.0438995361328,241.9213539288796,235.92949376965038,239.55457404217233,30599300.0,,,,,,,,,,,,,,,,,,,,,,,,,,,,,,,,,,,
2025-09-12,,,,,,GOOGL,,,,,,240.4733123779297,241.75157459718335,237.67710805902945,240.04388783032,26771600.0,,,,,,,,,,,,,,,,,,,,,,,,,,,,,,,,,,,
2025-09-15,,,,,,GOOGL,,,,,,251.26864624023438,252.06756394348793,244.32807821701437,244.32807821701437,58383800.0,,,,,,,,,,,,,,,,,,,,,,,,,,,,,,,,,,,
2025-09-16,,,,,,GOOGL,,,,,,250.8192596435547,252.696698721273,249.13154999644232,251.73800966841424,34109700.0,,,,,,,,,,,,,,,,,,,,,,,,,,,,,,,,,,,
2025-09-17,,,,,,GOOGL,,,,,,249.19146728515625,251.25866627901078,245.94587648389523,250.87917693990602,34108000.0,,,,,,,,,,,,,,,,,,,,,,,,,,,,,,,,,,,
2025-09-18,,,,,,GOOGL,,,,,,251.68807983398438,253.64542748570952,249.46110945180462,251.338548569648,31239500.0,,,,,,,,,,,,,,,,,,,,,,,,,,,,,,,,,,,
2025-09-19,,,,,,GOOGL,,,,,,254.3744354248047,255.65269769422878,251.4683796180924,252.90642848071656,55571400.0,,,,,,,,,,,,,,,,,,,,,,,,,,,,,,,,,,,
2025-09-22,,,,,,GOOGL,,,,,,252.18739318847656,255.4329839373953,249.96042287972912,254.0848093772248,32290500.0,,,,,,,,,,,,,,,,,,,,,,,,,,,,,,,,,,,
2025-09-23,,,,,,GOOGL,,,,,,251.31858825683594,254.01492224497756,250.1401811840686,252.69670571321294,26628000.0,,,,,,,,,,,,,,,,,,,,,,,,,,,,,,,,,,,
2025-09-24,,,,,,GOOGL,,,,,,246.80470275878906,252.00764101873446,246.10565550148698,251.31857470864836,28201000.0,,,,,,,,,,,,,,,,,,,,,,,,,,,,,,,,,,,
2025-09-25,,,,,,GOOGL,,,,,,245.45654296875,246.1556055061487,240.41340622781078,244.06842931794486,31020400.0,,,,,,,,,,,,,,,,,,,,,,,,,,,,,,,,,,,
2025-09-26,,,,,,GOOGL,,,,,,246.2055206298828,249.08161830530747,245.63630185383965,246.73481561544992,18503200.0,,,,,,,,,,,,,,,,,,,,,,,,,,,,,,,,,,,
2025-09-29,,,,,,GOOGL,,,,,,243.71890258789062,250.80926093832198,242.4406403715287,247.51375020937843,32505800.0,,,,,,,,,,,,,,,,,,,,,,,,,,,,,,,,,,,
2025-09-30,,,,,,GOOGL,,,,,,242.77020263671875,242.9599320717839,238.92541967317948,242.48058753408858,34724300.0,,,,,,,,,,,,,,,,,,,,,,,,,,,,,,,,,,,
2025-10-01,,,,,,GOOGL,,,,,,244.5677490234375,245.96585884887978,238.2862890899911,240.42338523813993,31658200.0,,,,,,,,,,,,,,,,,,,,,,,,,,,,,,,,,,,
2025-10-02,,,,,,GOOGL,,,,,,245.35667419433594,246.47514981131818,241.97127402542458,244.81739828037135,25483300.0,,,,,,,,,,,,,,,,,,,,,,,,,,,,,,,,,,,
2025-10-03,,,,,,GOOGL,,,,,,245.01715087890625,245.96585900937905,241.3321544964398,244.15831699237452,30249600.0,,,,,,,,,,,,,,,,,,,,,,,,,,,,,,,,,,,
2025-10-06,,,,,,GOOGL,,,,,,250.09024047851562,250.97904766602093,244.24818617214953,244.44791178946252,28894700.0,,,,,,,,,,,,,,,,,,,,,,,,,,,,,,,,,,,
2025-10-07,,,,,,GOOGL,,,,,,245.42657470703125,250.1002333278666,245.18691006468788,247.93317917084852,23181300.0,,,,,,,,,,,,,,,,,,,,,,,,,,,,,,,,,,,
2025-10-08,,,,,,GOOGL,,,,,,244.2881317138672,245.67624536262252,243.48922922331397,244.62768203424937,21307100.0,,,,,,,,,,,,,,,,,,,,,,,,,,,,,,,,,,,
2025-10-09,,,,,,GOOGL,,,,,,241.2023162841797,244.42792989328805,238.82554034163272,244.13833003954065,27892100.0,,,,,,,,,,,,,,,,,,,,,,,,,,,,,,,,,,,
2025-10-10,,,,,,GOOGL,,,,,,236.2490692138672,243.75885638035138,235.5200485827795,241.10246136059908,33180300.0,,,,,,,,,,,,,,,,,,,,,,,,,,,,,,,,,,,
2025-10-13,,,,,,GOOGL,,,,,,243.81875610351562,244.16828735447277,239.38479264234815,239.88411429337978,24995000.0,,,,,,,,,,,,,,,,,,,,,,,,,,,,,,,,,,,
2025-10-14,,,,,,GOOGL,,,,,,245.1169891357422,246.78472157869837,240.1836889124138,240.9027132904423,22111600.0,,,,,,,,,,,,,,,,,,,,,,,,,,,,,,,,,,,
2025-10-15,,,,,,GOOGL,,,,,,250.68942260742188,251.7679591837619,245.65626715592245,246.91455220927548,27007700.0,,,,,,,,,,,,,,,,,,,,,,,,,,,,,,,,,,,
2025-10-16,,,,,,GOOGL,,,,,,251.1188507080078,256.6113736152233,249.76069521164578,251.42842769264908,27997200.0,,,,,,,,,,,,,,,,,,,,,,,,,,,,,,,,,,,
2025-10-17,,,,,,GOOGL,,,,,,252.9563446044922,253.87509458891947,247.4737875390444,250.4197821526697,29671600.0,,,,,,,,,,,,,,,,,,,,,,,,,,,,,,,,,,,
2025-10-20,,,,,,GOOGL,,,,,,256.2019348144531,256.98087539491434,253.88509020638818,254.3444728441902,22350200.0,,,,,,,,,,,,,,,,,,,,,,,,,,,,,,,,,,,
2025-10-21,,,,,,GOOGL,,,,,,250.12020874023438,254.53421031738455,243.81875668908756,254.39440086428343,47312100.0,,,,,,,,,,,,,,,,,,,,,,,,,,,,,,,,,,,
2025-10-22,,,,,,GOOGL,,,,,,251.34854125976562,256.01218852739623,248.95178813355238,254.02489806023604,35029400.0,,,,,,,,,,,,,,,,,,,,,,,,,,,,,,,,,,,
2025-10-23,,,,,,GOOGL,,,,,,252.73666381835938,254.69399627404513,251.50833675008087,252.63679338694976,19901400.0,,,,,,,,,,,,,,,,,,,,,,,,,,,,,,,,,,,
2025-10-24,,,,,,GOOGL,,,,,,259.5673828125,261.32497431611404,254.9736174865258,256.23188733462473,28655100.0,,,,,,,,,,,,,,,,,,,,,,,,,,,,,,,,,,,
2025-10-27,,,,,,GOOGL,,,,,,268.9046630859375,269.7735083332291,263.92144290721717,264.4607188078389,35235200.0,,,,,,,,,,,,,,,,,,,,,,,,,,,,,,,,,,,
2025-10-28,,,,,,GOOGL,,,,,,267.1071472167969,270.3627344019799,266.1384619149823,269.3241367489819,29738600.0,,,,,,,,,,,,,,,,,,,,,,,,,,,,,,,,,,,
2025-10-29,,,,,,GOOGL,,,,,,274.197509765625,274.96645416764926,267.3068768000952,267.38675485794886,43580300.0,,,,,,,,,,,,,,,,,,,,,,,,,,,,,,,,,,,
2025-10-30,,,,,,GOOGL,,,,,,281.09814453125,291.1944142933695,279.6800575475708,291.1944142933695,74876000.0,,,,,,,,,,,,,,,,,,,,,,,,,,,,,,,,,,,
2025-10-31,,,,,,GOOGL,,,,,,280.8085021972656,285.6119738650845,276.6541425566326,282.82575062167336,39267900.0,,,,,,,,,,,,,,,,,,,,,,,,,,,,,,,,,,,
2025-11-03,,,,,,GOOGL,,,,,,283.3350830078125,285.14262497278366,279.42038779718166,281.797163766903,29786000.0,,,,,,,,,,,,,,,,,,,,,,,,,,,,,,,,,,,
2025-11-04,,,,,,GOOGL,,,,,,277.1634521484375,280.88837191256465,275.8851900258856,276.374515458966,30078400.0,,,,,,,,,,,,,,,,,,,,,,,,,,,,,,,,,,,
2025-11-05,,,,,,GOOGL,,,,,,283.92425537109375,286.0314084420774,276.96371081227676,278.49163374098424,31010300.0,,,,,,,,,,,,,,,,,,,,,,,,,,,,,,,,,,,
2025-11-06,,,,,,GOOGL,,,,,,284.3636779785156,287.9587999323025,280.7585903155872,284.9428776795432,37173600.0,,,,,,,,,,,,,,,,,,,,,,,,,,,,,,,,,,,
2025-11-07,,,,,,GOOGL,,,,,,278.45172119140625,283.3950181298404,274.8166751233446,282.8257840870045,34479600.0,,,,,,,,,,,,,,,,,,,,,,,,,,,,,,,,,,,
2025-11-10,,,,,,GOOGL,,,,,,289.7064208984375,290.40545290698407,282.47622284552773,284.03413439651047,29557300.0,,,,,,,,,,,,,,,,,,,,,,,,,,,,,,,,,,,
2025-11-11,,,,,,GOOGL,,,,,,290.914794921875,291.52398321941854,286.9302176656824,287.35962699643375,19842100.0,,,,,,,,,,,,,,,,,,,,,,,,,,,,,,,,,,,
2025-11-12,,,,,,GOOGL,,,,,,286.3210144042969,291.613842224268,283.30512258449664,291.2842728658537,24829900.0,,,,,,,,,,,,,,,,,,,,,,,,,,,,,,,,,,,
2025-11-13,,,,,,GOOGL,,,,,,278.19207763671875,282.45627365196606,276.8638649512614,281.9569519907634,29494000.0,,,,,,,,,,,,,,,,,,,,,,,,,,,,,,,,,,,
2025-11-14,,,,,,GOOGL,,,,,,276.0350036621094,278.1820807042813,270.3327588398133,271.04178706348836,31647200.0,,,,,,,,,,,,,,,,,,,,,,,,,,,,,,,,,,,
2025-11-17,,,,,,GOOGL,,,,,,284.63330078125,293.55120856159544,283.1852862901624,285.392279437324,52670200.0,,,,,,,,,,,,,,,,,,,,,,,,,,,,,,,,,,,
2025-11-18,,,,,,GOOGL,,,,,,283.8943176269531,288.4081743957296,277.8225797399186,287.52939388700526,49158700.0,,,,,,,,,,,,,,,,,,,,,,,,,,,,,,,,,,,
2025-11-19,,,,,,GOOGL,,,,,,292.4127502441406,303.39782684502376,286.2411417953812,286.77042153983126,68198900.0,,,,,,,,,,,,,,,,,,,,,,,,,,,,,,,,,,,
2025-11-20,,,,,,GOOGL,,,,,,289.05731201171875,306.0042898345543,288.2783714658303,304.1268355762142,62025200.0,,,,,,,,,,,,,,,,,,,,,,,,,,,,,,,,,,,
2025-11-21,,,,,,GOOGL,,,,,,299.25347900390625,303.50770955644725,293.4513634023398,296.0178842040454,74137700.0,,,,,,,,,,,,,,,,,,,,,,,,,,,,,,,,,,,
2025-11-24,,,,,,GOOGL,,,,,,318.14776611328125,319.0465694557707,309.17996886834777,310.70789188393536,85165100.0,,,,,,,,,,,,,,,,,,,,,,,,,,,,,,,,,,,
2025-11-25,,,,,,GOOGL,,,,,,323.0011901855469,328.3838617048627,317.2190369667809,325.767421144808,88632100.0,,,,,,,,,,,,,,,,,,,,,,,,,,,,,,,,,,,
2025-11-26,,,,,,GOOGL,,,,,,319.5159606933594,324.0597758686898,316.36024396458464,320.2449508538883,51373400.0,,,,,,,,,,,,,,,,,,,,,,,,,,,,,,,,,,,
2025-11-28,,,,,,GOOGL,,,,,,319.7456359863281,326.40660086319315,316.36025071335513,322.9313108653273,26018600.0,,,,,,,,,,,,,,,,,,,,,,,,,,,,,,,,,,,
2025-12-01,,,,,,GOOGL,,,,,,314.46282958984375,319.41609223758667,313.464186206563,317.2690150587685,41183000.0,,,,,,,,,,,,,,,,,,,,,,,,,,,,,,,,,,,
2025-12-02,,,,,,GOOGL,,,,,,315.38153076171875,317.948051296999,313.4841146313127,316.3102616947243,35854700.0,,,,,,,,,,,,,,,,,,,,,,,,,,,,,,,,,,,
2025-12-03,,,,,,GOOGL,,,,,,319.19635009765625,321.1436861691208,313.6738540884245,315.4614340573081,41838300.0,,,,,,,,,,,,,,,,,,,,,,,,,,,,,,,,,,,
2025-12-04,,,,,,GOOGL,,,,,,317.1890869140625,321.92264650582644,314.27306548179905,321.7928484740126,31240900.0,,,,,,,,,,,,,,,,,,,,,,,,,,,,,,,,,,,
2025-12-05,,,,,,GOOGL,,,,,,320.8341064453125,322.72155681925386,318.73697999805336,319.05652267664885,28851700.0,,,,,,,,,,,,,,,,,,,,,,,,,,,,,,,,,,,
2025-12-08,,,,,,GOOGL,,,,,,313.49932861328125,320.21460294317257,311.0010871288888,319.82486263347363,33909400.0,,,,,,,,,,,,,,,,,,,,,,,,,,,,,,,,,,,
2025-12-09,,,,,,GOOGL,,,,,,316.85693359375,317.7662971049956,311.6805848338384,312.15025542764414,30194000.0,,,,,,,,,,,,,,,,,,,,,,,,,,,,,,,,,,,
2025-12-10,,,,,,GOOGL,,,,,,319.9847412109375,321.0839735202244,314.45863248382005,315.6078174223929,33428900.0,,,,,,,,,,,,,,,,,,,,,,,,,,,,,,,,,,,
2025-12-11,,,,,,GOOGL,,,,,,312.210205078125,320.8940942947929,308.3829128168011,319.85481737290655,42353700.0,,,,,,,,,,,,,,,,,,,,,,,,,,,,,,,,,,,
2025-12-12,,,,,,GOOGL,,,,,,309.07244873046875,314.6485102459599,305.34506149685063,313.47935032153816,35940200.0,,,,,,,,,,,,,,,,,,,,,,,,,,,,,,,,,,,
2025-12-15,,,,,,GOOGL,,,,,,308.003173828125,311.2009348824072,304.66552711937686,311.1009991314403,29151900.0,,,,,,,,,,,,,,,,,,,,,,,,,,,,,,,,,,,
2025-12-16,,,,,,GOOGL,,,,,,306.3543395996094,310.5513666605185,302.37712849550337,304.7354841263937,30585000.0,,,,,,,,,,,,,,,,,,,,,,,,,,,,,,,,,,,
2025-12-17,,,,,,GOOGL,,,,,,296.5112609863281,307.87325739956634,295.9116769824828,307.7933270972379,43930400.0,,,,,,,,,,,,,,,,,,,,,,,,,,,,,,,,,,,
2025-12-18,,,,,,GOOGL,,,,,,302.2472229003906,303.7461677101471,299.0195145942255,301.50775321966603,33518000.0,,,,,,,,,,,,,,,,,,,,,,,,,,,,,,,,,,,
2025-12-19,,,,,,GOOGL,,,,,,306.9439392089844,307.03387224107576,300.7582909786616,301.5177661333593,59943200.0,,,,,,,,,,,,,,,,,,,,,,,,,,,,,,,,,,,
2025-12-22,,,,,,GOOGL,,,,,,309.56207275390625,309.9118326328777,305.0852133945127,309.66200850448513,26429900.0,,,,,,,,,,,,,,,,,,,,,,,,,,,,,,,,,,,
2025-12-23,,,,,,GOOGL,,,,,,314.1288757324219,314.7184570357758,309.1024153195162,309.41219480947996,25478700.0,,,,,,,,,,,,,,,,,,,,,,,,,,,,,,,,,,,
2025-12-24,,,,,,GOOGL,,,,,,313.8690490722656,314.8583428959372,311.70059264113144,314.5485634057752,10097400.0,,,,,,,,,,,,,,,,,,,,,,,,,,,,,,,,,,,
2025-12-26,,,,,,GOOGL,,,,,,313.2894592285156,314.86833429915043,312.0603135401851,314.25877806497726,10899000.0,,,,,,,,,,,,,,,,,,,,,,,,,,,,,,,,,,,
2025-12-29,,,,,,GOOGL,,,,,,313.33941650390625,313.79908436732376,310.4014822754237,311.15095467052413,19621800.0,,,,,,,,,,,,,,,,,,,,,,,,,,,,,,,,,,,
2025-12-30,,,,,,GOOGL,,,,,,313.6292419433594,316.72706748217655,312.24020504037514,312.28018544302313,17380900.0,,,,,,,,,,,,,,,,,,,,,,,,,,,,,,,,,,,
2025-12-31,,,,,,GOOGL,,,,,,312.7798156738281,314.3586907819443,311.22091551782626,312.62992729269524,16377700.0,,,,,,,,,,,,,,,,,,,,,,,,,,,,,,,,,,,
2026-01-02,,,,,,GOOGL,,,,,,314.9283142089844,322.2731502440002,310.11169732658084,316.67708324131615,32009400.0,,,,,,,,,,,,,,,,,,,,,,,,,,,,,,,,,,,
2026-01-05,,,,,,GOOGL,,,,,,316.3173522949219,318.79558832967825,314.4086921415047,317.4365596004392,30195600.0,,,,,,,,,,,,,,,,,,,,,,,,,,,,,,,,,,,
2026-01-06,,,,,,GOOGL,,,,,,314.1188659667969,320.71422913013345,311.5606693028291,316.17741436833177,31212100.0,,,,,,,,,,,,,,,,,,,,,,,,,,,,,,,,,,,
2026-01-07,,,,,,GOOGL,,,,,,321.7535095214844,325.9205589972494,313.96898096999803,314.13884430323384,35104400.0,,,,,,,,,,,,,,,,,,,,,,,,,,,,,,,,,,,
2026-01-08,,,,,,GOOGL,,,,,,325.2110595703125,330.0876314322289,321.2738288701313,328.7385750407063,31896100.0,,,,,,,,,,,,,,,,,,,,,,,,,,,,,,,,,,,
2026-01-09,,,,,,GOOGL,,,,,,328.3388671875,330.5972566011106,325.5707962902668,326.8598973489763,26214200.0,,,,,,,,,,,,,,,,,,,,,,,,,,,,,,,,,,,
2026-01-12,,,,,,GOOGL,,,,,,331.62652587890625,333.80501545240315,324.77136644379436,325.57079145505844,33923900.0,,,,,,,,,,,,,,,,,,,,,,,,,,,,,,,,,,,
2026-01-13,,,,,,GOOGL,,,,,,335.7336730957031,340.25048265726696,333.38532003422745,334.7144015630273,33517600.0,,,,,,,,,,,,,,,,,,,,,,,,,,,,,,,,,,,
2026-01-14,,,,,,GOOGL,,,,,,335.603759765625,336.2832741209541,330.2475447349911,334.8243096530742,28525600.0,,,,,,,,,,,,,,,,,,,,,,,,,,,,,,,,,,,
2026-01-15,,,,,,GOOGL,,,,,,332.5458984375,337.4524480652932,330.507324974913,337.4124676651339,28442400.0,,,,,,,,,,,,,,,,,,,,,,,,,,,,,,,,,,,
2026-01-16,,,,,,GOOGL,,,,,,329.7678527832031,334.4145755186536,327.46948297740045,334.1747541117482,40341600.0,,,,,,,,,,,,,,,,,,,,,,,,,,,,,,,,,,,
2026-01-20,,,,,,GOOGL,,,,,,321.77349853515625,327.49947891315526,320.20459558658575,320.6442885211675,35361000.0,,,,,,,,,,,,,,,,,,,,,,,,,,,,,,,,,,,
2026-01-21,,,,,,GOOGL,,,,,,328.1490173339844,332.24613943011235,319.12537039479025,320.6942733516965,35386600.0,,,,,,,,,,,,,,,,,,,,,,,,,,,,,,,,,,,
2026-01-22,,,,,,GOOGL,,,,,,330.3074951171875,334.9142376434696,328.5187457270175,334.2147483456718,26253600.0,,,,,,,,,,,,,,,,,,,,,,,,,,,,,,,,,,,
2026-01-23,,,,,,GOOGL,,,,,,327.6993103027344,333.45526818914374,327.21966747627397,332.25610013077164,27280000.0,,,,,,,,,,,,,,,,,,,,,,,,,,,,,,,,,,,
2026-01-26,,,,,,GOOGL,,,,,,333.02557373046875,335.60374537803585,326.7699676491338,327.5793954045391,26042100.0,,,,,,,,,,,,,,,,,,,,,,,,,,,,,,,,,,,
2026-01-27,,,,,,GOOGL,,,,,,334.31463623046875,337.6722883721735,333.2454121385867,335.1340666902067,21636200.0,,,,,,,,,,,,,,,,,,,,,,,,,,,,,,,,,,,
2026-01-28,,,,,,GOOGL,,,,,,335.7736511230469,337.30257365930305,331.7065067534381,335.82360375323316,27434400.0,,,,,,,,,,,,,,,,,,,,,,,,,,,,,,,,,,,
2026-01-29,,,,,,GOOGL,,,,,,338.0120544433594,342.0492210013424,326.3103005061971,340.06060015063264,39785600.0,,,,,,,,,,,,,,,,,,,,,,,,,,,,,,,,,,,
2026-01-30,,,,,,GOOGL,,,,,,337.7622375488281,339.76083067041884,332.0562627255977,339.76083067041884,31024000.0,,,,,,,,,,,,,,,,,,,,,,,,,,,,,,,,,,,
2026-02-02,,,,,,GOOGL,,,,,,343.4482421875,344.5874244246442,335.3939142353609,335.983495554882,32006100.0,,,,,,,,,,,,,,,,,,,,,,,,,,,,,,,,,,,
2026-02-03,,,,,,GOOGL,,,,,,339.47100830078125,348.7544814019383,337.2325938809106,347.09564553860224,36506700.0,,,,,,,,,,,,,,,,,,,,,,,,,,,,,,,,,,,
2026-02-04,,,,,,GOOGL,,,,,,332.80572509765625,343.0684894885568,328.2888852617291,342.7187296036167,70618400.0,,,,,,,,,,,,,,,,,,,,,,,,,,,,,,,,,,,
2026-02-05,,,,,,GOOGL,,,,,,331.0169677734375,332.45595718246585,306.24439883874277,312.0003564748562,88205800.0,,,,,,,,,,,,,,,,,,,,,,,,,,,,,,,,,,,
2026-02-06,,,,,,GOOGL,,,,,,322.63287353515625,330.147603202773,319.694969697787,326.94984200428365,56380500.0,,,,,,,,,,,,,,,,,,,,,,,,,,,,,,,,,,,
2026-02-09,,,,,,GOOGL,,,,,,324.09185791015625,327.4694850607409,317.03682684844796,320.70422803551696,39640100.0,,,,,,,,,,,,,,,,,,,,,,,,,,,,,,,,,,,
2026-02-10,,,,,,GOOGL,,,,,,318.3558654785156,321.4437184993816,314.38865715458337,320.7441987510988,39170000.0,,,,,,,,,,,,,,,,,,,,,,,,,,,,,,,,,,,
2026-02-11,,,,,,GOOGL,,,,,,310.7412414550781,320.8341425405983,309.44216816023624,318.7456164455411,45406400.0,,,,,,,,,,,,,,,,,,,,,,,,,,,,,,,,,,,
2026-02-12,,,,,,GOOGL,,,,,,308.7826232910156,316.0175203045161,306.9839017615506,311.87044586439265,47761300.0,,,,,,,,,,,,,,,,,,,,,,,,,,,,,,,,,,,
2026-02-13,,,,,,GOOGL,,,,,,305.50494384765625,308.41290048065196,303.4963480144474,307.5135396808651,38499700.0,,,,,,,,,,,,,,,,,,,,,,,,,,,,,,,,,,,
2026-02-17,,,,,,GOOGL,,,,,,301.8075256347656,304.22583664461854,296.04159566157676,299.82893803190484,39247600.0,,,,,,,,,,,,,,,,,,,,,,,,,,,,,,,,,,,
2026-02-18,,,,,,GOOGL,,,,,,303.1166076660156,305.1651838815364,301.0380842700908,301.87748970860525,28482100.0,,,,,,,,,,,,,,,,,,,,,,,,,,,,,,,,,,,
2026-02-19,,,,,,GOOGL,,,,,,302.636962890625,305.25511494304027,299.828942056139,301.6076886754516,25834400.0,,,,,,,,,,,,,,,,,,,,,,,,,,,,,,,,,,,
2026-02-20,,,,,,GOOGL,,,,,,314.7584228515625,316.2773425544253,303.68620054308417,304.1059184917761,53210800.0,,,,,,,,,,,,,,,,,,,,,,,,,,,,,,,,,,,
2026-02-23,,,,,,GOOGL,,,,,,311.2708740234375,319.29522413676915,309.65201848441603,318.82555353627805,31423000.0,,,,,,,,,,,,,,,,,,,,,,,,,,,,,,,,,,,
2026-02-24,,,,,,GOOGL,,,,,,310.6813049316406,312.05033638585,305.71479964031533,310.3015673465962,25615600.0,,,,,,,,,,,,,,,,,,,,,,,,,,,,,,,,,,,
2026-02-25,,,,,,GOOGL,,,,,,312.67987060546875,313.4193707572093,309.22231323387047,311.84046520002283,29963600.0,,,,,,,,,,,,,,,,,,,,,,,,,,,,,,,,,,,
2026-02-26,,,,,,GOOGL,,,,,,307.1637878417969,312.9197459051382,302.1373272609355,312.42009761480955,36431200.0,,,,,,,,,,,,,,,,,,,,,,,,,,,,,,,,,,,
2026-02-27,,,,,,GOOGL,,,,,,311.54071044921875,312.1502667227519,303.5862877430576,303.92607541564644,44640600.0,,,,,,,,,,,,,,,,,,,,,,,,,,,,,,,,,,,
2026-03-02,,,,,,GOOGL,,,,,,306.3043518066406,308.27296712894787,301.088022863519,303.0166882830762,34790200.0,,,,,,,,,,,,,,,,,,,,,,,,,,,,,,,,,,,
2026-03-03,,,,,,GOOGL,,,,,,303.3664245605469,303.72618716624237,296.5012623376298,298.37994467731505,35497000.0,,,,,,,,,,,,,,,,,,,,,,,,,,,,,,,,,,,
2026-03-04,,,,,,GOOGL,,,,,,302.9167785644531,305.2551289128473,300.5384478137644,302.6769571429086,29536200.0,,,,,,,,,,,,,,,,,,,,,,,,,,,,,,,,,,,
2026-03-05,,,,,,GOOGL,,,,,,300.6683349609375,303.08661540637286,297.78035344585857,302.82681905445145,35752300.0,,,,,,,,,,,,,,,,,,,,,,,,,,,,,,,,,,,
2026-03-06,,,,,,GOOGL,,,,,,298.30999755859375,300.31859339921897,294.97235071392555,295.88171424137005,25576900.0,,,,,,,,,,,,,,,,,,,,,,,,,,,,,,,,,,,
2026-03-09,,,,,,GOOGL,,,,,,306.3599853515625,306.79998779296875,294.0799865722656,294.3599853515625,29312100.0,,,,,,,,,,,,,,,,,,,,,,,,,,,,,,,,,,,
2026-03-10,,,,,,GOOGL,,,,,,307.0400085449219,309.510009765625,305.57000732421875,306.1700134277344,23239700.0,,,,,,,,,,,,,,,,,,,,,,,,,,,,,,,,,,,
2026-03-11,,,,,,GOOGL,,,,,,308.70001220703125,311.4200134277344,305.9200134277344,306.75,24125700.0,,,,,,,,,,,,,,,,,,,,,,,,,,,,,,,,,,,
2026-03-12,,,,,,GOOGL,,,,,,303.54998779296875,308.94000244140625,301.0299987792969,306.82000732421875,24928300.0,,,,,,,,,,,,,,,,,,,,,,,,,,,,,,,,,,,
2026-03-13,,,,,,GOOGL,,,,,,302.2799987792969,307.69000244140625,300.44000244140625,307.010009765625,23693100.0,,,,,,,,,,,,,,,,,,,,,,,,,,,,,,,,,,,
2026-03-16,,,,,,GOOGL,,,,,,305.55999755859375,306.489990234375,303.0199890136719,304.3500061035156,23519700.0,,,,,,,,,,,,,,,,,,,,,,,,,,,,,,,,,,,
2026-03-17,,,,,,GOOGL,,,,,,310.9200134277344,311.4200134277344,305.5,305.8599853515625,21955200.0,,,,,,,,,,,,,,,,,,,,,,,,,,,,,,,,,,,
2026-03-18,,,,,,GOOGL,,,,,,307.69000244140625,312.4700012207031,306.92999267578125,309.2699890136719,20009800.0,,,,,,,,,,,,,,,,,,,,,,,,,,,,,,,,,,,
2026-03-19,,,,,,GOOGL,,,,,,307.1300048828125,308.05999755859375,302.3500061035156,304.010009765625,25075800.0,,,,,,,,,,,,,,,,,,,,,,,,,,,,,,,,,,,
2026-03-20,,,,,,GOOGL,,,,,,301.0,306.0,298.2699890136719,305.4599914550781,44364100.0,,,,,,,,,,,,,,,,,,,,,,,,,,,,,,,,,,,
2026-03-23,,,,,,GOOGL,,,,,,302.05999755859375,305.9800109863281,300.92999267578125,302.1099853515625,29326900.0,,,,,,,,,,,,,,,,,,,,,,,,,,,,,,,,,,,
2026-03-24,,,,,,GOOGL,,,,,,290.44000244140625,299.9200134277344,290.3299865722656,299.20001220703125,36864300.0,,,,,,,,,,,,,,,,,,,,,,,,,,,,,,,,,,,
2026-03-25,,,,,,GOOGL,,,,,,290.92999267578125,296.0,289.239990234375,293.44000244140625,29460700.0,,,,,,,,,,,,,,,,,,,,,,,,,,,,,,,,,,,
2026-03-26,,,,,,GOOGL,,,,,,280.9200134277344,287.95001220703125,278.5,287.9100036621094,39080600.0,,,,,,,,,,,,,,,,,,,,,,,,,,,,,,,,,,,
2026-03-27,,,,,,GOOGL,,,,,,274.3399963378906,279.3699951171875,273.95001220703125,277.2799987792969,35890600.0,,,,,,,,,,,,,,,,,,,,,,,,,,,,,,,,,,,
2026-03-30,,,,,,GOOGL,,,,,,273.5,277.0899963378906,272.1099853515625,276.4200134277344,35141200.0,,,,,,,,,,,,,,,,,,,,,,,,,,,,,,,,,,,
2026-03-31,,,,,,GOOGL,,,,,,287.55999755859375,288.0799865722656,277.0899963378906,278.0400085449219,43875400.0,,,,,,,,,,,,,,,,,,,,,,,,,,,,,,,,,,,
2026-04-01,,,,,,GOOGL,,,,,,297.3900146484375,300.5199890136719,290.4100036621094,290.8399963378906,37684500.0,,,,,,,,,,,,,,,,,,,,,,,,,,,,,,,,,,,
2026-04-02,,,,,,GOOGL,,,,,,295.7699890136719,298.0799865722656,289.45001220703125,290.69000244140625,21666500.0,,,,,,,,,,,,,,,,,,,,,,,,,,,,,,,,,,,
2026-04-06,,,,,,GOOGL,,,,,,299.989990234375,300.6199951171875,295.17999267578125,295.8699951171875,16945500.0,,,,,,,,,,,,,,,,,,,,,,,,,,,,,,,,,,,
2026-04-07,,,,,,GOOGL,,,,,,305.4599914550781,305.6300048828125,297.7200012207031,302.7300109863281,23205400.0,,,,,,,,,,,,,,,,,,,,,,,,,,,,,,,,,,,
2026-04-08,,,,,,GOOGL,,,,,,317.32000732421875,322.0799865722656,315.0199890136719,320.45001220703125,33547100.0,,,,,,,,,,,,,,,,,,,,,,,,,,,,,,,,,,,
2026-04-09,,,,,,GOOGL,,,,,,318.489990234375,319.5400085449219,311.05999755859375,315.9100036621094,23739200.0,,,,,,,,,,,,,,,,,,,,,,,,,,,,,,,,,,,
2026-04-10,,,,,,GOOGL,,,,,,317.239990234375,321.8299865722656,316.32000732421875,320.0199890136719,19152600.0,,,,,,,,,,,,,,,,,,,,,,,,,,,,,,,,,,,
2026-04-13,,,,,,GOOGL,,,,,,321.30999755859375,321.6300048828125,315.4700012207031,317.1400146484375,18866400.0,,,,,,,,,,,,,,,,,,,,,,,,,,,,,,,,,,,
2026-04-14,,,,,,GOOGL,,,,,,332.9100036621094,333.2900085449219,323.75,324.7900085449219,27721400.0,,,,,,,,,,,,,,,,,,,,,,,,,,,,,,,,,,,
2026-04-15,,,,,,GOOGL,,,,,,337.1199951171875,337.4800109863281,330.8999938964844,332.8900146484375,24918800.0,,,,,,,,,,,,,,,,,,,,,,,,,,,,,,,,,,,
2026-04-16,,,,,,GOOGL,,,,,,336.0199890136719,339.8800048828125,334.5199890136719,338.75,20541500.0,,,,,,,,,,,,,,,,,,,,,,,,,,,,,,,,,,,
2026-04-17,,,,,,GOOGL,,,,,,341.67999267578125,342.32000732421875,336.239990234375,337.6499938964844,25581900.0,,,,,,,,,,,,,,,,,,,,,,,,,,,,,,,,,,,
2026-04-20,,,,,,GOOGL,,,,,,337.4200134277344,341.3999938964844,336.6099853515625,340.760009765625,18784200.0,,,,,,,,,,,,,,,,,,,,,,,,,,,,,,,,,,,
2026-04-21,,,,,,GOOGL,,,,,,332.2900085449219,339.3399963378906,331.3500061035156,337.69000244140625,23123800.0,,,,,,,,,,,,,,,,,,,,,,,,,,,,,,,,,,,
2026-04-22,,,,,,GOOGL,,,,,,339.32000732421875,339.82000732421875,335.1700134277344,337.0199890136719,20293000.0,,,,,,,,,,,,,,,,,,,,,,,,,,,,,,,,,,,
2026-04-23,,,,,,GOOGL,,,,,,338.8900146484375,341.9599914550781,336.17999267578125,341.17999267578125,18650300.0,,,,,,,,,,,,,,,,,,,,,,,,,,,,,,,,,,,
2026-04-24,,,,,,GOOGL,,,,,,344.3999938964844,345.2699890136719,335.3900146484375,338.7300109863281,26426100.0,,,,,,,,,,,,,,,,,,,,,,,,,,,,,,,,,,,
2026-04-27,,,,,,GOOGL,,,,,,350.3399963378906,353.17999267578125,342.7300109863281,345.9800109863281,28576900.0,,,,,,,,,,,,,,,,,,,,,,,,,,,,,,,,,,,
2026-04-28,,,,,,GOOGL,,,,,,349.7799987792969,352.4200134277344,346.1199951171875,348.54998779296875,27824100.0,,,,,,,,,,,,,,,,,,,,,,,,,,,,,,,,,,,
2026-04-29,,,,,,GOOGL,,,,,,349.94000244140625,355.7900085449219,344.2099914550781,347.57000732421875,35376300.0,,,,,,,,,,,,,,,,,,,,,,,,,,,,,,,,,,,
2026-04-30,,,,,,GOOGL,,,,,,384.79998779296875,385.8399963378906,365.82000732421875,374.07000732421875,72040000.0,,,,,,,,,,,,,,,,,,,,,,,,,,,,,,,,,,,
2026-05-01,,,,,,GOOGL,,,,,,385.69000244140625,386.760009765625,379.04998779296875,381.6300048828125,30105200.0,,,,,,,,,,,,,,,,,,,,,,,,,,,,,,,,,,,
2026-05-04,,,,,,GOOGL,,,,,,383.25,387.3800048828125,379.7900085449219,385.6300048828125,26298600.0,,,,,,,,,,,,,,,,,,,,,,,,,,,,,,,,,,,
2026-05-05,,,,,,GOOGL,,,,,,388.42999267578125,392.82000732421875,384.0199890136719,386.2300109863281,23878600.0,,,,,,,,,,,,,,,,,,,,,,,,,,,,,,,,,,,
2026-05-06,,,,,,GOOGL,,,,,,398.0400085449219,399.8500061035156,392.760009765625,394.25,31308500.0,,,,,,,,,,,,,,,,,,,,,,,,,,,,,,,,,,,
2026-05-07,,,,,,GOOGL,,,,,,397.989990234375,400.1000061035156,392.67999267578125,399.9200134277344,24433500.0,,,,,,,,,,,,,,,,,,,,,,,,,,,,,,,,,,,
2026-05-08,,,,,,GOOGL,,,,,,400.79998779296875,402.0,396.3599853515625,397.0,21461800.0,,,,,,,,,,,,,,,,,,,,,,,,,,,,,,,,,,,
2026-05-11,,,,,,GOOGL,,,,,,388.6400146484375,397.44000244140625,388.4700012207031,393.6499938964844,30753700.0,,,,,,,,,,,,,,,,,,,,,,,,,,,,,,,,,,,
2026-05-12,,,,,,GOOGL,,,,,,387.3500061035156,388.5199890136719,382.7699890136719,387.3399963378906,26017500.0,,,,,,,,,,,,,,,,,,,,,,,,,,,,,,,,,,,
2026-05-13,,,,,,GOOGL,,,,,,402.6199951171875,403.70001220703125,385.0,385.6000061035156,28144600.0,,,,,,,,,,,,,,,,,,,,,,,,,,,,,,,,,,,
2026-05-14,,,,,,GOOGL,,,,,,401.07000732421875,402.92999267578125,395.8399963378906,397.2799987792969,20996229.0,,,,,,,,,,,,,,,,,,,,,,,,,,,,,,,,,,,
2025-05-15,,,,,,AMZN,,,,,,,,,,,205.1699981689453,206.8800048828125,202.6699981689453,206.4499969482422,64347300.0,,,,,,,,,,,,,,,,,,,,,,,,,,,,,,
2025-05-16,,,,,,AMZN,,,,,,,,,,,205.58999633789062,206.85000610351562,204.3699951171875,206.85000610351562,43318500.0,,,,,,,,,,,,,,,,,,,,,,,,,,,,,,
2025-05-19,,,,,,AMZN,,,,,,,,,,,206.16000366210938,206.6199951171875,201.25999450683594,201.64999389648438,34314800.0,,,,,,,,,,,,,,,,,,,,,,,,,,,,,,
2025-05-20,,,,,,AMZN,,,,,,,,,,,204.07000732421875,205.58999633789062,202.64999389648438,204.6300048828125,29470400.0,,,,,,,,,,,,,,,,,,,,,,,,,,,,,,
2025-05-21,,,,,,AMZN,,,,,,,,,,,201.1199951171875,203.4600067138672,200.05999755859375,201.61000061035156,42460900.0,,,,,,,,,,,,,,,,,,,,,,,,,,,,,,
2025-05-22,,,,,,AMZN,,,,,,,,,,,203.10000610351562,205.75999450683594,200.16000366210938,201.3800048828125,38938900.0,,,,,,,,,,,,,,,,,,,,,,,,,,,,,,
2025-05-23,,,,,,AMZN,,,,,,,,,,,200.99000549316406,202.3699951171875,197.85000610351562,198.89999389648438,33393500.0,,,,,,,,,,,,,,,,,,,,,,,,,,,,,,
2025-05-27,,,,,,AMZN,,,,,,,,,,,206.02000427246094,206.69000244140625,202.19000244140625,203.08999633789062,34892000.0,,,,,,,,,,,,,,,,,,,,,,,,,,,,,,
2025-05-28,,,,,,AMZN,,,,,,,,,,,204.72000122070312,207.66000366210938,204.41000366210938,205.9199981689453,28549800.0,,,,,,,,,,,,,,,,,,,,,,,,,,,,,,
2025-05-29,,,,,,AMZN,,,,,,,,,,,205.6999969482422,208.80999755859375,204.22999572753906,208.02999877929688,34650000.0,,,,,,,,,,,,,,,,,,,,,,,,,,,,,,
2025-05-30,,,,,,AMZN,,,,,,,,,,,205.00999450683594,205.99000549316406,201.6999969482422,204.83999633789062,51679400.0,,,,,,,,,,,,,,,,,,,,,,,,,,,,,,
2025-06-02,,,,,,AMZN,,,,,,,,,,,206.64999389648438,207.0,202.67999267578125,204.97999572753906,29113300.0,,,,,,,,,,,,,,,,,,,,,,,,,,,,,,
2025-06-03,,,,,,AMZN,,,,,,,,,,,205.7100067138672,208.9499969482422,205.02999877929688,207.11000061035156,33139100.0,,,,,,,,,,,,,,,,,,,,,,,,,,,,,,
2025-06-04,,,,,,AMZN,,,,,,,,,,,207.22999572753906,208.17999267578125,205.17999267578125,206.5500030517578,29915600.0,,,,,,,,,,,,,,,,,,,,,,,,,,,,,,
2025-06-05,,,,,,AMZN,,,,,,,,,,,207.91000366210938,212.80999755859375,207.55999755859375,209.5500030517578,51864200.0,,,,,,,,,,,,,,,,,,,,,,,,,,,,,,
2025-06-06,,,,,,AMZN,,,,,,,,,,,213.57000732421875,213.8699951171875,210.5,212.39999389648438,39832500.0,,,,,,,,,,,,,,,,,,,,,,,,,,,,,,
2025-06-09,,,,,,AMZN,,,,,,,,,,,216.97999572753906,217.85000610351562,212.8800048828125,214.75,38102500.0,,,,,,,,,,,,,,,,,,,,,,,,,,,,,,
2025-06-10,,,,,,AMZN,,,,,,,,,,,217.61000061035156,217.69000244140625,214.14999389648438,216.77999877929688,31303300.0,,,,,,,,,,,,,,,,,,,,,,,,,,,,,,
2025-06-11,,,,,,AMZN,,,,,,,,,,,213.1999969482422,218.39999389648438,212.88999938964844,217.41000366210938,39326000.0,,,,,,,,,,,,,,,,,,,,,,,,,,,,,,
2025-06-12,,,,,,AMZN,,,,,,,,,,,213.24000549316406,213.5800018310547,211.3300018310547,211.77999877929688,27640000.0,,,,,,,,,,,,,,,,,,,,,,,,,,,,,,
2025-06-13,,,,,,AMZN,,,,,,,,,,,212.10000610351562,214.0500030517578,209.6199951171875,209.9600067138672,29337800.0,,,,,,,,,,,,,,,,,,,,,,,,,,,,,,
2025-06-16,,,,,,AMZN,,,,,,,,,,,216.10000610351562,217.05999755859375,211.60000610351562,212.30999755859375,33284200.0,,,,,,,,,,,,,,,,,,,,,,,,,,,,,,
2025-06-17,,,,,,AMZN,,,,,,,,,,,214.82000732421875,217.41000366210938,214.55999755859375,215.1999969482422,32086300.0,,,,,,,,,,,,,,,,,,,,,,,,,,,,,,
2025-06-18,,,,,,AMZN,,,,,,,,,,,212.52000427246094,217.9600067138672,212.33999633789062,215.08999633789062,44360500.0,,,,,,,,,,,,,,,,,,,,,,,,,,,,,,
2025-06-20,,,,,,AMZN,,,,,,,,,,,209.69000244140625,214.88999938964844,208.27000427246094,214.67999267578125,75350700.0,,,,,,,,,,,,,,,,,,,,,,,,,,,,,,
2025-06-23,,,,,,AMZN,,,,,,,,,,,208.47000122070312,210.38999938964844,207.30999755859375,209.7899932861328,37311700.0,,,,,,,,,,,,,,,,,,,,,,,,,,,,,,
2025-06-24,,,,,,AMZN,,,,,,,,,,,212.77000427246094,214.33999633789062,211.0500030517578,212.13999938964844,38378800.0,,,,,,,,,,,,,,,,,,,,,,,,,,,,,,
2025-06-25,,,,,,AMZN,,,,,,,,,,,211.99000549316406,216.02999877929688,211.11000061035156,214.6199951171875,31755700.0,,,,,,,,,,,,,,,,,,,,,,,,,,,,,,
2025-06-26,,,,,,AMZN,,,,,,,,,,,217.1199951171875,218.0399932861328,212.00999450683594,213.1199951171875,50480800.0,,,,,,,,,,,,,,,,,,,,,,,,,,,,,,
2025-06-27,,,,,,AMZN,,,,,,,,,,,223.3000030517578,223.3000030517578,216.74000549316406,219.9199981689453,119217100.0,,,,,,,,,,,,,,,,,,,,,,,,,,,,,,
2025-06-30,,,,,,AMZN,,,,,,,,,,,219.38999938964844,223.82000732421875,219.1199951171875,223.52000427246094,58887800.0,,,,,,,,,,,,,,,,,,,,,,,,,,,,,,
2025-07-01,,,,,,AMZN,,,,,,,,,,,220.4600067138672,221.8800048828125,217.92999267578125,219.5,39256800.0,,,,,,,,,,,,,,,,,,,,,,,,,,,,,,
2025-07-02,,,,,,AMZN,,,,,,,,,,,219.9199981689453,221.60000610351562,219.05999755859375,219.72999572753906,30894200.0,,,,,,,,,,,,,,,,,,,,,,,,,,,,,,
2025-07-03,,,,,,AMZN,,,,,,,,,,,223.41000366210938,224.00999450683594,221.36000061035156,221.82000732421875,29632400.0,,,,,,,,,,,,,,,,,,,,,,,,,,,,,,
2025-07-07,,,,,,AMZN,,,,,,,,,,,223.47000122070312,224.2899932861328,222.3699951171875,223.0,36604100.0,,,,,,,,,,,,,,,,,,,,,,,,,,,,,,
2025-07-08,,,,,,AMZN,,,,,,,,,,,219.36000061035156,224.0,218.42999267578125,223.9199981689453,45692000.0,,,,,,,,,,,,,,,,,,,,,,,,,,,,,,
2025-07-09,,,,,,AMZN,,,,,,,,,,,222.5399932861328,224.2899932861328,220.47000122070312,221.07000732421875,38155100.0,,,,,,,,,,,,,,,,,,,,,,,,,,,,,,
2025-07-10,,,,,,AMZN,,,,,,,,,,,222.25999450683594,222.7899932861328,219.6999969482422,221.5500030517578,30370600.0,,,,,,,,,,,,,,,,,,,,,,,,,,,,,,
2025-07-11,,,,,,AMZN,,,,,,,,,,,225.02000427246094,226.67999267578125,222.3699951171875,223.5800018310547,50518300.0,,,,,,,,,,,,,,,,,,,,,,,,,,,,,,
2025-07-14,,,,,,AMZN,,,,,,,,,,,225.69000244140625,226.66000366210938,224.24000549316406,225.07000732421875,35702600.0,,,,,,,,,,,,,,,,,,,,,,,,,,,,,,
2025-07-15,,,,,,AMZN,,,,,,,,,,,226.35000610351562,227.27000427246094,225.4600067138672,226.1999969482422,34907300.0,,,,,,,,,,,,,,,,,,,,,,,,,,,,,,
2025-07-16,,,,,,AMZN,,,,,,,,,,,223.19000244140625,226.10000610351562,222.17999267578125,225.8800048828125,39535900.0,,,,,,,,,,,,,,,,,,,,,,,,,,,,,,
2025-07-17,,,,,,AMZN,,,,,,,,,,,223.8800048828125,224.5,222.50999450683594,223.32000732421875,31855800.0,,,,,,,,,,,,,,,,,,,,,,,,,,,,,,
2025-07-18,,,,,,AMZN,,,,,,,,,,,226.1300048828125,226.39999389648438,222.97999572753906,225.13999938964844,37833800.0,,,,,,,,,,,,,,,,,,,,,,,,,,,,,,
2025-07-21,,,,,,AMZN,,,,,,,,,,,229.3000030517578,229.69000244140625,225.64999389648438,225.83999633789062,40297600.0,,,,,,,,,,,,,,,,,,,,,,,,,,,,,,
2025-07-22,,,,,,AMZN,,,,,,,,,,,227.47000122070312,230.0,226.35000610351562,229.67999267578125,37483700.0,,,,,,,,,,,,,,,,,,,,,,,,,,,,,,
2025-07-23,,,,,,AMZN,,,,,,,,,,,228.2899932861328,228.7899932861328,227.08999633789062,228.47000122070312,28294900.0,,,,,,,,,,,,,,,,,,,,,,,,,,,,,,
2025-07-24,,,,,,AMZN,,,,,,,,,,,232.22999572753906,236.0,228.63999938964844,229.1699981689453,42902300.0,,,,,,,,,,,,,,,,,,,,,,,,,,,,,,
2025-07-25,,,,,,AMZN,,,,,,,,,,,231.44000244140625,232.47999572753906,231.17999267578125,232.22000122070312,28712100.0,,,,,,,,,,,,,,,,,,,,,,,,,,,,,,
2025-07-28,,,,,,AMZN,,,,,,,,,,,232.7899932861328,234.2899932861328,232.25,233.35000610351562,26300100.0,,,,,,,,,,,,,,,,,,,,,,,,,,,,,,
2025-07-29,,,,,,AMZN,,,,,,,,,,,231.00999450683594,234.72000122070312,230.30999755859375,234.14999389648438,33716200.0,,,,,,,,,,,,,,,,,,,,,,,,,,,,,,
2025-07-30,,,,,,AMZN,,,,,,,,,,,230.19000244140625,231.8000030517578,229.2899932861328,231.63999938964844,32993300.0,,,,,,,,,,,,,,,,,,,,,,,,,,,,,,
2025-07-31,,,,,,AMZN,,,,,,,,,,,234.11000061035156,236.52999877929688,231.39999389648438,235.77000427246094,104357300.0,,,,,,,,,,,,,,,,,,,,,,,,,,,,,,
2025-08-01,,,,,,AMZN,,,,,,,,,,,214.75,220.44000244140625,212.8000030517578,217.2100067138672,122258800.0,,,,,,,,,,,,,,,,,,,,,,,,,,,,,,
2025-08-04,,,,,,AMZN,,,,,,,,,,,211.64999389648438,217.44000244140625,211.4199981689453,217.39999389648438,77890100.0,,,,,,,,,,,,,,,,,,,,,,,,,,,,,,
2025-08-05,,,,,,AMZN,,,,,,,,,,,213.75,216.3000030517578,212.8699951171875,213.0500030517578,51505100.0,,,,,,,,,,,,,,,,,,,,,,,,,,,,,,
2025-08-06,,,,,,AMZN,,,,,,,,,,,222.30999755859375,222.64999389648438,213.74000549316406,214.6999969482422,54823000.0,,,,,,,,,,,,,,,,,,,,,,,,,,,,,,
2025-08-07,,,,,,AMZN,,,,,,,,,,,223.1300048828125,226.22000122070312,220.82000732421875,221.0,40603500.0,,,,,,,,,,,,,,,,,,,,,,,,,,,,,,
2025-08-08,,,,,,AMZN,,,,,,,,,,,222.69000244140625,223.8000030517578,221.8800048828125,223.13999938964844,32970500.0,,,,,,,,,,,,,,,,,,,,,,,,,,,,,,
2025-08-11,,,,,,AMZN,,,,,,,,,,,221.3000030517578,223.0500030517578,220.39999389648438,221.77999877929688,31646200.0,,,,,,,,,,,,,,,,,,,,,,,,,,,,,,
2025-08-12,,,,,,AMZN,,,,,,,,,,,221.47000122070312,223.5,219.0500030517578,222.22999572753906,37185800.0,,,,,,,,,,,,,,,,,,,,,,,,,,,,,,
2025-08-13,,,,,,AMZN,,,,,,,,,,,224.55999755859375,224.9199981689453,222.0,222.0,36508300.0,,,,,,,,,,,,,,,,,,,,,,,,,,,,,,
2025-08-14,,,,,,AMZN,,,,,,,,,,,230.97999572753906,233.11000061035156,227.02000427246094,227.39999389648438,61545800.0,,,,,,,,,,,,,,,,,,,,,,,,,,,,,,
2025-08-15,,,,,,AMZN,,,,,,,,,,,231.02999877929688,234.0800018310547,229.80999755859375,232.5800018310547,39649200.0,,,,,,,,,,,,,,,,,,,,,,,,,,,,,,
2025-08-18,,,,,,AMZN,,,,,,,,,,,231.49000549316406,231.91000366210938,228.3300018310547,230.22999572753906,25248900.0,,,,,,,,,,,,,,,,,,,,,,,,,,,,,,
2025-08-19,,,,,,AMZN,,,,,,,,,,,228.00999450683594,230.52999877929688,227.1199951171875,230.08999633789062,29891000.0,,,,,,,,,,,,,,,,,,,,,,,,,,,,,,
2025-08-20,,,,,,AMZN,,,,,,,,,,,223.80999755859375,227.27000427246094,220.9199981689453,227.1199951171875,36604300.0,,,,,,,,,,,,,,,,,,,,,,,,,,,,,,
2025-08-21,,,,,,AMZN,,,,,,,,,,,221.9499969482422,222.77999877929688,220.5,222.64999389648438,32140500.0,,,,,,,,,,,,,,,,,,,,,,,,,,,,,,
2025-08-22,,,,,,AMZN,,,,,,,,,,,228.83999633789062,229.13999938964844,220.82000732421875,222.7899932861328,37315300.0,,,,,,,,,,,,,,,,,,,,,,,,,,,,,,
2025-08-25,,,,,,AMZN,,,,,,,,,,,227.94000244140625,229.60000610351562,227.30999755859375,227.35000610351562,22633700.0,,,,,,,,,,,,,,,,,,,,,,,,,,,,,,
2025-08-26,,,,,,AMZN,,,,,,,,,,,228.7100067138672,229.0,226.02000427246094,227.11000061035156,26105400.0,,,,,,,,,,,,,,,,,,,,,,,,,,,,,,
2025-08-27,,,,,,AMZN,,,,,,,,,,,229.1199951171875,229.8699951171875,227.80999755859375,228.57000732421875,21254500.0,,,,,,,,,,,,,,,,,,,,,,,,,,,,,,
2025-08-28,,,,,,AMZN,,,,,,,,,,,231.60000610351562,232.7100067138672,228.02000427246094,229.00999450683594,33679600.0,,,,,,,,,,,,,,,,,,,,,,,,,,,,,,
2025-08-29,,,,,,AMZN,,,,,,,,,,,229.0,231.80999755859375,228.16000366210938,231.32000732421875,26199200.0,,,,,,,,,,,,,,,,,,,,,,,,,,,,,,
2025-09-02,,,,,,AMZN,,,,,,,,,,,225.33999633789062,226.1699981689453,221.8300018310547,223.52000427246094,38843900.0,,,,,,,,,,,,,,,,,,,,,,,,,,,,,,
2025-09-03,,,,,,AMZN,,,,,,,,,,,225.99000549316406,227.1699981689453,224.36000061035156,225.2100067138672,29223100.0,,,,,,,,,,,,,,,,,,,,,,,,,,,,,,
2025-09-04,,,,,,AMZN,,,,,,,,,,,235.67999267578125,235.77000427246094,230.77999877929688,231.19000244140625,59391800.0,,,,,,,,,,,,,,,,,,,,,,,,,,,,,,
2025-09-05,,,,,,AMZN,,,,,,,,,,,232.3300018310547,236.0,231.92999267578125,235.19000244140625,36721800.0,,,,,,,,,,,,,,,,,,,,,,,,,,,,,,
2025-09-08,,,,,,AMZN,,,,,,,,,,,235.83999633789062,237.60000610351562,233.75,234.94000244140625,33947100.0,,,,,,,,,,,,,,,,,,,,,,,,,,,,,,
2025-09-09,,,,,,AMZN,,,,,,,,,,,238.24000549316406,238.85000610351562,235.0800018310547,236.36000061035156,27033800.0,,,,,,,,,,,,,,,,,,,,,,,,,,,,,,
2025-09-10,,,,,,AMZN,,,,,,,,,,,230.3300018310547,237.67999267578125,229.10000610351562,237.52000427246094,60907700.0,,,,,,,,,,,,,,,,,,,,,,,,,,,,,,
2025-09-11,,,,,,AMZN,,,,,,,,,,,229.9499969482422,231.52999877929688,229.33999633789062,231.49000549316406,37485600.0,,,,,,,,,,,,,,,,,,,,,,,,,,,,,,
2025-09-12,,,,,,AMZN,,,,,,,,,,,228.14999389648438,230.7899932861328,226.2899932861328,230.35000610351562,38496200.0,,,,,,,,,,,,,,,,,,,,,,,,,,,,,,
2025-09-15,,,,,,AMZN,,,,,,,,,,,231.42999267578125,233.72999572753906,230.32000732421875,230.6300048828125,33243300.0,,,,,,,,,,,,,,,,,,,,,,,,,,,,,,
2025-09-16,,,,,,AMZN,,,,,,,,,,,234.0500030517578,235.89999389648438,232.22999572753906,232.94000244140625,38203900.0,,,,,,,,,,,,,,,,,,,,,,,,,,,,,,
2025-09-17,,,,,,AMZN,,,,,,,,,,,231.6199951171875,234.3000030517578,228.7100067138672,233.77000427246094,42815200.0,,,,,,,,,,,,,,,,,,,,,,,,,,,,,,
2025-09-18,,,,,,AMZN,,,,,,,,,,,231.22999572753906,233.47999572753906,228.7899932861328,232.5,37931700.0,,,,,,,,,,,,,,,,,,,,,,,,,,,,,,
2025-09-19,,,,,,AMZN,,,,,,,,,,,231.47999572753906,234.16000366210938,229.6999969482422,232.3699951171875,97943200.0,,,,,,,,,,,,,,,,,,,,,,,,,,,,,,
2025-09-22,,,,,,AMZN,,,,,,,,,,,227.6300048828125,230.57000732421875,227.50999450683594,230.55999755859375,45914500.0,,,,,,,,,,,,,,,,,,,,,,,,,,,,,,
2025-09-23,,,,,,AMZN,,,,,,,,,,,220.7100067138672,227.86000061035156,220.07000732421875,227.8300018310547,70956200.0,,,,,,,,,,,,,,,,,,,,,,,,,,,,,,
2025-09-24,,,,,,AMZN,,,,,,,,,,,220.2100067138672,224.55999755859375,219.4499969482422,224.14999389648438,49509000.0,,,,,,,,,,,,,,,,,,,,,,,,,,,,,,
2025-09-25,,,,,,AMZN,,,,,,,,,,,218.14999389648438,220.6699981689453,216.47000122070312,220.05999755859375,52226300.0,,,,,,,,,,,,,,,,,,,,,,,,,,,,,,
2025-09-26,,,,,,AMZN,,,,,,,,,,,219.77999877929688,221.0500030517578,218.02000427246094,219.0800018310547,41650100.0,,,,,,,,,,,,,,,,,,,,,,,,,,,,,,
2025-09-29,,,,,,AMZN,,,,,,,,,,,222.1699981689453,222.60000610351562,219.3000030517578,220.0800018310547,44259200.0,,,,,,,,,,,,,,,,,,,,,,,,,,,,,,
2025-09-30,,,,,,AMZN,,,,,,,,,,,219.57000732421875,222.24000549316406,217.88999938964844,222.02999877929688,48396400.0,,,,,,,,,,,,,,,,,,,,,,,,,,,,,,
2025-10-01,,,,,,AMZN,,,,,,,,,,,220.6300048828125,222.14999389648438,216.61000061035156,217.36000061035156,43933800.0,,,,,,,,,,,,,,,,,,,,,,,,,,,,,,
2025-10-02,,,,,,AMZN,,,,,,,,,,,222.41000366210938,222.80999755859375,218.9499969482422,221.00999450683594,41258600.0,,,,,,,,,,,,,,,,,,,,,,,,,,,,,,
2025-10-03,,,,,,AMZN,,,,,,,,,,,219.50999450683594,224.1999969482422,219.33999633789062,223.44000244140625,43639000.0,,,,,,,,,,,,,,,,,,,,,,,,,,,,,,
2025-10-06,,,,,,AMZN,,,,,,,,,,,220.89999389648438,221.72999572753906,216.02999877929688,221.0,43690900.0,,,,,,,,,,,,,,,,,,,,,,,,,,,,,,
2025-10-07,,,,,,AMZN,,,,,,,,,,,221.77999877929688,222.88999938964844,220.1699981689453,220.8800048828125,31194700.0,,,,,,,,,,,,,,,,,,,,,,,,,,,,,,
2025-10-08,,,,,,AMZN,,,,,,,,,,,225.22000122070312,226.72999572753906,221.19000244140625,222.9199981689453,46686000.0,,,,,,,,,,,,,,,,,,,,,,,,,,,,,,
2025-10-09,,,,,,AMZN,,,,,,,,,,,227.74000549316406,228.2100067138672,221.75,225.0,46412100.0,,,,,,,,,,,,,,,,,,,,,,,,,,,,,,
2025-10-10,,,,,,AMZN,,,,,,,,,,,216.3699951171875,228.25,216.0,226.2100067138672,72367500.0,,,,,,,,,,,,,,,,,,,,,,,,,,,,,,
2025-10-13,,,,,,AMZN,,,,,,,,,,,220.07000732421875,220.67999267578125,217.0399932861328,217.6999969482422,37809700.0,,,,,,,,,,,,,,,,,,,,,,,,,,,,,,
2025-10-14,,,,,,AMZN,,,,,,,,,,,216.38999938964844,219.32000732421875,212.60000610351562,215.55999755859375,45665600.0,,,,,,,,,,,,,,,,,,,,,,,,,,,,,,
2025-10-15,,,,,,AMZN,,,,,,,,,,,215.57000732421875,217.7100067138672,212.66000366210938,216.6199951171875,45909500.0,,,,,,,,,,,,,,,,,,,,,,,,,,,,,,
2025-10-16,,,,,,AMZN,,,,,,,,,,,214.47000122070312,218.58999633789062,212.80999755859375,215.6699981689453,42414600.0,,,,,,,,,,,,,,,,,,,,,,,,,,,,,,
2025-10-17,,,,,,AMZN,,,,,,,,,,,213.0399932861328,214.8000030517578,211.02999877929688,214.55999755859375,45986900.0,,,,,,,,,,,,,,,,,,,,,,,,,,,,,,
2025-10-20,,,,,,AMZN,,,,,,,,,,,216.47999572753906,216.69000244140625,213.58999633789062,213.8800048828125,38882800.0,,,,,,,,,,,,,,,,,,,,,,,,,,,,,,
2025-10-21,,,,,,AMZN,,,,,,,,,,,222.02999877929688,223.32000732421875,217.99000549316406,218.42999267578125,50494600.0,,,,,,,,,,,,,,,,,,,,,,,,,,,,,,
2025-10-22,,,,,,AMZN,,,,,,,,,,,217.9499969482422,220.00999450683594,216.52000427246094,219.3000030517578,44308500.0,,,,,,,,,,,,,,,,,,,,,,,,,,,,,,
2025-10-23,,,,,,AMZN,,,,,,,,,,,221.08999633789062,221.3000030517578,218.17999267578125,219.0,31540000.0,,,,,,,,,,,,,,,,,,,,,,,,,,,,,,
2025-10-24,,,,,,AMZN,,,,,,,,,,,224.2100067138672,225.39999389648438,221.89999389648438,221.97000122070312,38685100.0,,,,,,,,,,,,,,,,,,,,,,,,,,,,,,
2025-10-27,,,,,,AMZN,,,,,,,,,,,226.97000122070312,228.39999389648438,225.5399932861328,227.66000366210938,38267000.0,,,,,,,,,,,,,,,,,,,,,,,,,,,,,,
2025-10-28,,,,,,AMZN,,,,,,,,,,,229.25,231.49000549316406,226.2100067138672,228.22000122070312,47100000.0,,,,,,,,,,,,,,,,,,,,,,,,,,,,,,
2025-10-29,,,,,,AMZN,,,,,,,,,,,230.3000030517578,232.82000732421875,227.75999450683594,231.6699981689453,52036200.0,,,,,,,,,,,,,,,,,,,,,,,,,,,,,,
2025-10-30,,,,,,AMZN,,,,,,,,,,,222.86000061035156,228.44000244140625,222.75,227.05999755859375,102252900.0,,,,,,,,,,,,,,,,,,,,,,,,,,,,,,
2025-10-31,,,,,,AMZN,,,,,,,,,,,244.22000122070312,250.5,243.97999572753906,250.10000610351562,166340800.0,,,,,,,,,,,,,,,,,,,,,,,,,,,,,,
2025-11-03,,,,,,AMZN,,,,,,,,,,,254.0,258.6000061035156,252.89999389648438,255.36000061035156,95997800.0,,,,,,,,,,,,,,,,,,,,,,,,,,,,,,
2025-11-04,,,,,,AMZN,,,,,,,,,,,249.32000732421875,257.010009765625,248.66000366210938,250.3800048828125,51546300.0,,,,,,,,,,,,,,,,,,,,,,,,,,,,,,
2025-11-05,,,,,,AMZN,,,,,,,,,,,250.1999969482422,251.0,246.16000366210938,249.02999877929688,40610700.0,,,,,,,,,,,,,,,,,,,,,,,,,,,,,,
2025-11-06,,,,,,AMZN,,,,,,,,,,,243.0399932861328,250.3800048828125,242.1699981689453,249.16000366210938,46004200.0,,,,,,,,,,,,,,,,,,,,,,,,,,,,,,
2025-11-07,,,,,,AMZN,,,,,,,,,,,244.41000366210938,244.89999389648438,238.49000549316406,242.89999389648438,46374300.0,,,,,,,,,,,,,,,,,,,,,,,,,,,,,,
2025-11-10,,,,,,AMZN,,,,,,,,,,,248.39999389648438,251.75,245.58999633789062,248.33999633789062,36476500.0,,,,,,,,,,,,,,,,,,,,,,,,,,,,,,
2025-11-11,,,,,,AMZN,,,,,,,,,,,249.10000610351562,249.75,247.22999572753906,248.41000366210938,23564100.0,,,,,,,,,,,,,,,,,,,,,,,,,,,,,,
2025-11-12,,,,,,AMZN,,,,,,,,,,,244.1999969482422,250.3699951171875,243.75,250.24000549316406,31190100.0,,,,,,,,,,,,,,,,,,,,,,,,,,,,,,
2025-11-13,,,,,,AMZN,,,,,,,,,,,237.5800018310547,243.75,236.5,243.0500030517578,41401700.0,,,,,,,,,,,,,,,,,,,,,,,,,,,,,,
2025-11-14,,,,,,AMZN,,,,,,,,,,,234.69000244140625,238.72999572753906,232.88999938964844,235.05999755859375,38956700.0,,,,,,,,,,,,,,,,,,,,,,,,,,,,,,
2025-11-17,,,,,,AMZN,,,,,,,,,,,232.8699951171875,234.60000610351562,229.19000244140625,233.25,59919000.0,,,,,,,,,,,,,,,,,,,,,,,,,,,,,,
2025-11-18,,,,,,AMZN,,,,,,,,,,,222.5500030517578,230.1999969482422,222.4199981689453,228.10000610351562,60608400.0,,,,,,,,,,,,,,,,,,,,,,,,,,,,,,
2025-11-19,,,,,,AMZN,,,,,,,,,,,222.69000244140625,223.74000549316406,218.52000427246094,223.74000549316406,58335600.0,,,,,,,,,,,,,,,,,,,,,,,,,,,,,,
2025-11-20,,,,,,AMZN,,,,,,,,,,,217.13999938964844,227.41000366210938,216.74000549316406,227.0500030517578,50309000.0,,,,,,,,,,,,,,,,,,,,,,,,,,,,,,
2025-11-21,,,,,,AMZN,,,,,,,,,,,220.69000244140625,222.2100067138672,215.17999267578125,216.35000610351562,68490500.0,,,,,,,,,,,,,,,,,,,,,,,,,,,,,,
2025-11-24,,,,,,AMZN,,,,,,,,,,,226.27999877929688,227.3300018310547,222.27000427246094,222.55999755859375,54318400.0,,,,,,,,,,,,,,,,,,,,,,,,,,,,,,
2025-11-25,,,,,,AMZN,,,,,,,,,,,229.6699981689453,230.52000427246094,223.8000030517578,226.3800048828125,39379300.0,,,,,,,,,,,,,,,,,,,,,,,,,,,,,,
2025-11-26,,,,,,AMZN,,,,,,,,,,,229.16000366210938,231.75,228.77000427246094,230.74000549316406,38497900.0,,,,,,,,,,,,,,,,,,,,,,,,,,,,,,
2025-11-28,,,,,,AMZN,,,,,,,,,,,233.22000122070312,233.2899932861328,230.22000122070312,231.24000549316406,20292300.0,,,,,,,,,,,,,,,,,,,,,,,,,,,,,,
2025-12-01,,,,,,AMZN,,,,,,,,,,,233.8800048828125,235.8000030517578,232.25,233.22000122070312,42904000.0,,,,,,,,,,,,,,,,,,,,,,,,,,,,,,
2025-12-02,,,,,,AMZN,,,,,,,,,,,234.4199981689453,238.97000122070312,233.5500030517578,235.00999450683594,45785400.0,,,,,,,,,,,,,,,,,,,,,,,,,,,,,,
2025-12-03,,,,,,AMZN,,,,,,,,,,,232.3800048828125,233.3800048828125,230.61000061035156,233.35000610351562,35495100.0,,,,,,,,,,,,,,,,,,,,,,,,,,,,,,
2025-12-04,,,,,,AMZN,,,,,,,,,,,229.11000061035156,233.5,226.8000030517578,232.77000427246094,45683200.0,,,,,,,,,,,,,,,,,,,,,,,,,,,,,,
2025-12-05,,,,,,AMZN,,,,,,,,,,,229.52999877929688,231.24000549316406,228.5500030517578,230.32000732421875,33117400.0,,,,,,,,,,,,,,,,,,,,,,,,,,,,,,
2025-12-08,,,,,,AMZN,,,,,,,,,,,226.88999938964844,230.8300018310547,226.27000427246094,229.58999633789062,35019200.0,,,,,,,,,,,,,,,,,,,,,,,,,,,,,,
2025-12-09,,,,,,AMZN,,,,,,,,,,,227.9199981689453,228.57000732421875,225.11000061035156,226.83999633789062,25841700.0,,,,,,,,,,,,,,,,,,,,,,,,,,,,,,
2025-12-10,,,,,,AMZN,,,,,,,,,,,231.77999877929688,232.4199981689453,228.4600067138672,228.80999755859375,38790700.0,,,,,,,,,,,,,,,,,,,,,,,,,,,,,,
2025-12-11,,,,,,AMZN,,,,,,,,,,,230.27999877929688,232.11000061035156,228.69000244140625,230.7100067138672,28249600.0,,,,,,,,,,,,,,,,,,,,,,,,,,,,,,
2025-12-12,,,,,,AMZN,,,,,,,,,,,226.19000244140625,230.0800018310547,225.1199951171875,229.8699951171875,35639100.0,,,,,,,,,,,,,,,,,,,,,,,,,,,,,,
2025-12-15,,,,,,AMZN,,,,,,,,,,,222.5399932861328,227.92999267578125,221.5,227.92999267578125,47286100.0,,,,,,,,,,,,,,,,,,,,,,,,,,,,,,
2025-12-16,,,,,,AMZN,,,,,,,,,,,222.55999755859375,223.66000366210938,221.1300048828125,223.0399932861328,39298900.0,,,,,,,,,,,,,,,,,,,,,,,,,,,,,,
2025-12-17,,,,,,AMZN,,,,,,,,,,,221.27000427246094,225.19000244140625,220.99000549316406,224.66000366210938,44034400.0,,,,,,,,,,,,,,,,,,,,,,,,,,,,,,
2025-12-18,,,,,,AMZN,,,,,,,,,,,226.75999450683594,229.22999572753906,224.41000366210938,225.7100067138672,50272400.0,,,,,,,,,,,,,,,,,,,,,,,,,,,,,,
2025-12-19,,,,,,AMZN,,,,,,,,,,,227.35000610351562,229.1300048828125,225.5800018310547,226.75999450683594,85544400.0,,,,,,,,,,,,,,,,,,,,,,,,,,,,,,
2025-12-22,,,,,,AMZN,,,,,,,,,,,228.42999267578125,229.47999572753906,226.7100067138672,228.61000061035156,32261300.0,,,,,,,,,,,,,,,,,,,,,,,,,,,,,,
2025-12-23,,,,,,AMZN,,,,,,,,,,,232.13999938964844,232.4499969482422,228.72999572753906,229.05999755859375,29230200.0,,,,,,,,,,,,,,,,,,,,,,,,,,,,,,
2025-12-24,,,,,,AMZN,,,,,,,,,,,232.3800048828125,232.9499969482422,231.3300018310547,232.1300048828125,11420500.0,,,,,,,,,,,,,,,,,,,,,,,,,,,,,,
2025-12-26,,,,,,AMZN,,,,,,,,,,,232.52000427246094,232.99000549316406,231.17999267578125,232.0399932861328,15994700.0,,,,,,,,,,,,,,,,,,,,,,,,,,,,,,
2025-12-29,,,,,,AMZN,,,,,,,,,,,232.07000732421875,232.60000610351562,230.77000427246094,231.94000244140625,19797900.0,,,,,,,,,,,,,,,,,,,,,,,,,,,,,,
2025-12-30,,,,,,AMZN,,,,,,,,,,,232.52999877929688,232.77000427246094,230.1999969482422,231.2100067138672,21910500.0,,,,,,,,,,,,,,,,,,,,,,,,,,,,,,
2025-12-31,,,,,,AMZN,,,,,,,,,,,230.82000732421875,232.99000549316406,230.1199951171875,232.91000366210938,24383700.0,,,,,,,,,,,,,,,,,,,,,,,,,,,,,,
2026-01-02,,,,,,AMZN,,,,,,,,,,,226.5,235.4600067138672,224.6999969482422,231.33999633789062,51456200.0,,,,,,,,,,,,,,,,,,,,,,,,,,,,,,
2026-01-05,,,,,,AMZN,,,,,,,,,,,233.05999755859375,234.0,227.17999267578125,228.83999633789062,49733300.0,,,,,,,,,,,,,,,,,,,,,,,,,,,,,,
2026-01-06,,,,,,AMZN,,,,,,,,,,,240.92999267578125,243.17999267578125,232.07000732421875,232.10000610351562,53764700.0,,,,,,,,,,,,,,,,,,,,,,,,,,,,,,
2026-01-07,,,,,,AMZN,,,,,,,,,,,241.55999755859375,245.2899932861328,239.52000427246094,239.61000061035156,42236500.0,,,,,,,,,,,,,,,,,,,,,,,,,,,,,,
2026-01-08,,,,,,AMZN,,,,,,,,,,,246.2899932861328,246.41000366210938,241.8800048828125,243.05999755859375,39509800.0,,,,,,,,,,,,,,,,,,,,,,,,,,,,,,
2026-01-09,,,,,,AMZN,,,,,,,,,,,247.3800048828125,247.86000061035156,242.24000549316406,244.57000732421875,34560000.0,,,,,,,,,,,,,,,,,,,,,,,,,,,,,,
2026-01-12,,,,,,AMZN,,,,,,,,,,,246.47000122070312,248.94000244140625,245.9600067138672,246.72999572753906,35867800.0,,,,,,,,,,,,,,,,,,,,,,,,,,,,,,
2026-01-13,,,,,,AMZN,,,,,,,,,,,242.60000610351562,247.66000366210938,240.25,246.52999877929688,38371800.0,,,,,,,,,,,,,,,,,,,,,,,,,,,,,,
2026-01-14,,,,,,AMZN,,,,,,,,,,,236.64999389648438,241.27999877929688,236.22000122070312,241.14999389648438,41410600.0,,,,,,,,,,,,,,,,,,,,,,,,,,,,,,
2026-01-15,,,,,,AMZN,,,,,,,,,,,238.17999267578125,240.64999389648438,236.6300048828125,239.30999755859375,43003600.0,,,,,,,,,,,,,,,,,,,,,,,,,,,,,,
2026-01-16,,,,,,AMZN,,,,,,,,,,,239.1199951171875,239.57000732421875,236.41000366210938,239.08999633789062,45888300.0,,,,,,,,,,,,,,,,,,,,,,,,,,,,,,
2026-01-20,,,,,,AMZN,,,,,,,,,,,231.0,235.08999633789062,229.33999633789062,233.75999450683594,47737900.0,,,,,,,,,,,,,,,,,,,,,,,,,,,,,,
2026-01-21,,,,,,AMZN,,,,,,,,,,,231.30999755859375,232.3000030517578,226.8800048828125,231.08999633789062,47276100.0,,,,,,,,,,,,,,,,,,,,,,,,,,,,,,
2026-01-22,,,,,,AMZN,,,,,,,,,,,234.33999633789062,235.72000122070312,230.89999389648438,234.0500030517578,31913300.0,,,,,,,,,,,,,,,,,,,,,,,,,,,,,,
2026-01-23,,,,,,AMZN,,,,,,,,,,,239.16000366210938,240.4499969482422,234.57000732421875,234.9600067138672,33778500.0,,,,,,,,,,,,,,,,,,,,,,,,,,,,,,
2026-01-26,,,,,,AMZN,,,,,,,,,,,238.4199981689453,240.9499969482422,237.5399932861328,239.97999572753906,32825500.0,,,,,,,,,,,,,,,,,,,,,,,,,,,,,,
2026-01-27,,,,,,AMZN,,,,,,,,,,,244.67999267578125,244.8800048828125,238.0800018310547,239.69000244140625,38029200.0,,,,,,,,,,,,,,,,,,,,,,,,,,,,,,
2026-01-28,,,,,,AMZN,,,,,,,,,,,243.00999450683594,247.77999877929688,241.52999877929688,246.3699951171875,40882700.0,,,,,,,,,,,,,,,,,,,,,,,,,,,,,,
2026-01-29,,,,,,AMZN,,,,,,,,,,,241.72999572753906,243.0,236.74000549316406,242.82000732421875,47229600.0,,,,,,,,,,,,,,,,,,,,,,,,,,,,,,
2026-01-30,,,,,,AMZN,,,,,,,,,,,239.3000030517578,243.32000732421875,237.63999938964844,239.88999938964844,46585000.0,,,,,,,,,,,,,,,,,,,,,,,,,,,,,,
2026-02-02,,,,,,AMZN,,,,,,,,,,,242.9600067138672,245.6300048828125,238.1699981689453,238.30999755859375,37546100.0,,,,,,,,,,,,,,,,,,,,,,,,,,,,,,
2026-02-03,,,,,,AMZN,,,,,,,,,,,238.6199951171875,246.35000610351562,235.4499969482422,244.97999572753906,53831300.0,,,,,,,,,,,,,,,,,,,,,,,,,,,,,,
2026-02-04,,,,,,AMZN,,,,,,,,,,,232.99000549316406,238.86000061035156,231.82000732421875,238.86000061035156,51299900.0,,,,,,,,,,,,,,,,,,,,,,,,,,,,,,
2026-02-05,,,,,,AMZN,,,,,,,,,,,222.69000244140625,226.30999755859375,220.3800048828125,224.91000366210938,103509200.0,,,,,,,,,,,,,,,,,,,,,,,,,,,,,,
2026-02-06,,,,,,AMZN,,,,,,,,,,,210.32000732421875,211.44000244140625,200.30999755859375,202.6999969482422,179210900.0,,,,,,,,,,,,,,,,,,,,,,,,,,,,,,
2026-02-09,,,,,,AMZN,,,,,,,,,,,208.72000122070312,212.80999755859375,203.35000610351562,208.97000122070312,91178400.0,,,,,,,,,,,,,,,,,,,,,,,,,,,,,,
2026-02-10,,,,,,AMZN,,,,,,,,,,,206.9600067138672,212.64999389648438,206.41000366210938,208.8000030517578,67175000.0,,,,,,,,,,,,,,,,,,,,,,,,,,,,,,
2026-02-11,,,,,,AMZN,,,,,,,,,,,204.0800018310547,208.57000732421875,202.49000549316406,208.05999755859375,65545500.0,,,,,,,,,,,,,,,,,,,,,,,,,,,,,,
2026-02-12,,,,,,AMZN,,,,,,,,,,,199.60000610351562,203.9600067138672,197.55999755859375,203.9600067138672,83975400.0,,,,,,,,,,,,,,,,,,,,,,,,,,,,,,
2026-02-13,,,,,,AMZN,,,,,,,,,,,198.7899932861328,201.16000366210938,197.27999877929688,198.8800048828125,66321600.0,,,,,,,,,,,,,,,,,,,,,,,,,,,,,,
2026-02-17,,,,,,AMZN,,,,,,,,,,,201.14999389648438,201.74000549316406,196.0,198.1300048828125,69879200.0,,,,,,,,,,,,,,,,,,,,,,,,,,,,,,
2026-02-18,,,,,,AMZN,,,,,,,,,,,204.7899932861328,206.86000061035156,201.50999450683594,202.07000732421875,51003300.0,,,,,,,,,,,,,,,,,,,,,,,,,,,,,,
2026-02-19,,,,,,AMZN,,,,,,,,,,,204.86000061035156,205.63999938964844,202.80999755859375,203.8000030517578,35669600.0,,,,,,,,,,,,,,,,,,,,,,,,,,,,,,
2026-02-20,,,,,,AMZN,,,,,,,,,,,210.11000061035156,211.1699981689453,203.75,204.75999450683594,65881600.0,,,,,,,,,,,,,,,,,,,,,,,,,,,,,,
2026-02-23,,,,,,AMZN,,,,,,,,,,,205.27000427246094,208.42999267578125,203.11000061035156,208.10000610351562,53581500.0,,,,,,,,,,,,,,,,,,,,,,,,,,,,,,
2026-02-24,,,,,,AMZN,,,,,,,,,,,208.55999755859375,210.36000061035156,203.25,205.47000122070312,41137200.0,,,,,,,,,,,,,,,,,,,,,,,,,,,,,,
2026-02-25,,,,,,AMZN,,,,,,,,,,,210.63999938964844,211.58999633789062,208.92999267578125,210.4600067138672,41346400.0,,,,,,,,,,,,,,,,,,,,,,,,,,,,,,
2026-02-26,,,,,,AMZN,,,,,,,,,,,207.9199981689453,211.0500030517578,205.35000610351562,210.72999572753906,47756800.0,,,,,,,,,,,,,,,,,,,,,,,,,,,,,,
2026-02-27,,,,,,AMZN,,,,,,,,,,,210.0,210.3300018310547,205.1999969482422,206.8300018310547,57422800.0,,,,,,,,,,,,,,,,,,,,,,,,,,,,,,
2026-03-02,,,,,,AMZN,,,,,,,,,,,208.38999938964844,209.72999572753906,203.4600067138672,204.5500030517578,46001000.0,,,,,,,,,,,,,,,,,,,,,,,,,,,,,,
2026-03-03,,,,,,AMZN,,,,,,,,,,,208.72999572753906,209.17999267578125,202.47999572753906,203.10000610351562,43184900.0,,,,,,,,,,,,,,,,,,,,,,,,,,,,,,
2026-03-04,,,,,,AMZN,,,,,,,,,,,216.82000732421875,217.5399932861328,210.14999389648438,210.47000122070312,54731100.0,,,,,,,,,,,,,,,,,,,,,,,,,,,,,,
2026-03-05,,,,,,AMZN,,,,,,,,,,,218.94000244140625,220.47000122070312,215.58999633789062,215.97999572753906,60943400.0,,,,,,,,,,,,,,,,,,,,,,,,,,,,,,
2026-03-06,,,,,,AMZN,,,,,,,,,,,213.2100067138672,217.32000732421875,212.52999877929688,214.99000549316406,51152700.0,,,,,,,,,,,,,,,,,,,,,,,,,,,,,,
2026-03-09,,,,,,AMZN,,,,,,,,,,,213.49000549316406,213.82000732421875,207.11000061035156,210.4499969482422,54642900.0,,,,,,,,,,,,,,,,,,,,,,,,,,,,,,
2026-03-10,,,,,,AMZN,,,,,,,,,,,214.3300018310547,215.64999389648438,212.42999267578125,214.19000244140625,35678800.0,,,,,,,,,,,,,,,,,,,,,,,,,,,,,,
2026-03-11,,,,,,AMZN,,,,,,,,,,,212.64999389648438,217.0,211.35000610351562,215.7100067138672,34199300.0,,,,,,,,,,,,,,,,,,,,,,,,,,,,,,
2026-03-12,,,,,,AMZN,,,,,,,,,,,209.52999877929688,211.7100067138672,208.14999389648438,210.38999938964844,44349500.0,,,,,,,,,,,,,,,,,,,,,,,,,,,,,,
2026-03-13,,,,,,AMZN,,,,,,,,,,,207.6699981689453,210.55999755859375,206.22000122070312,209.61000061035156,35662100.0,,,,,,,,,,,,,,,,,,,,,,,,,,,,,,
2026-03-16,,,,,,AMZN,,,,,,,,,,,211.74000549316406,212.72000122070312,207.4499969482422,208.35000610351562,42209300.0,,,,,,,,,,,,,,,,,,,,,,,,,,,,,,
2026-03-17,,,,,,AMZN,,,,,,,,,,,215.1999969482422,215.6999969482422,212.42999267578125,212.82000732421875,44969900.0,,,,,,,,,,,,,,,,,,,,,,,,,,,,,,
2026-03-18,,,,,,AMZN,,,,,,,,,,,209.8699951171875,215.13999938964844,208.8300018310547,213.92999267578125,37846600.0,,,,,,,,,,,,,,,,,,,,,,,,,,,,,,
2026-03-19,,,,,,AMZN,,,,,,,,,,,208.75999450683594,209.1199951171875,206.0500030517578,207.05999755859375,36440600.0,,,,,,,,,,,,,,,,,,,,,,,,,,,,,,
2026-03-20,,,,,,AMZN,,,,,,,,,,,205.3699951171875,207.5399932861328,204.32000732421875,207.39999389648438,63694600.0,,,,,,,,,,,,,,,,,,,,,,,,,,,,,,
2026-03-23,,,,,,AMZN,,,,,,,,,,,210.13999938964844,212.8000030517578,209.50999450683594,209.7899932861328,44277400.0,,,,,,,,,,,,,,,,,,,,,,,,,,,,,,
2026-03-24,,,,,,AMZN,,,,,,,,,,,207.24000549316406,209.35000610351562,206.63999938964844,207.9499969482422,35351400.0,,,,,,,,,,,,,,,,,,,,,,,,,,,,,,
2026-03-25,,,,,,AMZN,,,,,,,,,,,211.7100067138672,213.07000732421875,209.89999389648438,211.55999755859375,36388800.0,,,,,,,,,,,,,,,,,,,,,,,,,,,,,,
2026-03-26,,,,,,AMZN,,,,,,,,,,,207.5399932861328,212.88999938964844,207.1199951171875,210.61000061035156,46746000.0,,,,,,,,,,,,,,,,,,,,,,,,,,,,,,
2026-03-27,,,,,,AMZN,,,,,,,,,,,199.33999633789062,206.60000610351562,199.13999938964844,206.4600067138672,56009800.0,,,,,,,,,,,,,,,,,,,,,,,,,,,,,,
2026-03-30,,,,,,AMZN,,,,,,,,,,,200.9499969482422,203.8000030517578,199.97999572753906,201.47999572753906,46373800.0,,,,,,,,,,,,,,,,,,,,,,,,,,,,,,
2026-03-31,,,,,,AMZN,,,,,,,,,,,208.27000427246094,210.27999877929688,204.13999938964844,204.85000610351562,58470100.0,,,,,,,,,,,,,,,,,,,,,,,,,,,,,,
2026-04-01,,,,,,AMZN,,,,,,,,,,,210.57000732421875,213.5800018310547,208.19000244140625,210.44000244140625,45955400.0,,,,,,,,,,,,,,,,,,,,,,,,,,,,,,
2026-04-02,,,,,,AMZN,,,,,,,,,,,209.77000427246094,212.2100067138672,204.89999389648438,206.5399932861328,31453000.0,,,,,,,,,,,,,,,,,,,,,,,,,,,,,,
2026-04-06,,,,,,AMZN,,,,,,,,,,,212.7899932861328,212.9499969482422,209.58999633789062,209.8000030517578,25385500.0,,,,,,,,,,,,,,,,,,,,,,,,,,,,,,
2026-04-07,,,,,,AMZN,,,,,,,,,,,213.77000427246094,213.97000122070312,209.0800018310547,211.24000549316406,28154600.0,,,,,,,,,,,,,,,,,,,,,,,,,,,,,,
2026-04-08,,,,,,AMZN,,,,,,,,,,,221.25,226.10000610351562,219.6199951171875,223.7899932861328,51092700.0,,,,,,,,,,,,,,,,,,,,,,,,,,,,,,
2026-04-09,,,,,,AMZN,,,,,,,,,,,233.64999389648438,233.8000030517578,223.27000427246094,225.22999572753906,65964200.0,,,,,,,,,,,,,,,,,,,,,,,,,,,,,,
2026-04-10,,,,,,AMZN,,,,,,,,,,,238.3800048828125,240.42999267578125,235.2100067138672,235.3000030517578,56912800.0,,,,,,,,,,,,,,,,,,,,,,,,,,,,,,
2026-04-13,,,,,,AMZN,,,,,,,,,,,239.88999938964844,240.0,235.75,237.4499969482422,42166200.0,,,,,,,,,,,,,,,,,,,,,,,,,,,,,,
2026-04-14,,,,,,AMZN,,,,,,,,,,,249.02000427246094,252.17999267578125,241.77999877929688,241.77999877929688,72685000.0,,,,,,,,,,,,,,,,,,,,,,,,,,,,,,
2026-04-15,,,,,,AMZN,,,,,,,,,,,248.5,250.44000244140625,247.1999969482422,249.25,43045200.0,,,,,,,,,,,,,,,,,,,,,,,,,,,,,,
2026-04-16,,,,,,AMZN,,,,,,,,,,,249.6999969482422,250.0,244.1999969482422,248.50999450683594,41895700.0,,,,,,,,,,,,,,,,,,,,,,,,,,,,,,
2026-04-17,,,,,,AMZN,,,,,,,,,,,250.55999755859375,256.17999267578125,250.11000061035156,254.99000549316406,52029300.0,,,,,,,,,,,,,,,,,,,,,,,,,,,,,,
2026-04-20,,,,,,AMZN,,,,,,,,,,,248.27999877929688,250.17999267578125,245.3699951171875,249.19000244140625,39463100.0,,,,,,,,,,,,,,,,,,,,,,,,,,,,,,
2026-04-21,,,,,,AMZN,,,,,,,,,,,249.91000366210938,255.08999633789062,249.10000610351562,255.08999633789062,42922400.0,,,,,,,,,,,,,,,,,,,,,,,,,,,,,,
2026-04-22,,,,,,AMZN,,,,,,,,,,,255.36000061035156,255.94000244140625,250.3300018310547,252.44000244140625,36065100.0,,,,,,,,,,,,,,,,,,,,,,,,,,,,,,
2026-04-23,,,,,,AMZN,,,,,,,,,,,255.0800018310547,258.7900085449219,253.07000732421875,255.38999938964844,39091400.0,,,,,,,,,,,,,,,,,,,,,,,,,,,,,,
2026-04-24,,,,,,AMZN,,,,,,,,,,,263.989990234375,264.5,257.69000244140625,259.9800109863281,53777400.0,,,,,,,,,,,,,,,,,,,,,,,,,,,,,,
2026-04-27,,,,,,AMZN,,,,,,,,,,,261.1199951171875,264.1499938964844,260.3399963378906,263.4599914550781,44906800.0,,,,,,,,,,,,,,,,,,,,,,,,,,,,,,
2026-04-28,,,,,,AMZN,,,,,,,,,,,259.70001220703125,261.0299987792969,256.6300048828125,258.3900146484375,42204400.0,,,,,,,,,,,,,,,,,,,,,,,,,,,,,,
2026-04-29,,,,,,AMZN,,,,,,,,,,,263.0400085449219,265.9100036621094,257.70001220703125,257.989990234375,72367900.0,,,,,,,,,,,,,,,,,,,,,,,,,,,,,,
2026-04-30,,,,,,AMZN,,,,,,,,,,,265.05999755859375,273.8800048828125,256.1600036621094,273.1700134277344,100974900.0,,,,,,,,,,,,,,,,,,,,,,,,,,,,,,
2026-05-01,,,,,,AMZN,,,,,,,,,,,268.260009765625,273.32000732421875,262.739990234375,265.5799865722656,50825200.0,,,,,,,,,,,,,,,,,,,,,,,,,,,,,,
2026-05-04,,,,,,AMZN,,,,,,,,,,,272.04998779296875,276.1000061035156,268.79998779296875,268.79998779296875,49083700.0,,,,,,,,,,,,,,,,,,,,,,,,,,,,,,
2026-05-05,,,,,,AMZN,,,,,,,,,,,273.54998779296875,278.55999755859375,272.3800048828125,276.0799865722656,41908500.0,,,,,,,,,,,,,,,,,,,,,,,,,,,,,,
2026-05-06,,,,,,AMZN,,,,,,,,,,,274.989990234375,277.79998779296875,272.2099914550781,272.8900146484375,44552000.0,,,,,,,,,,,,,,,,,,,,,,,,,,,,,,
2026-05-07,,,,,,AMZN,,,,,,,,,,,271.1700134277344,276.6300048828125,270.489990234375,275.0199890136719,35892900.0,,,,,,,,,,,,,,,,,,,,,,,,,,,,,,
2026-05-08,,,,,,AMZN,,,,,,,,,,,272.67999267578125,274.0,269.95001220703125,271.6300048828125,34732700.0,,,,,,,,,,,,,,,,,,,,,,,,,,,,,,
2026-05-11,,,,,,AMZN,,,,,,,,,,,268.989990234375,273.6300048828125,268.4800109863281,269.8399963378906,38176700.0,,,,,,,,,,,,,,,,,,,,,,,,,,,,,,
2026-05-12,,,,,,AMZN,,,,,,,,,,,265.82000732421875,267.6499938964844,262.6300048828125,266.7099914550781,36776200.0,,,,,,,,,,,,,,,,,,,,,,,,,,,,,,
2026-05-13,,,,,,AMZN,,,,,,,,,,,270.1300048828125,270.7200012207031,263.20001220703125,264.42999267578125,39670900.0,,,,,,,,,,,,,,,,,,,,,,,,,,,,,,
2026-05-14,,,,,,AMZN,,,,,,,,,,,267.2200012207031,270.7799072265625,266.6300048828125,269.1499938964844,29206139.0,,,,,,,,,,,,,,,,,,,,,,,,,,,,,,
2025-05-15,,,,,,META,,,,,,,,,,,,,,,,641.8775024414062,655.2657270968772,636.5939979037247,652.2451822041022,14341800.0,,,,,,,,,,,,,,,,,,,,,,,,,
2025-05-16,,,,,,META,,,,,,,,,,,,,,,,638.3484497070312,638.4481143502134,624.2025808250049,635.9758470841729,18519000.0,,,,,,,,,,,,,,,,,,,,,,,,,
2025-05-19,,,,,,META,,,,,,,,,,,,,,,,638.4381713867188,641.0001856510247,625.8474474759005,626.2960600859351,9592400.0,,,,,,,,,,,,,,,,,,,,,,,,,
2025-05-20,,,,,,META,,,,,,,,,,,,,,,,635.1185913085938,637.3615937967512,630.2936778074568,634.0320152877193,6743500.0,,,,,,,,,,,,,,,,,,,,,,,,,
2025-05-21,,,,,,META,,,,,,,,,,,,,,,,633.5234985351562,644.5989301458505,628.2100586075245,629.8250152939927,11464600.0,,,,,,,,,,,,,,,,,,,,,,,,,
2025-05-22,,,,,,META,,,,,,,,,,,,,,,,634.5902709960938,641.2494888568199,628.7485102321639,632.0780887398586,8228400.0,,,,,,,,,,,,,,,,,,,,,,,,,
2025-05-23,,,,,,META,,,,,,,,,,,,,,,,625.1098022460938,630.4830536161486,620.7135443903518,622.0593214688579,8454100.0,,,,,,,,,,,,,,,,,,,,,,,,,
2025-05-27,,,,,,META,,,,,,,,,,,,,,,,640.3223266601562,641.0799727179783,630.7820830337338,633.4337833907804,9508400.0,,,,,,,,,,,,,,,,,,,,,,,,,
2025-05-28,,,,,,META,,,,,,,,,,,,,,,,641.5784301757812,648.8557144048555,640.5516043549418,640.6014366817531,9042900.0,,,,,,,,,,,,,,,,,,,,,,,,,
2025-05-29,,,,,,META,,,,,,,,,,,,,,,,643.0438842773438,651.288184072806,637.5111569296643,649.6233948044612,8858800.0,,,,,,,,,,,,,,,,,,,,,,,,,
2025-05-30,,,,,,META,,,,,,,,,,,,,,,,645.4761962890625,647.3902077556168,630.8119856036413,640.5017256955665,16241000.0,,,,,,,,,,,,,,,,,,,,,,,,,
2025-06-02,,,,,,META,,,,,,,,,,,,,,,,668.8134765625,671.166122188044,642.256314296396,642.3859148545713,15766300.0,,,,,,,,,,,,,,,,,,,,,,,,,
2025-06-03,,,,,,META,,,,,,,,,,,,,,,,664.7760620117188,673.4789529536675,662.9617757833167,669.3617924489035,11585000.0,,,,,,,,,,,,,,,,,,,,,,,,,
2025-06-04,,,,,,META,,,,,,,,,,,,,,,,685.8104248046875,686.857147039673,666.4906935079915,667.238360939457,14031900.0,,,,,,,,,,,,,,,,,,,,,,,,,
2025-06-05,,,,,,META,,,,,,,,,,,,,,,,682.4907836914062,692.2204392102127,680.1281594087234,689.5088669424362,13083100.0,,,,,,,,,,,,,,,,,,,,,,,,,
2025-06-06,,,,,,META,,,,,,,,,,,,,,,,695.5401000976562,700.6242144400436,689.7182360915449,694.0048506531133,11728000.0,,,,,,,,,,,,,,,,,,,,,,,,,
2025-06-09,,,,,,META,,,,,,,,,,,,,,,,691.9014282226562,702.9968181048444,691.7818062976731,696.2877682898165,12773200.0,,,,,,,,,,,,,,,,,,,,,,,,,
2025-06-10,,,,,,META,,,,,,,,,,,,,,,,700.2155151367188,701.0428899746662,689.4092014623567,699.1687320280228,10850100.0,,,,,,,,,,,,,,,,,,,,,,,,,
2025-06-11,,,,,,META,,,,,,,,,,,,,,,,691.981201171875,706.6653705943312,689.8378634515371,701.5214452489874,9582500.0,,,,,,,,,,,,,,,,,,,,,,,,,
2025-06-12,,,,,,META,,,,,,,,,,,,,,,,691.2036743164062,693.2174116991354,684.8634681659612,691.1438633468866,7322700.0,,,,,,,,,,,,,,,,,,,,,,,,,
2025-06-13,,,,,,META,,,,,,,,,,,,,,,,680.7462158203125,692.409840070813,678.8920151692206,685.8104336581752,9274400.0,,,,,,,,,,,,,,,,,,,,,,,,,
2025-06-16,,,,,,META,,,,,,,,,,,,,,,,700.4749145507812,705.4931583928874,691.8851025594383,697.6914734952734,13720300.0,,,,,,,,,,,,,,,,,,,,,,,,,
2025-06-17,,,,,,META,,,,,,,,,,,,,,,,695.5963745117188,704.3158869977019,694.4291328649981,700.3552179138009,10066100.0,,,,,,,,,,,,,,,,,,,,,,,,,
2025-06-18,,,,,,META,,,,,,,,,,,,,,,,694.1397705078125,699.9461410540869,693.2718138640435,696.5440968778995,10068300.0,,,,,,,,,,,,,,,,,,,,,,,,,
2025-06-20,,,,,,META,,,,,,,,,,,,,,,,680.751220703125,700.1756339033776,677.079850298128,699.1081336202601,22538600.0,,,,,,,,,,,,,,,,,,,,,,,,,
2025-06-23,,,,,,META,,,,,,,,,,,,,,,,696.8934326171875,697.4121728945754,677.1597462532054,682.0881746874048,11080100.0,,,,,,,,,,,,,,,,,,,,,,,,,
2025-06-24,,,,,,META,,,,,,,,,,,,,,,,710.5313110351562,711.5189816994163,700.4649253469852,703.2384409706419,13823200.0,,,,,,,,,,,,,,,,,,,,,,,,,
2025-06-25,,,,,,META,,,,,,,,,,,,,,,,707.0195922851562,714.9011073526044,703.7273361920762,711.6487356204278,9320400.0,,,,,,,,,,,,,,,,,,,,,,,,,
2025-06-26,,,,,,META,,,,,,,,,,,,,,,,724.3888549804688,726.5138085370661,709.3840535476093,712.6862960420309,13964800.0,,,,,,,,,,,,,,,,,,,,,,,,,
2025-06-27,,,,,,META,,,,,,,,,,,,,,,,731.9110717773438,733.7068421056694,724.1592578043636,724.8177454897765,18775700.0,,,,,,,,,,,,,,,,,,,,,,,,,
2025-06-30,,,,,,META,,,,,,,,,,,,,,,,736.3606567382812,746.1476691378697,732.5296271967599,742.8054817668852,15402100.0,,,,,,,,,,,,,,,,,,,,,,,,,
2025-07-01,,,,,,META,,,,,,,,,,,,,,,,717.5347900390625,736.0214022335938,713.693835204326,735.1534455733583,13431200.0,,,,,,,,,,,,,,,,,,,,,,,,,
2025-07-02,,,,,,META,,,,,,,,,,,,,,,,711.8981323242188,718.6123446328994,711.1299169276585,713.6540184351263,9336700.0,,,,,,,,,,,,,,,,,,,,,,,,,
2025-07-03,,,,,,META,,,,,,,,,,,,,,,,717.3253784179688,727.3219211703462,712.7461059372963,724.9075473573512,8601700.0,,,,,,,,,,,,,,,,,,,,,,,,,
2025-07-07,,,,,,META,,,,,,,,,,,,,,,,716.6668701171875,725.29662738586,711.8382444141125,715.9186273791692,9457100.0,,,,,,,,,,,,,,,,,,,,,,,,,
2025-07-08,,,,,,META,,,,,,,,,,,,,,,,718.9814453125,721.2161872254258,713.1351899702655,719.8793609595846,7770700.0,,,,,,,,,,,,,,,,,,,,,,,,,
2025-07-09,,,,,,META,,,,,,,,,,,,,,,,731.0631103515625,735.8019810021477,721.0266226856489,721.0266226856489,11418000.0,,,,,,,,,,,,,,,,,,,,,,,,,
2025-07-10,,,,,,META,,,,,,,,,,,,,,,,725.5360717773438,734.0760133186282,717.9139576323801,729.8359710403425,9913600.0,,,,,,,,,,,,,,,,,,,,,,,,,
2025-07-11,,,,,,META,,,,,,,,,,,,,,,,715.828857421875,723.4608966552098,708.0371589748221,720.8071559255932,10873900.0,,,,,,,,,,,,,,,,,,,,,,,,,
2025-07-14,,,,,,META,,,,,,,,,,,,,,,,719.2308959960938,726.294324886829,714.8711396040657,715.9186673172987,8939400.0,,,,,,,,,,,,,,,,,,,,,,,,,
2025-07-15,,,,,,META,,,,,,,,,,,,,,,,708.7255859375,722.7725529543028,708.1569141283312,722.2039420372861,11529500.0,,,,,,,,,,,,,,,,,,,,,,,,,
2025-07-16,,,,,,META,,,,,,,,,,,,,,,,701.2630004882812,712.2970836136572,697.6315755690009,711.6985138171127,13067600.0,,,,,,,,,,,,,,,,,,,,,,,,,
2025-07-17,,,,,,META,,,,,,,,,,,,,,,,699.7665405273438,704.2460714207873,695.4766277838654,702.7395996705828,11803300.0,,,,,,,,,,,,,,,,,,,,,,,,,
2025-07-18,,,,,,META,,,,,,,,,,,,,,,,702.6298828125,703.0588680042227,690.0294703606638,700.5447529444856,12779800.0,,,,,,,,,,,,,,,,,,,,,,,,,
2025-07-21,,,,,,META,,,,,,,,,,,,,,,,711.2994384765625,715.3200251684316,704.1063709182977,705.1439122135475,9404400.0,,,,,,,,,,,,,,,,,,,,,,,,,
2025-07-22,,,,,,META,,,,,,,,,,,,,,,,703.1586303710938,714.9209845240272,699.7665722015134,714.5119719450398,8921100.0,,,,,,,,,,,,,,,,,,,,,,,,,
2025-07-23,,,,,,META,,,,,,,,,,,,,,,,711.9081420898438,712.955669824656,703.2783841619789,704.7150127643985,8771600.0,,,,,,,,,,,,,,,,,,,,,,,,,
2025-07-24,,,,,,META,,,,,,,,,,,,,,,,713.1251831054688,721.9245248031309,712.3270697155897,715.3699112663372,10920800.0,,,,,,,,,,,,,,,,,,,,,,,,,
2025-07-25,,,,,,META,,,,,,,,,,,,,,,,711.0101318359375,718.9614892126135,710.2319910963464,715.2401874661052,8271700.0,,,,,,,,,,,,,,,,,,,,,,,,,
2025-07-28,,,,,,META,,,,,,,,,,,,,,,,715.9486083984375,723.0419351595109,711.0101939967738,713.5243091595448,8715700.0,,,,,,,,,,,,,,,,,,,,,,,,,
2025-07-29,,,,,,META,,,,,,,,,,,,,,,,698.35986328125,722.7724995594365,698.270047363426,718.3130022321428,13267000.0,,,,,,,,,,,,,,,,,,,,,,,,,
2025-07-30,,,,,,META,,,,,,,,,,,,,,,,693.5811157226562,706.8399547738821,689.5805015781577,706.4309422136296,27077300.0,,,,,,,,,,,,,,,,,,,,,,,,,
2025-07-31,,,,,,META,,,,,,,,,,,,,,,,771.6278076171875,782.9113054874113,763.7163951695271,773.3836936232736,38831100.0,,,,,,,,,,,,,,,,,,,,,,,,,
2025-08-01,,,,,,META,,,,,,,,,,,,,,,,748.2527465820312,764.2052724882252,743.5637464392476,758.9476005405788,19028700.0,,,,,,,,,,,,,,,,,,,,,,,,,
2025-08-04,,,,,,META,,,,,,,,,,,,,,,,774.5509643554688,775.029820232538,756.6330226185955,758.2193240496142,15801700.0,,,,,,,,,,,,,,,,,,,,,,,,,
2025-08-05,,,,,,META,,,,,,,,,,,,,,,,761.6712036132812,781.2950989411861,761.212259491104,774.6307577641016,11640300.0,,,,,,,,,,,,,,,,,,,,,,,,,
2025-08-06,,,,,,META,,,,,,,,,,,,,,,,770.1812133789062,771.827371776558,758.6782598971715,768.1958857027562,9733900.0,,,,,,,,,,,,,,,,,,,,,,,,,
2025-08-07,,,,,,META,,,,,,,,,,,,,,,,760.0449829101562,773.1841074016191,757.7702959207965,771.6776357205837,9019700.0,,,,,,,,,,,,,,,,,,,,,,,,,
2025-08-08,,,,,,META,,,,,,,,,,,,,,,,767.49755859375,768.0961893607639,756.8027042152274,760.9629170758883,7320800.0,,,,,,,,,,,,,,,,,,,,,,,,,
2025-08-11,,,,,,META,,,,,,,,,,,,,,,,764.0755615234375,771.6478049440495,762.8783609453131,768.2757194135389,7612000.0,,,,,,,,,,,,,,,,,,,,,,,,,
2025-08-12,,,,,,META,,,,,,,,,,,,,,,,788.1489868164062,791.8103707559926,770.6201469797736,771.1888187456735,14563100.0,,,,,,,,,,,,,,,,,,,,,,,,,
2025-08-13,,,,,,META,,,,,,,,,,,,,,,,778.2523193359375,793.5962894533881,776.4066172801486,789.2963900548351,8811800.0,,,,,,,,,,,,,,,,,,,,,,,,,
2025-08-14,,,,,,META,,,,,,,,,,,,,,,,780.2974243164062,785.9641084064921,770.6999694623344,776.0573823379099,8116200.0,,,,,,,,,,,,,,,,,,,,,,,,,
2025-08-15,,,,,,META,,,,,,,,,,,,,,,,783.39013671875,794.3843356438543,778.9904964215748,782.3127110697359,13375400.0,,,,,,,,,,,,,,,,,,,,,,,,,
2025-08-18,,,,,,META,,,,,,,,,,,,,,,,765.572021484375,773.9922487170201,754.7873521125813,773.2739649293972,16513700.0,,,,,,,,,,,,,,,,,,,,,,,,,
2025-08-19,,,,,,META,,,,,,,,,,,,,,,,749.71923828125,765.3724785334582,747.604210382002,765.3226078635242,12286700.0,,,,,,,,,,,,,,,,,,,,,,,,,
2025-08-20,,,,,,META,,,,,,,,,,,,,,,,745.9680786132812,748.4423094323544,729.2872824481717,745.8184665954027,11898200.0,,,,,,,,,,,,,,,,,,,,,,,,,
2025-08-21,,,,,,META,,,,,,,,,,,,,,,,737.3682250976562,743.7532539146816,731.392269728463,742.965126847803,8876300.0,,,,,,,,,,,,,,,,,,,,,,,,,
2025-08-22,,,,,,META,,,,,,,,,,,,,,,,753.021484375,755.1265868650723,732.6693186706706,737.4979443181139,10612700.0,,,,,,,,,,,,,,,,,,,,,,,,,
2025-08-25,,,,,,META,,,,,,,,,,,,,,,,751.5349731445312,757.1019160115399,748.3724176422635,753.0514312038815,6861200.0,,,,,,,,,,,,,,,,,,,,,,,,,
2025-08-26,,,,,,META,,,,,,,,,,,,,,,,752.3331298828125,753.1013452690629,746.187589469264,749.0408739151204,7601800.0,,,,,,,,,,,,,,,,,,,,,,,,,
2025-08-27,,,,,,META,,,,,,,,,,,,,,,,745.62890625,752.3830637406979,741.0995653139147,750.5373617239242,8315400.0,,,,,,,,,,,,,,,,,,,,,,,,,
2025-08-28,,,,,,META,,,,,,,,,,,,,,,,749.3501586914062,751.2856157691724,739.0643171271723,742.2568318080029,7468000.0,,,,,,,,,,,,,,,,,,,,,,,,,
2025-08-29,,,,,,META,,,,,,,,,,,,,,,,736.9691772460938,745.3894040667411,733.6269900366806,743.5337768140281,9070500.0,,,,,,,,,,,,,,,,,,,,,,,,,
2025-09-02,,,,,,META,,,,,,,,,,,,,,,,733.3875732421875,734.2755025264773,720.0389186102121,724.3388175548104,9350900.0,,,,,,,,,,,,,,,,,,,,,,,,,
2025-09-03,,,,,,META,,,,,,,,,,,,,,,,735.3230590820312,738.5155735710689,732.2702311831985,734.2755314397929,7699300.0,,,,,,,,,,,,,,,,,,,,,,,,,
2025-09-04,,,,,,META,,,,,,,,,,,,,,,,746.8959350585938,759.3765729399474,744.0725487076684,746.8161054490425,11439100.0,,,,,,,,,,,,,,,,,,,,,,,,,
2025-09-05,,,,,,META,,,,,,,,,,,,,,,,750.6870727539062,756.1741866261438,743.2844743615274,750.8566574056083,9663400.0,,,,,,,,,,,,,,,,,,,,,,,,,
2025-09-08,,,,,,META,,,,,,,,,,,,,,,,750.537353515625,764.7140814935753,750.2580412178338,754.2286966166499,13087800.0,,,,,,,,,,,,,,,,,,,,,,,,,
2025-09-09,,,,,,META,,,,,,,,,,,,,,,,763.906005859375,764.5045757250664,751.6647345226843,755.7152196596044,10999000.0,,,,,,,,,,,,,,,,,,,,,,,,,
2025-09-10,,,,,,META,,,,,,,,,,,,,,,,750.2180786132812,763.9059640843684,749.2403942554,763.3372922969834,12478300.0,,,,,,,,,,,,,,,,,,,,,,,,,
2025-09-11,,,,,,META,,,,,,,,,,,,,,,,749.140625,755.326049350588,746.6165236987539,752.8818385469593,7923300.0,,,,,,,,,,,,,,,,,,,,,,,,,
2025-09-12,,,,,,META,,,,,,,,,,,,,,,,753.8197021484375,755.7950435825012,742.0174024328237,746.9757286440731,8248600.0,,,,,,,,,,,,,,,,,,,,,,,,,
2025-09-15,,,,,,META,,,,,,,,,,,,,,,,762.9083251953125,772.2563664766384,750.2280827190908,755.6952236302711,10533800.0,,,,,,,,,,,,,,,,,,,,,,,,,
2025-09-16,,,,,,META,,,,,,,,,,,,,,,,777.1748046875,779.5292605984961,763.3073480005289,765.2029206615051,11782500.0,,,,,,,,,,,,,,,,,,,,,,,,,
2025-09-17,,,,,,META,,,,,,,,,,,,,,,,773.9024658203125,781.4547366857648,764.5145401578408,778.16248073438,9400900.0,,,,,,,,,,,,,,,,,,,,,,,,,
2025-09-18,,,,,,META,,,,,,,,,,,,,,,,778.4218139648438,786.9318567440129,771.5479431530769,778.9206424262118,10955000.0,,,,,,,,,,,,,,,,,,,,,,,,,
2025-09-19,,,,,,META,,,,,,,,,,,,,,,,776.5562133789062,788.9470955167301,767.3877436699294,784.5773532506886,23696800.0,,,,,,,,,,,,,,,,,,,,,,,,,
2025-09-22,,,,,,META,,,,,,,,,,,,,,,,763.8824462890625,784.4181095052566,763.1935958899483,780.5445827585347,11706900.0,,,,,,,,,,,,,,,,,,,,,,,,,
2025-09-23,,,,,,META,,,,,,,,,,,,,,,,754.1387329101562,769.3133047218867,749.815945650324,767.9655831903335,10872600.0,,,,,,,,,,,,,,,,,,,,,,,,,
2025-09-24,,,,,,META,,,,,,,,,,,,,,,,759.3899536132812,759.8392144671293,751.2735837511626,756.2352564498105,8828200.0,,,,,,,,,,,,,,,,,,,,,,,,,
2025-09-25,,,,,,META,,,,,,,,,,,,,,,,747.6595458984375,755.5064686568031,743.3068402529434,752.1920046258563,10591100.0,,,,,,,,,,,,,,,,,,,,,,,,,
2025-09-26,,,,,,META,,,,,,,,,,,,,,,,742.5081787109375,750.6745134518627,736.1188402620083,748.7477432379202,9696300.0,,,,,,,,,,,,,,,,,,,,,,,,,
2025-09-29,,,,,,META,,,,,,,,,,,,,,,,742.1587524414062,749.5264347617783,737.9158487633198,747.4698158948381,9246800.0,,,,,,,,,,,,,,,,,,,,,,,,,
2025-09-30,,,,,,META,,,,,,,,,,,,,,,,733.1538696289062,741.7294934738761,725.087343094007,741.0107248479524,16226800.0,,,,,,,,,,,,,,,,,,,,,,,,,
2025-10-01,,,,,,META,,,,,,,,,,,,,,,,716.1422729492188,720.6446913474787,709.0141800953496,720.28530706911,20419600.0,,,,,,,,,,,,,,,,,,,,,,,,,
2025-10-02,,,,,,META,,,,,,,,,,,,,,,,725.8360595703125,726.5548890984803,716.9409630753169,721.3735522103992,11415300.0,,,,,,,,,,,,,,,,,,,,,,,,,
2025-10-03,,,,,,META,,,,,,,,,,,,,,,,709.3735961914062,729.7794705550638,708.9942257916973,728.4117628788885,16154300.0,,,,,,,,,,,,,,,,,,,,,,,,,
2025-10-06,,,,,,META,,,,,,,,,,,,,,,,714.465087890625,715.6830826309072,689.3571155710283,704.0125981338592,21654700.0,,,,,,,,,,,,,,,,,,,,,,,,,
2025-10-07,,,,,,META,,,,,,,,,,,,,,,,711.889404296875,717.3003375901077,704.5716259627259,716.5216106896504,12062900.0,,,,,,,,,,,,,,,,,,,,,,,,,
2025-10-08,,,,,,META,,,,,,,,,,,,,,,,716.6414794921875,718.4484549738279,706.6281969142439,712.2587946669486,10790600.0,,,,,,,,,,,,,,,,,,,,,,,,,
2025-10-09,,,,,,META,,,,,,,,,,,,,,,,732.2852783203125,732.2852783203125,711.2504512938121,717.0807271377935,12717200.0,,,,,,,,,,,,,,,,,,,,,,,,,
2025-10-10,,,,,,META,,,,,,,,,,,,,,,,704.1223754882812,734.0423674154782,703.333716456913,729.6995938834806,16980100.0,,,,,,,,,,,,,,,,,,,,,,,,,
2025-10-13,,,,,,META,,,,,,,,,,,,,,,,714.5050048828125,718.7379155876384,706.4584651360833,711.8194939498104,9251800.0,,,,,,,,,,,,,,,,,,,,,,,,,
2025-10-14,,,,,,META,,,,,,,,,,,,,,,,707.466796875,714.3552394376962,698.1623510959027,706.598254382022,8829800.0,,,,,,,,,,,,,,,,,,,,,,,,,
2025-10-15,,,,,,META,,,,,,,,,,,,,,,,716.3519287109375,722.6913629779451,708.3253746524584,715.8627565899488,10246800.0,,,,,,,,,,,,,,,,,,,,,,,,,
2025-10-16,,,,,,META,,,,,,,,,,,,,,,,710.881103515625,724.2786798244232,702.7047754671785,716.3519343648386,9017000.0,,,,,,,,,,,,,,,,,,,,,,,,,
2025-10-17,,,,,,META,,,,,,,,,,,,,,,,715.7229614257812,717.3402516818879,704.9410060739878,705.8994251244851,12232400.0,,,,,,,,,,,,,,,,,,,,,,,,,
2025-10-20,,,,,,META,,,,,,,,,,,,,,,,730.947509765625,732.5448748734839,718.9775387090459,719.9858621042338,8900200.0,,,,,,,,,,,,,,,,,,,,,,,,,
2025-10-21,,,,,,META,,,,,,,,,,,,,,,,732.0457153320312,737.2669635645257,727.5332426508437,734.7911237948646,7647300.0,,,,,,,,,,,,,,,,,,,,,,,,,
2025-10-22,,,,,,META,,,,,,,,,,,,,,,,732.1854248046875,739.3634223567747,722.8211423130082,732.6047674176828,8734500.0,,,,,,,,,,,,,,,,,,,,,,,,,
2025-10-23,,,,,,META,,,,,,,,,,,,,,,,732.7744750976562,741.170406509876,731.8759534115667,733.4733185275871,9856000.0,,,,,,,,,,,,,,,,,,,,,,,,,
2025-10-24,,,,,,META,,,,,,,,,,,,,,,,737.127197265625,739.9724753796752,729.9292742962166,735.5598112729552,9151300.0,,,,,,,,,,,,,,,,,,,,,,,,,
2025-10-27,,,,,,META,,,,,,,,,,,,,,,,749.5663452148438,754.4881061640369,746.7610395763271,748.4781384032651,11321100.0,,,,,,,,,,,,,,,,,,,,,,,,,
2025-10-28,,,,,,META,,,,,,,,,,,,,,,,750.1853637695312,757.1337649704751,744.2752651341964,751.3733793283152,12193800.0,,,,,,,,,,,,,,,,,,,,,,,,,
2025-10-29,,,,,,META,,,,,,,,,,,,,,,,750.4149169921875,757.8924011644837,741.2702382858599,753.4897913670577,26818600.0,,,,,,,,,,,,,,,,,,,,,,,,,
2025-10-30,,,,,,META,,,,,,,,,,,,,,,,665.3572387695312,679.8230975870755,649.08446528138,668.0328178882455,88440100.0,,,,,,,,,,,,,,,,,,,,,,,,,
2025-10-31,,,,,,META,,,,,,,,,,,,,,,,647.2674560546875,673.7631824593219,644.4921293755289,673.383812052831,56953200.0,,,,,,,,,,,,,,,,,,,,,,,,,
2025-11-03,,,,,,META,,,,,,,,,,,,,,,,636.645263671875,658.2291607688485,635.1177890022415,654.90470367213,33003600.0,,,,,,,,,,,,,,,,,,,,,,,,,
2025-11-04,,,,,,META,,,,,,,,,,,,,,,,626.2725830078125,640.6684891460408,624.9647727272926,626.9913515895119,27356600.0,,,,,,,,,,,,,,,,,,,,,,,,,
2025-11-05,,,,,,META,,,,,,,,,,,,,,,,634.88818359375,641.1576663615418,625.4938610947797,631.2542465797685,20219900.0,,,,,,,,,,,,,,,,,,,,,,,,,
2025-11-06,,,,,,META,,,,,,,,,,,,,,,,617.9065551757812,634.938067569805,616.9681222612256,634.7882936522686,23628800.0,,,,,,,,,,,,,,,,,,,,,,,,,
2025-11-07,,,,,,META,,,,,,,,,,,,,,,,620.6719360351562,621.0912176885568,600.1961723842201,615.4606203242017,29946800.0,,,,,,,,,,,,,,,,,,,,,,,,,
2025-11-10,,,,,,META,,,,,,,,,,,,,,,,630.7052001953125,633.9397808237388,617.077966360211,630.0363359130761,19245000.0,,,,,,,,,,,,,,,,,,,,,,,,,
2025-11-11,,,,,,META,,,,,,,,,,,,,,,,626.0330200195312,628.5088598168925,618.3558571038752,626.9514668906089,13302200.0,,,,,,,,,,,,,,,,,,,,,,,,,
2025-11-12,,,,,,META,,,,,,,,,,,,,,,,607.9931640625,627.939784558569,606.7552442025384,627.0812350986922,24493300.0,,,,,,,,,,,,,,,,,,,,,,,,,
2025-11-13,,,,,,META,,,,,,,,,,,,,,,,608.8717041015625,616.6187572691151,601.993193452889,612.0463872625083,20973800.0,,,,,,,,,,,,,,,,,,,,,,,,,
2025-11-14,,,,,,META,,,,,,,,,,,,,,,,608.4424438476562,612.6553687237855,594.2062431482154,600.7852061056304,20724100.0,,,,,,,,,,,,,,,,,,,,,,,,,
2025-11-17,,,,,,META,,,,,,,,,,,,,,,,601.0048217773438,610.6686515784111,594.4058732487083,608.0230519623859,16501300.0,,,,,,,,,,,,,,,,,,,,,,,,,
2025-11-18,,,,,,META,,,,,,,,,,,,,,,,596.6920776367188,602.6520806612418,582.8053290854997,590.612218909938,25500600.0,,,,,,,,,,,,,,,,,,,,,,,,,
2025-11-19,,,,,,META,,,,,,,,,,,,,,,,589.3343505859375,594.3359951431619,580.2794874440681,592.7286370493186,24744700.0,,,,,,,,,,,,,,,,,,,,,,,,,
2025-11-20,,,,,,META,,,,,,,,,,,,,,,,588.1663208007812,605.706930555967,582.375956312388,602.4923362369276,20603000.0,,,,,,,,,,,,,,,,,,,,,,,,,
2025-11-21,,,,,,META,,,,,,,,,,,,,,,,593.2578125,597.1213460929463,580.88848479756,587.517412968027,21052600.0,,,,,,,,,,,,,,,,,,,,,,,,,
2025-11-24,,,,,,META,,,,,,,,,,,,,,,,612.0264282226562,615.6703584886146,596.6321908004635,597.7203367937327,23554900.0,,,,,,,,,,,,,,,,,,,,,,,,,
2025-11-25,,,,,,META,,,,,,,,,,,,,,,,635.1576538085938,635.9862849922763,617.2675924687619,622.9580871825591,25213000.0,,,,,,,,,,,,,,,,,,,,,,,,,
2025-11-26,,,,,,META,,,,,,,,,,,,,,,,632.5520629882812,637.2941320349476,630.5753884422047,636.6252677780955,15209500.0,,,,,,,,,,,,,,,,,,,,,,,,,
2025-11-28,,,,,,META,,,,,,,,,,,,,,,,646.8681640625,646.9679727244463,634.4389389877349,635.0179876534709,11033200.0,,,,,,,,,,,,,,,,,,,,,,,,,
2025-12-01,,,,,,META,,,,,,,,,,,,,,,,639.7999267578125,644.242508725797,636.6951341862962,638.4821234657416,13029900.0,,,,,,,,,,,,,,,,,,,,,,,,,
2025-12-02,,,,,,META,,,,,,,,,,,,,,,,646.01953125,646.7882651016448,637.0046400682228,641.2675300698932,11640900.0,,,,,,,,,,,,,,,,,,,,,,,,,
2025-12-03,,,,,,META,,,,,,,,,,,,,,,,638.5320434570312,647.7665988470103,636.4854785031988,643.3340098224904,11134300.0,,,,,,,,,,,,,,,,,,,,,,,,,
2025-12-04,,,,,,META,,,,,,,,,,,,,,,,660.425537109375,674.9711573797597,658.9479666864565,674.87134871331,29874600.0,,,,,,,,,,,,,,,,,,,,,,,,,
2025-12-05,,,,,,META,,,,,,,,,,,,,,,,672.2955932617188,673.5634922785046,661.2840414153883,662.8913386215002,21207900.0,,,,,,,,,,,,,,,,,,,,,,,,,
2025-12-08,,,,,,META,,,,,,,,,,,,,,,,665.6866455078125,675.5801331063639,663.9595535520253,668.2224435191038,13161000.0,,,,,,,,,,,,,,,,,,,,,,,,,
2025-12-09,,,,,,META,,,,,,,,,,,,,,,,655.8631591796875,663.3705623262879,652.2492080192432,662.6617867420982,12997100.0,,,,,,,,,,,,,,,,,,,,,,,,,
2025-12-10,,,,,,META,,,,,,,,,,,,,,,,649.0444946289062,653.4171862971667,642.3257510862366,648.8648024836247,16910900.0,,,,,,,,,,,,,,,,,,,,,,,,,
2025-12-11,,,,,,META,,,,,,,,,,,,,,,,651.6201782226562,654.1858943512054,639.730030479328,642.2158631242634,13056700.0,,,,,,,,,,,,,,,,,,,,,,,,,
2025-12-12,,,,,,META,,,,,,,,,,,,,,,,643.1543579101562,709.8128965395189,637.543746077992,648.7150654102267,14016900.0,,,,,,,,,,,,,,,,,,,,,,,,,
2025-12-15,,,,,,META,,,,,,,,,,,,,,,,646.9561157226562,652.4414097008485,638.1536544261938,645.1476664750544,15549100.0,,,,,,,,,,,,,,,,,,,,,,,,,
2025-12-16,,,,,,META,,,,,,,,,,,,,,,,656.587890625,661.973233609148,642.6498114209788,642.9495426008936,14309100.0,,,,,,,,,,,,,,,,,,,,,,,,,
2025-12-17,,,,,,META,,,,,,,,,,,,,,,,648.9443969726562,660.664343241777,648.644665798819,655.0491556477624,15598500.0,,,,,,,,,,,,,,,,,,,,,,,,,
2025-12-18,,,,,,META,,,,,,,,,,,,,,,,663.881591796875,669.9863502083882,655.8984367998282,656.4679564970005,20260300.0,,,,,,,,,,,,,,,,,,,,,,,,,
2025-12-19,,,,,,META,,,,,,,,,,,,,,,,658.2064819335938,670.4260003995075,657.6169598101359,665.8499012351181,49977100.0,,,,,,,,,,,,,,,,,,,,,,,,,
2025-12-22,,,,,,META,,,,,,,,,,,,,,,,660.9341430664062,673.0038267300547,656.0883162216827,661.0840391473547,15659400.0,,,,,,,,,,,,,,,,,,,,,,,,,
2025-12-23,,,,,,META,,,,,,,,,,,,,,,,664.3711547851562,665.4302455294139,657.6868755551602,659.4853234816244,8486800.0,,,,,,,,,,,,,,,,,,,,,,,,,
2025-12-24,,,,,,META,,,,,,,,,,,,,,,,666.9789428710938,667.6084088263418,661.633543835896,661.9632786179176,5627500.0,,,,,,,,,,,,,,,,,,,,,,,,,
2025-12-26,,,,,,META,,,,,,,,,,,,,,,,662.7225952148438,668.3777877623371,660.7543096382171,667.4885344385556,7133800.0,,,,,,,,,,,,,,,,,,,,,,,,,
2025-12-29,,,,,,META,,,,,,,,,,,,,,,,658.1265258789062,659.6851889371151,653.8302165118,657.4471149030659,8506500.0,,,,,,,,,,,,,,,,,,,,,,,,,
2025-12-30,,,,,,META,,,,,,,,,,,,,,,,665.3803100585938,671.6449047754843,657.2772625792347,658.1265110341435,9187500.0,,,,,,,,,,,,,,,,,,,,,,,,,
2025-12-31,,,,,,META,,,,,,,,,,,,,,,,659.5253295898438,664.4311023248911,658.8758612620638,664.1813161961976,7940400.0,,,,,,,,,,,,,,,,,,,,,,,,,
2026-01-02,,,,,,META,,,,,,,,,,,,,,,,649.8535766601562,663.8216588672108,642.9495146869224,662.1630447721155,13726500.0,,,,,,,,,,,,,,,,,,,,,,,,,
2026-01-05,,,,,,META,,,,,,,,,,,,,,,,658.2264404296875,663.9715218041853,647.1959061445123,650.4531272549772,12213700.0,,,,,,,,,,,,,,,,,,,,,,,,,
2026-01-06,,,,,,META,,,,,,,,,,,,,,,,660.0548706054688,664.9507033148827,651.3423593634897,659.0057810200069,11074400.0,,,,,,,,,,,,,,,,,,,,,,,,,
2026-01-07,,,,,,META,,,,,,,,,,,,,,,,648.1350708007812,658.5861445899717,644.2583851266311,655.0791375151089,12846300.0,,,,,,,,,,,,,,,,,,,,,,,,,
2026-01-08,,,,,,META,,,,,,,,,,,,,,,,645.50732421875,646.5464125947736,635.1761427603,645.3274855180696,11921700.0,,,,,,,,,,,,,,,,,,,,,,,,,
2026-01-09,,,,,,META,,,,,,,,,,,,,,,,652.5013427734375,654.3897406244424,642.3000548798136,644.8878661181845,11634900.0,,,,,,,,,,,,,,,,,,,,,,,,,
2026-01-12,,,,,,META,,,,,,,,,,,,,,,,641.4207763671875,653.4105105723186,640.6814191818085,651.9718010113269,14797200.0,,,,,,,,,,,,,,,,,,,,,,,,,
2026-01-13,,,,,,META,,,,,,,,,,,,,,,,630.5501708984375,641.720599826752,623.5660991574318,641.720599826752,18030400.0,,,,,,,,,,,,,,,,,,,,,,,,,
2026-01-14,,,,,,META,,,,,,,,,,,,,,,,614.9934692382812,627.9124008742662,614.2940558608916,625.9640568168747,15527900.0,,,,,,,,,,,,,,,,,,,,,,,,,
2026-01-15,,,,,,META,,,,,,,,,,,,,,,,620.2689208984375,623.6360331340583,613.7045339245012,617.9508982377323,13076100.0,,,,,,,,,,,,,,,,,,,,,,,,,
2026-01-16,,,,,,META,,,,,,,,,,,,,,,,619.7194213867188,628.5418850412981,619.5495838845379,623.6460522405506,17012500.0,,,,,,,,,,,,,,,,,,,,,,,,,
2026-01-20,,,,,,META,,,,,,,,,,,,,,,,603.6032104492188,610.8770121629093,599.4867397151437,607.3600037753715,15169600.0,,,,,,,,,,,,,,,,,,,,,,,,,
2026-01-21,,,,,,META,,,,,,,,,,,,,,,,612.4356689453125,617.7411240978843,599.5666821865381,606.2209580964126,14494700.0,,,,,,,,,,,,,,,,,,,,,,,,,
2026-01-22,,,,,,META,,,,,,,,,,,,,,,,647.0759887695312,660.0049216653568,626.0140046136898,628.811597152667,21394700.0,,,,,,,,,,,,,,,,,,,,,,,,,
2026-01-23,,,,,,META,,,,,,,,,,,,,,,,658.1964721679688,665.9198400091174,643.8987161260534,644.2184496993522,22797700.0,,,,,,,,,,,,,,,,,,,,,,,,,
2026-01-26,,,,,,META,,,,,,,,,,,,,,,,671.7847900390625,674.7023359243682,660.7242529636108,664.5609947255355,16327400.0,,,,,,,,,,,,,,,,,,,,,,,,,
2026-01-27,,,,,,META,,,,,,,,,,,,,,,,672.394287109375,676.2410302656567,664.0913982323968,674.0129574053085,13297400.0,,,,,,,,,,,,,,,,,,,,,,,,,
2026-01-28,,,,,,META,,,,,,,,,,,,,,,,668.1578979492188,677.1002536346601,665.5301429727417,673.9229813666298,25709600.0,,,,,,,,,,,,,,,,,,,,,,,,,
2026-01-29,,,,,,META,,,,,,,,,,,,,,,,737.6784057617188,743.363540655783,711.9404325537852,736.7991536844581,59852900.0,,,,,,,,,,,,,,,,,,,,,,,,,
2026-01-30,,,,,,META,,,,,,,,,,,,,,,,715.8870849609375,731.5436633097714,712.9796010924755,726.8776752394725,23744600.0,,,,,,,,,,,,,,,,,,,,,,,,,
2026-02-02,,,,,,META,,,,,,,,,,,,,,,,705.8056640625,720.6829408229889,702.9181827036907,713.9886602426056,14365200.0,,,,,,,,,,,,,,,,,,,,,,,,,
2026-02-03,,,,,,META,,,,,,,,,,,,,,,,691.1082763671875,716.3866205151361,685.8227628297016,706.7648539132639,13760700.0,,,,,,,,,,,,,,,,,,,,,,,,,
2026-02-04,,,,,,META,,,,,,,,,,,,,,,,668.417724609375,688.2407799622291,666.8890651090074,687.1416843315144,16882800.0,,,,,,,,,,,,,,,,,,,,,,,,,
2026-02-05,,,,,,META,,,,,,,,,,,,,,,,669.63671875,680.9170392363125,652.9409906690098,663.0123852284637,17131800.0,,,,,,,,,,,,,,,,,,,,,,,,,
2026-02-06,,,,,,META,,,,,,,,,,,,,,,,660.8941650390625,671.4151252649915,645.9469408650316,664.920685797671,18159300.0,,,,,,,,,,,,,,,,,,,,,,,,,
2026-02-09,,,,,,META,,,,,,,,,,,,,,,,676.640625,682.7254419812133,658.2164585284562,662.6126578425271,14837500.0,,,,,,,,,,,,,,,,,,,,,,,,,
2026-02-10,,,,,,META,,,,,,,,,,,,,,,,670.1461791992188,680.0677378888336,669.216982119095,677.0202983345941,10455800.0,,,,,,,,,,,,,,,,,,,,,,,,,
2026-02-11,,,,,,META,,,,,,,,,,,,,,,,668.1179809570312,678.6889475196376,656.5378686274887,673.4234361526849,14323800.0,,,,,,,,,,,,,,,,,,,,,,,,,
2026-02-12,,,,,,META,,,,,,,,,,,,,,,,649.254150390625,675.421749916193,644.7280570616384,669.3968787035581,14960100.0,,,,,,,,,,,,,,,,,,,,,,,,,
2026-02-13,,,,,,META,,,,,,,,,,,,,,,,639.2227172851562,650.872715705495,634.0271535178357,644.5481137374378,12336400.0,,,,,,,,,,,,,,,,,,,,,,,,,
2026-02-17,,,,,,META,,,,,,,,,,,,,,,,638.7431030273438,642.0502690775812,628.2620863630333,638.952945338547,12674700.0,,,,,,,,,,,,,,,,,,,,,,,,,
2026-02-18,,,,,,META,,,,,,,,,,,,,,,,642.6697387695312,644.4482453696517,627.6126838179015,633.2578140286595,14649200.0,,,,,,,,,,,,,,,,,,,,,,,,,
2026-02-19,,,,,,META,,,,,,,,,,,,,,,,644.2284545898438,646.6363661317032,636.1752909436037,638.0237449576674,10035700.0,,,,,,,,,,,,,,,,,,,,,,,,,
2026-02-20,,,,,,META,,,,,,,,,,,,,,,,655.09912109375,662.7825455010891,638.2336163631846,639.1428111159805,14183500.0,,,,,,,,,,,,,,,,,,,,,,,,,
2026-02-23,,,,,,META,,,,,,,,,,,,,,,,636.7048950195312,657.1374142434245,635.455964272141,651.9817939677475,8605900.0,,,,,,,,,,,,,,,,,,,,,,,,,
2026-02-24,,,,,,META,,,,,,,,,,,,,,,,638.7531127929688,640.5615620292823,628.4419334902003,632.5384628258726,10135600.0,,,,,,,,,,,,,,,,,,,,,,,,,
2026-02-25,,,,,,META,,,,,,,,,,,,,,,,653.1307983398438,653.3206382422114,641.5906910720822,641.9803720795121,11330700.0,,,,,,,,,,,,,,,,,,,,,,,,,
2026-02-26,,,,,,META,,,,,,,,,,,,,,,,656.447998046875,660.4345752110744,646.9461232211356,649.9935020296807,10637700.0,,,,,,,,,,,,,,,,,,,,,,,,,
2026-02-27,,,,,,META,,,,,,,,,,,,,,,,647.62548828125,648.8844201349368,637.5740968396581,642.8995542116262,15703000.0,,,,,,,,,,,,,,,,,,,,,,,,,
2026-03-02,,,,,,META,,,,,,,,,,,,,,,,653.0009155273438,659.3754626922687,633.9572226725116,636.6149203669017,9816100.0,,,,,,,,,,,,,,,,,,,,,,,,,
2026-03-03,,,,,,META,,,,,,,,,,,,,,,,654.5196533203125,658.4762268569145,638.293554979916,647.7354225434952,12263800.0,,,,,,,,,,,,,,,,,,,,,,,,,
2026-03-04,,,,,,META,,,,,,,,,,,,,,,,667.1587524414062,672.1944798634893,657.1073609851721,657.397151925757,10810100.0,,,,,,,,,,,,,,,,,,,,,,,,,
2026-03-05,,,,,,META,,,,,,,,,,,,,,,,660.0049438476562,670.1262833419206,649.7537106790966,661.363765843265,13341400.0,,,,,,,,,,,,,,,,,,,,,,,,,
2026-03-06,,,,,,META,,,,,,,,,,,,,,,,644.308349609375,648.9143914185428,635.5658346648192,647.3457881163396,13159400.0,,,,,,,,,,,,,,,,,,,,,,,,,
2026-03-09,,,,,,META,,,,,,,,,,,,,,,,646.836181640625,647.195859029807,626.2438278402449,634.2369839533108,13489700.0,,,,,,,,,,,,,,,,,,,,,,,,,
2026-03-10,,,,,,META,,,,,,,,,,,,,,,,653.510498046875,659.7351492208539,648.444827744844,653.0009245574777,9859300.0,,,,,,,,,,,,,,,,,,,,,,,,,
2026-03-11,,,,,,META,,,,,,,,,,,,,,,,654.2998046875,658.5561703533895,647.8053649208291,654.1999146227295,8977200.0,,,,,,,,,,,,,,,,,,,,,,,,,
2026-03-12,,,,,,META,,,,,,,,,,,,,,,,637.6340942382812,652.9409968457168,636.355220859953,648.1950599902964,11617500.0,,,,,,,,,,,,,,,,,,,,,,,,,
2026-03-13,,,,,,META,,,,,,,,,,,,,,,,613.1849975585938,628.6317326131165,609.0285222575777,623.3562813254467,18957600.0,,,,,,,,,,,,,,,,,,,,,,,,,
2026-03-16,,,,,,META,,,,,,,,,,,,,,,,627.4500122070312,634.75,623.0999755859375,632.0,15134900.0,,,,,,,,,,,,,,,,,,,,,,,,,
2026-03-17,,,,,,META,,,,,,,,,,,,,,,,622.6599731445312,636.5499877929688,621.7000122070312,627.989990234375,10348800.0,,,,,,,,,,,,,,,,,,,,,,,,,
2026-03-18,,,,,,META,,,,,,,,,,,,,,,,615.6799926757812,622.6500244140625,614.6099853515625,616.3400268554688,11726300.0,,,,,,,,,,,,,,,,,,,,,,,,,
2026-03-19,,,,,,META,,,,,,,,,,,,,,,,606.7000122070312,613.0,602.260009765625,612.1500244140625,13247700.0,,,,,,,,,,,,,,,,,,,,,,,,,
2026-03-20,,,,,,META,,,,,,,,,,,,,,,,593.6599731445312,603.9600219726562,587.25,603.530029296875,21214900.0,,,,,,,,,,,,,,,,,,,,,,,,,
2026-03-23,,,,,,META,,,,,,,,,,,,,,,,604.0599975585938,608.6400146484375,599.010009765625,605.7899780273438,13638000.0,,,,,,,,,,,,,,,,,,,,,,,,,
2026-03-24,,,,,,META,,,,,,,,,,,,,,,,592.9199829101562,601.0,591.0,599.0999755859375,10739700.0,,,,,,,,,,,,,,,,,,,,,,,,,
2026-03-25,,,,,,META,,,,,,,,,,,,,,,,594.8900146484375,603.6699829101562,593.4000244140625,598.739990234375,12585000.0,,,,,,,,,,,,,,,,,,,,,,,,,
2026-03-26,,,,,,META,,,,,,,,,,,,,,,,547.5399780273438,583.0,543.3499755859375,582.489990234375,35780100.0,,,,,,,,,,,,,,,,,,,,,,,,,
2026-03-27,,,,,,META,,,,,,,,,,,,,,,,525.719970703125,543.5999755859375,520.260009765625,540.0999755859375,30133000.0,,,,,,,,,,,,,,,,,,,,,,,,,
2026-03-30,,,,,,META,,,,,,,,,,,,,,,,536.3800048828125,539.5499877929688,528.5399780273438,536.3800048828125,22795200.0,,,,,,,,,,,,,,,,,,,,,,,,,
2026-03-31,,,,,,META,,,,,,,,,,,,,,,,572.1300048828125,573.6900024414062,546.77001953125,549.97998046875,32898300.0,,,,,,,,,,,,,,,,,,,,,,,,,
2026-04-01,,,,,,META,,,,,,,,,,,,,,,,579.22998046875,592.5499877929688,573.8200073242188,580.1300048828125,23608100.0,,,,,,,,,,,,,,,,,,,,,,,,,
2026-04-02,,,,,,META,,,,,,,,,,,,,,,,574.4600219726562,578.5,559.7000122070312,566.0399780273438,13518500.0,,,,,,,,,,,,,,,,,,,,,,,,,
2026-04-06,,,,,,META,,,,,,,,,,,,,,,,573.02001953125,582.7899780273438,572.0,577.6900024414062,9515700.0,,,,,,,,,,,,,,,,,,,,,,,,,
2026-04-07,,,,,,META,,,,,,,,,,,,,,,,575.0499877929688,575.22998046875,564.760009765625,572.47998046875,9580800.0,,,,,,,,,,,,,,,,,,,,,,,,,
2026-04-08,,,,,,META,,,,,,,,,,,,,,,,612.4199829101562,629.9500122070312,591.8300170898438,606.0,32036600.0,,,,,,,,,,,,,,,,,,,,,,,,,
2026-04-09,,,,,,META,,,,,,,,,,,,,,,,628.3900146484375,637.5,623.0,626.969970703125,19012900.0,,,,,,,,,,,,,,,,,,,,,,,,,
2026-04-10,,,,,,META,,,,,,,,,,,,,,,,629.8599853515625,638.5800170898438,624.3300170898438,634.469970703125,13294800.0,,,,,,,,,,,,,,,,,,,,,,,,,
2026-04-13,,,,,,META,,,,,,,,,,,,,,,,634.530029296875,635.0,624.4000244140625,629.5,9538900.0,,,,,,,,,,,,,,,,,,,,,,,,,
2026-04-14,,,,,,META,,,,,,,,,,,,,,,,662.489990234375,666.260009765625,639.3699951171875,643.219970703125,17818000.0,,,,,,,,,,,,,,,,,,,,,,,,,
2026-04-15,,,,,,META,,,,,,,,,,,,,,,,671.5800170898438,678.5,664.219970703125,667.0,14952600.0,,,,,,,,,,,,,,,,,,,,,,,,,
2026-04-16,,,,,,META,,,,,,,,,,,,,,,,676.8699951171875,677.5800170898438,667.75,675.989990234375,9544800.0,,,,,,,,,,,,,,,,,,,,,,,,,
2026-04-17,,,,,,META,,,,,,,,,,,,,,,,688.5499877929688,691.52001953125,675.1300048828125,678.5999755859375,16283500.0,,,,,,,,,,,,,,,,,,,,,,,,,
2026-04-20,,,,,,META,,,,,,,,,,,,,,,,670.9099731445312,683.3800048828125,668.0,681.3599853515625,12534000.0,,,,,,,,,,,,,,,,,,,,,,,,,
2026-04-21,,,,,,META,,,,,,,,,,,,,,,,668.8400268554688,676.2000122070312,667.3300170898438,671.0,8660100.0,,,,,,,,,,,,,,,,,,,,,,,,,
2026-04-22,,,,,,META,,,,,,,,,,,,,,,,674.719970703125,678.3800048828125,669.75,674.3599853515625,9215600.0,,,,,,,,,,,,,,,,,,,,,,,,,
2026-04-23,,,,,,META,,,,,,,,,,,,,,,,659.1500244140625,669.5599975585938,653.0499877929688,663.7000122070312,11667000.0,,,,,,,,,,,,,,,,,,,,,,,,,
2026-04-24,,,,,,META,,,,,,,,,,,,,,,,675.030029296875,680.6699829101562,653.8400268554688,660.3200073242188,13348300.0,,,,,,,,,,,,,,,,,,,,,,,,,
2026-04-27,,,,,,META,,,,,,,,,,,,,,,,678.6199951171875,682.5,670.8400268554688,671.0,12805200.0,,,,,,,,,,,,,,,,,,,,,,,,,
2026-04-28,,,,,,META,,,,,,,,,,,,,,,,671.3400268554688,678.1799926757812,665.6300048828125,674.239990234375,10606800.0,,,,,,,,,,,,,,,,,,,,,,,,,
2026-04-29,,,,,,META,,,,,,,,,,,,,,,,669.1199951171875,674.25,663.8099975585938,668.9099731445312,18947500.0,,,,,,,,,,,,,,,,,,,,,,,,,
2026-04-30,,,,,,META,,,,,,,,,,,,,,,,611.9099731445312,620.8499755859375,600.0,619.3200073242188,52765000.0,,,,,,,,,,,,,,,,,,,,,,,,,
2026-05-01,,,,,,META,,,,,,,,,,,,,,,,608.75,618.8800048828125,606.1099853515625,614.6900024414062,21404000.0,,,,,,,,,,,,,,,,,,,,,,,,,
2026-05-04,,,,,,META,,,,,,,,,,,,,,,,610.4099731445312,614.0,602.75,607.9400024414062,16203900.0,,,,,,,,,,,,,,,,,,,,,,,,,
2026-05-05,,,,,,META,,,,,,,,,,,,,,,,604.9600219726562,614.3499755859375,600.3599853515625,613.3099975585938,17171300.0,,,,,,,,,,,,,,,,,,,,,,,,,
2026-05-06,,,,,,META,,,,,,,,,,,,,,,,612.8800048828125,619.9500122070312,598.0999755859375,601.0499877929688,19915500.0,,,,,,,,,,,,,,,,,,,,,,,,,
2026-05-07,,,,,,META,,,,,,,,,,,,,,,,616.8099975585938,624.97998046875,613.5399780273438,614.719970703125,12307400.0,,,,,,,,,,,,,,,,,,,,,,,,,
2026-05-08,,,,,,META,,,,,,,,,,,,,,,,609.6300048828125,616.77001953125,606.0599975585938,615.2000122070312,13557000.0,,,,,,,,,,,,,,,,,,,,,,,,,
2026-05-11,,,,,,META,,,,,,,,,,,,,,,,598.8599853515625,604.9099731445312,598.0800170898438,604.5700073242188,15940600.0,,,,,,,,,,,,,,,,,,,,,,,,,
2026-05-12,,,,,,META,,,,,,,,,,,,,,,,603.0,603.75,592.5999755859375,594.8200073242188,11351600.0,,,,,,,,,,,,,,,,,,,,,,,,,
2026-05-13,,,,,,META,,,,,,,,,,,,,,,,616.6300048828125,619.9000244140625,596.6599731445312,598.8300170898438,14634400.0,,,,,,,,,,,,,,,,,,,,,,,,,
2026-05-14,,,,,,META,,,,,,,,,,,,,,,,618.4299926757812,623.72998046875,615.0,616.125,10031286.0,,,,,,,,,,,,,,,,,,,,,,,,,
2025-05-15,,,,,,TSLA,,,,,,,,,,,,,,,,,,,,,342.82000732421875,346.1400146484375,334.7200012207031,340.3399963378906,97882600.0,,,,,,,,,,,,,,,,,,,,
2025-05-16,,,,,,TSLA,,,,,,,,,,,,,,,,,,,,,349.9800109863281,351.6199951171875,342.3299865722656,346.239990234375,95895700.0,,,,,,,,,,,,,,,,,,,,
2025-05-19,,,,,,TSLA,,,,,,,,,,,,,,,,,,,,,342.0899963378906,343.0,333.3699951171875,336.29998779296875,88869900.0,,,,,,,,,,,,,,,,,,,,
2025-05-20,,,,,,TSLA,,,,,,,,,,,,,,,,,,,,,343.82000732421875,354.989990234375,341.6300048828125,347.8699951171875,131715500.0,,,,,,,,,,,,,,,,,,,,
2025-05-21,,,,,,TSLA,,,,,,,,,,,,,,,,,,,,,334.6199951171875,347.3500061035156,332.20001220703125,344.42999267578125,102354800.0,,,,,,,,,,,,,,,,,,,,
2025-05-22,,,,,,TSLA,,,,,,,,,,,,,,,,,,,,,341.0400085449219,347.2699890136719,331.3900146484375,331.8999938964844,97113400.0,,,,,,,,,,,,,,,,,,,,
2025-05-23,,,,,,TSLA,,,,,,,,,,,,,,,,,,,,,339.3399963378906,343.17999267578125,333.2099914550781,337.9200134277344,84654800.0,,,,,,,,,,,,,,,,,,,,
2025-05-27,,,,,,TSLA,,,,,,,,,,,,,,,,,,,,,362.8900146484375,363.7900085449219,347.32000732421875,347.3500061035156,120146400.0,,,,,,,,,,,,,,,,,,,,
2025-05-28,,,,,,TSLA,,,,,,,,,,,,,,,,,,,,,356.8999938964844,365.0,355.9100036621094,364.8399963378906,91404300.0,,,,,,,,,,,,,,,,,,,,
2025-05-29,,,,,,TSLA,,,,,,,,,,,,,,,,,,,,,358.42999267578125,367.7099914550781,356.0,365.2900085449219,88087800.0,,,,,,,,,,,,,,,,,,,,
2025-05-30,,,,,,TSLA,,,,,,,,,,,,,,,,,,,,,346.4599914550781,363.67999267578125,345.2900085449219,355.5199890136719,123474900.0,,,,,,,,,,,,,,,,,,,,
2025-06-02,,,,,,TSLA,,,,,,,,,,,,,,,,,,,,,342.69000244140625,348.0199890136719,333.3299865722656,343.5,81873800.0,,,,,,,,,,,,,,,,,,,,
2025-06-03,,,,,,TSLA,,,,,,,,,,,,,,,,,,,,,344.2699890136719,355.3999938964844,343.0400085449219,346.6000061035156,99324500.0,,,,,,,,,,,,,,,,,,,,
2025-06-04,,,,,,TSLA,,,,,,,,,,,,,,,,,,,,,332.04998779296875,345.6000061035156,327.3299865722656,345.1000061035156,98912100.0,,,,,,,,,,,,,,,,,,,,
2025-06-05,,,,,,TSLA,,,,,,,,,,,,,,,,,,,,,284.70001220703125,324.54998779296875,273.2099914550781,322.489990234375,287499800.0,,,,,,,,,,,,,,,,,,,,
2025-06-06,,,,,,TSLA,,,,,,,,,,,,,,,,,,,,,295.1400146484375,305.5,291.1400146484375,298.8299865722656,164747700.0,,,,,,,,,,,,,,,,,,,,
2025-06-09,,,,,,TSLA,,,,,,,,,,,,,,,,,,,,,308.5799865722656,309.8299865722656,281.8500061035156,285.9599914550781,140908900.0,,,,,,,,,,,,,,,,,,,,
2025-06-10,,,,,,TSLA,,,,,,,,,,,,,,,,,,,,,326.0899963378906,327.8299865722656,310.6700134277344,314.94000244140625,151256500.0,,,,,,,,,,,,,,,,,,,,
2025-06-11,,,,,,TSLA,,,,,,,,,,,,,,,,,,,,,326.42999267578125,335.5,322.5,334.3999938964844,122611400.0,,,,,,,,,,,,,,,,,,,,
2025-06-12,,,,,,TSLA,,,,,,,,,,,,,,,,,,,,,319.1099853515625,332.55999755859375,316.8599853515625,323.0799865722656,105127500.0,,,,,,,,,,,,,,,,,,,,
2025-06-13,,,,,,TSLA,,,,,,,,,,,,,,,,,,,,,325.30999755859375,332.989990234375,313.29998779296875,313.9700012207031,128964300.0,,,,,,,,,,,,,,,,,,,,
2025-06-16,,,,,,TSLA,,,,,,,,,,,,,,,,,,,,,329.1300048828125,332.04998779296875,326.4100036621094,331.2900085449219,83925900.0,,,,,,,,,,,,,,,,,,,,
2025-06-17,,,,,,TSLA,,,,,,,,,,,,,,,,,,,,,316.3500061035156,327.260009765625,314.739990234375,326.0899963378906,88282700.0,,,,,,,,,,,,,,,,,,,,
2025-06-18,,,,,,TSLA,,,,,,,,,,,,,,,,,,,,,322.04998779296875,329.32000732421875,315.45001220703125,317.30999755859375,95137700.0,,,,,,,,,,,,,,,,,,,,
2025-06-20,,,,,,TSLA,,,,,,,,,,,,,,,,,,,,,322.1600036621094,332.3599853515625,317.7799987792969,327.95001220703125,108688000.0,,,,,,,,,,,,,,,,,,,,
2025-06-23,,,,,,TSLA,,,,,,,,,,,,,,,,,,,,,348.67999267578125,357.5400085449219,327.4800109863281,327.5400085449219,190716800.0,,,,,,,,,,,,,,,,,,,,
2025-06-24,,,,,,TSLA,,,,,,,,,,,,,,,,,,,,,340.4700012207031,356.260009765625,340.44000244140625,356.1700134277344,114736200.0,,,,,,,,,,,,,,,,,,,,
2025-06-25,,,,,,TSLA,,,,,,,,,,,,,,,,,,,,,327.54998779296875,343.0,320.3999938964844,342.70001220703125,119845100.0,,,,,,,,,,,,,,,,,,,,
2025-06-26,,,,,,TSLA,,,,,,,,,,,,,,,,,,,,,325.7799987792969,331.04998779296875,323.6099853515625,324.6099853515625,80440900.0,,,,,,,,,,,,,,,,,,,,
2025-06-27,,,,,,TSLA,,,,,,,,,,,,,,,,,,,,,323.6300048828125,329.3399963378906,317.5,324.510009765625,89067000.0,,,,,,,,,,,,,,,,,,,,
2025-06-30,,,,,,TSLA,,,,,,,,,,,,,,,,,,,,,317.6600036621094,325.5799865722656,316.6000061035156,319.8999938964844,76695100.0,,,,,,,,,,,,,,,,,,,,
2025-07-01,,,,,,TSLA,,,,,,,,,,,,,,,,,,,,,300.7099914550781,305.8900146484375,293.2099914550781,298.4599914550781,145085700.0,,,,,,,,,,,,,,,,,,,,
2025-07-02,,,,,,TSLA,,,,,,,,,,,,,,,,,,,,,315.6499938964844,316.8299865722656,303.82000732421875,312.6300048828125,119483700.0,,,,,,,,,,,,,,,,,,,,
2025-07-03,,,,,,TSLA,,,,,,,,,,,,,,,,,,,,,315.3500061035156,318.45001220703125,312.760009765625,317.989990234375,58042300.0,,,,,,,,,,,,,,,,,,,,
2025-07-07,,,,,,TSLA,,,,,,,,,,,,,,,,,,,,,293.94000244140625,296.1499938964844,288.7699890136719,291.3699951171875,131177900.0,,,,,,,,,,,,,,,,,,,,
2025-07-08,,,,,,TSLA,,,,,,,,,,,,,,,,,,,,,297.80999755859375,304.04998779296875,294.3500061035156,297.0,103246700.0,,,,,,,,,,,,,,,,,,,,
2025-07-09,,,,,,TSLA,,,,,,,,,,,,,,,,,,,,,295.8800048828125,300.1499938964844,293.54998779296875,297.54998779296875,75586800.0,,,,,,,,,,,,,,,,,,,,
2025-07-10,,,,,,TSLA,,,,,,,,,,,,,,,,,,,,,309.8699951171875,310.4800109863281,300.0,300.04998779296875,104365300.0,,,,,,,,,,,,,,,,,,,,
2025-07-11,,,,,,TSLA,,,,,,,,,,,,,,,,,,,,,313.510009765625,314.0899963378906,305.6499938964844,307.8900146484375,79236400.0,,,,,,,,,,,,,,,,,,,,
2025-07-14,,,,,,TSLA,,,,,,,,,,,,,,,,,,,,,316.8999938964844,322.6000061035156,312.6700134277344,317.7300109863281,78043400.0,,,,,,,,,,,,,,,,,,,,
2025-07-15,,,,,,TSLA,,,,,,,,,,,,,,,,,,,,,310.7799987792969,321.20001220703125,310.5,319.67999267578125,77556300.0,,,,,,,,,,,,,,,,,,,,
2025-07-16,,,,,,TSLA,,,,,,,,,,,,,,,,,,,,,321.6700134277344,323.5,312.6199951171875,312.79998779296875,97284800.0,,,,,,,,,,,,,,,,,,,,
2025-07-17,,,,,,TSLA,,,,,,,,,,,,,,,,,,,,,319.4100036621094,324.3399963378906,317.05999755859375,323.1499938964844,73922900.0,,,,,,,,,,,,,,,,,,,,
2025-07-18,,,,,,TSLA,,,,,,,,,,,,,,,,,,,,,329.6499938964844,330.8999938964844,321.4200134277344,321.6600036621094,94255000.0,,,,,,,,,,,,,,,,,,,,
2025-07-21,,,,,,TSLA,,,,,,,,,,,,,,,,,,,,,328.489990234375,338.0,326.8800048828125,334.3999938964844,75768800.0,,,,,,,,,,,,,,,,,,,,
2025-07-22,,,,,,TSLA,,,,,,,,,,,,,,,,,,,,,332.1099853515625,335.4100036621094,321.54998779296875,329.739990234375,77370400.0,,,,,,,,,,,,,,,,,,,,
2025-07-23,,,,,,TSLA,,,,,,,,,,,,,,,,,,,,,332.55999755859375,336.20001220703125,328.6700134277344,330.8999938964844,92553800.0,,,,,,,,,,,,,,,,,,,,
2025-07-24,,,,,,TSLA,,,,,,,,,,,,,,,,,,,,,305.29998779296875,310.1499938964844,300.4100036621094,310.0,156966000.0,,,,,,,,,,,,,,,,,,,,
2025-07-25,,,,,,TSLA,,,,,,,,,,,,,,,,,,,,,316.05999755859375,323.6300048828125,308.010009765625,308.739990234375,148227000.0,,,,,,,,,,,,,,,,,,,,
2025-07-28,,,,,,TSLA,,,,,,,,,,,,,,,,,,,,,325.5899963378906,330.489990234375,315.69000244140625,318.45001220703125,112673800.0,,,,,,,,,,,,,,,,,,,,
2025-07-29,,,,,,TSLA,,,,,,,,,,,,,,,,,,,,,321.20001220703125,326.25,318.25,325.54998779296875,87358900.0,,,,,,,,,,,,,,,,,,,,
2025-07-30,,,,,,TSLA,,,,,,,,,,,,,,,,,,,,,319.0400085449219,324.45001220703125,311.6199951171875,322.17999267578125,83931900.0,,,,,,,,,,,,,,,,,,,,
2025-07-31,,,,,,TSLA,,,,,,,,,,,,,,,,,,,,,308.2699890136719,321.3699951171875,306.1000061035156,319.6099853515625,85270900.0,,,,,,,,,,,,,,,,,,,,
2025-08-01,,,,,,TSLA,,,,,,,,,,,,,,,,,,,,,302.6300048828125,309.30999755859375,297.82000732421875,306.2099914550781,89121400.0,,,,,,,,,,,,,,,,,,,,
2025-08-04,,,,,,TSLA,,,,,,,,,,,,,,,,,,,,,309.260009765625,312.1199951171875,303.0,309.0799865722656,78683900.0,,,,,,,,,,,,,,,,,,,,
2025-08-05,,,,,,TSLA,,,,,,,,,,,,,,,,,,,,,308.7200012207031,312.45001220703125,305.5,308.95001220703125,57961300.0,,,,,,,,,,,,,,,,,,,,
2025-08-06,,,,,,TSLA,,,,,,,,,,,,,,,,,,,,,319.9100036621094,320.4700012207031,306.92999267578125,307.8900146484375,78523600.0,,,,,,,,,,,,,,,,,,,,
2025-08-07,,,,,,TSLA,,,,,,,,,,,,,,,,,,,,,322.2699890136719,322.3999938964844,316.1600036621094,319.7900085449219,66658700.0,,,,,,,,,,,,,,,,,,,,
2025-08-08,,,,,,TSLA,,,,,,,,,,,,,,,,,,,,,329.6499938964844,335.1499938964844,320.9800109863281,321.42999267578125,91200300.0,,,,,,,,,,,,,,,,,,,,
2025-08-11,,,,,,TSLA,,,,,,,,,,,,,,,,,,,,,339.0299987792969,346.6400146484375,334.1499938964844,335.0,105320200.0,,,,,,,,,,,,,,,,,,,,
2025-08-12,,,,,,TSLA,,,,,,,,,,,,,,,,,,,,,340.8399963378906,345.260009765625,332.94000244140625,345.0,80522100.0,,,,,,,,,,,,,,,,,,,,
2025-08-13,,,,,,TSLA,,,,,,,,,,,,,,,,,,,,,339.3800048828125,348.9800109863281,338.20001220703125,341.5,67838900.0,,,,,,,,,,,,,,,,,,,,
2025-08-14,,,,,,TSLA,,,,,,,,,,,,,,,,,,,,,335.5799865722656,340.4700012207031,330.3999938964844,335.760009765625,75000700.0,,,,,,,,,,,,,,,,,,,,
2025-08-15,,,,,,TSLA,,,,,,,,,,,,,,,,,,,,,330.55999755859375,339.29998779296875,327.0199890136719,337.6600036621094,74319800.0,,,,,,,,,,,,,,,,,,,,
2025-08-18,,,,,,TSLA,,,,,,,,,,,,,,,,,,,,,335.1600036621094,336.2699890136719,329.5899963378906,329.6199951171875,56956600.0,,,,,,,,,,,,,,,,,,,,
2025-08-19,,,,,,TSLA,,,,,,,,,,,,,,,,,,,,,329.30999755859375,340.54998779296875,327.8500061035156,335.7900085449219,75956000.0,,,,,,,,,,,,,,,,,,,,
2025-08-20,,,,,,TSLA,,,,,,,,,,,,,,,,,,,,,323.8999938964844,331.3699951171875,314.6000061035156,329.2200012207031,77481800.0,,,,,,,,,,,,,,,,,,,,
2025-08-21,,,,,,TSLA,,,,,,,,,,,,,,,,,,,,,320.1099853515625,324.8999938964844,318.67999267578125,322.0799865722656,55744400.0,,,,,,,,,,,,,,,,,,,,
2025-08-22,,,,,,TSLA,,,,,,,,,,,,,,,,,,,,,340.010009765625,340.25,319.69000244140625,321.6600036621094,94016300.0,,,,,,,,,,,,,,,,,,,,
2025-08-25,,,,,,TSLA,,,,,,,,,,,,,,,,,,,,,346.6000061035156,349.5299987792969,335.0299987792969,338.8999938964844,86670000.0,,,,,,,,,,,,,,,,,,,,
2025-08-26,,,,,,TSLA,,,,,,,,,,,,,,,,,,,,,351.6700134277344,351.8999938964844,343.7200012207031,344.92999267578125,76651600.0,,,,,,,,,,,,,,,,,,,,
2025-08-27,,,,,,TSLA,,,,,,,,,,,,,,,,,,,,,349.6000061035156,355.3900146484375,349.1600036621094,351.94000244140625,65519000.0,,,,,,,,,,,,,,,,,,,,
2025-08-28,,,,,,TSLA,,,,,,,,,,,,,,,,,,,,,345.9800109863281,353.54998779296875,340.260009765625,350.9100036621094,67903200.0,,,,,,,,,,,,,,,,,,,,
2025-08-29,,,,,,TSLA,,,,,,,,,,,,,,,,,,,,,333.8699951171875,348.75,331.70001220703125,347.2300109863281,81145700.0,,,,,,,,,,,,,,,,,,,,
2025-09-02,,,,,,TSLA,,,,,,,,,,,,,,,,,,,,,329.3599853515625,333.3299865722656,325.6000061035156,328.2300109863281,58392000.0,,,,,,,,,,,,,,,,,,,,
2025-09-03,,,,,,TSLA,,,,,,,,,,,,,,,,,,,,,334.0899963378906,343.3299865722656,328.510009765625,335.20001220703125,88733300.0,,,,,,,,,,,,,,,,,,,,
2025-09-04,,,,,,TSLA,,,,,,,,,,,,,,,,,,,,,338.5299987792969,338.8900146484375,331.4800109863281,336.1499938964844,60711000.0,,,,,,,,,,,,,,,,,,,,
2025-09-05,,,,,,TSLA,,,,,,,,,,,,,,,,,,,,,350.8399963378906,355.8699951171875,344.67999267578125,348.0,108989800.0,,,,,,,,,,,,,,,,,,,,
2025-09-08,,,,,,TSLA,,,,,,,,,,,,,,,,,,,,,346.3999938964844,358.44000244140625,344.8399963378906,354.6400146484375,75208300.0,,,,,,,,,,,,,,,,,,,,
2025-09-09,,,,,,TSLA,,,,,,,,,,,,,,,,,,,,,346.9700012207031,350.7699890136719,343.82000732421875,348.44000244140625,53816000.0,,,,,,,,,,,,,,,,,,,,
2025-09-10,,,,,,TSLA,,,,,,,,,,,,,,,,,,,,,347.7900085449219,356.3299865722656,346.07000732421875,350.54998779296875,72121700.0,,,,,,,,,,,,,,,,,,,,
2025-09-11,,,,,,TSLA,,,,,,,,,,,,,,,,,,,,,368.80999755859375,368.989990234375,347.6000061035156,350.1700134277344,103756000.0,,,,,,,,,,,,,,,,,,,,
2025-09-12,,,,,,TSLA,,,,,,,,,,,,,,,,,,,,,395.94000244140625,396.69000244140625,370.239990234375,370.94000244140625,168156400.0,,,,,,,,,,,,,,,,,,,,
2025-09-15,,,,,,TSLA,,,,,,,,,,,,,,,,,,,,,410.0400085449219,425.70001220703125,402.42999267578125,423.1300048828125,163823700.0,,,,,,,,,,,,,,,,,,,,
2025-09-16,,,,,,TSLA,,,,,,,,,,,,,,,,,,,,,421.6199951171875,423.25,411.42999267578125,414.5,104285700.0,,,,,,,,,,,,,,,,,,,,
2025-09-17,,,,,,TSLA,,,,,,,,,,,,,,,,,,,,,425.8599853515625,428.30999755859375,409.6700134277344,415.75,106133500.0,,,,,,,,,,,,,,,,,,,,
2025-09-18,,,,,,TSLA,,,,,,,,,,,,,,,,,,,,,416.8500061035156,432.2200012207031,416.55999755859375,428.8699951171875,90454500.0,,,,,,,,,,,,,,,,,,,,
2025-09-19,,,,,,TSLA,,,,,,,,,,,,,,,,,,,,,426.07000732421875,429.4700012207031,421.7200012207031,421.82000732421875,93131000.0,,,,,,,,,,,,,,,,,,,,
2025-09-22,,,,,,TSLA,,,,,,,,,,,,,,,,,,,,,434.2099914550781,444.9800109863281,429.1300048828125,431.1099853515625,97108800.0,,,,,,,,,,,,,,,,,,,,
2025-09-23,,,,,,TSLA,,,,,,,,,,,,,,,,,,,,,425.8500061035156,440.9700012207031,423.7200012207031,439.8800048828125,83422700.0,,,,,,,,,,,,,,,,,,,,
2025-09-24,,,,,,TSLA,,,,,,,,,,,,,,,,,,,,,442.7900085449219,444.2099914550781,429.0299987792969,429.8299865722656,93133600.0,,,,,,,,,,,,,,,,,,,,
2025-09-25,,,,,,TSLA,,,,,,,,,,,,,,,,,,,,,423.3900146484375,435.3500061035156,419.0799865722656,435.239990234375,96746400.0,,,,,,,,,,,,,,,,,,,,
2025-09-26,,,,,,TSLA,,,,,,,,,,,,,,,,,,,,,440.3999938964844,440.4700012207031,421.0199890136719,428.29998779296875,101628200.0,,,,,,,,,,,,,,,,,,,,
2025-09-29,,,,,,TSLA,,,,,,,,,,,,,,,,,,,,,443.2099914550781,450.9800109863281,439.5,444.3500061035156,79491500.0,,,,,,,,,,,,,,,,,,,,
2025-09-30,,,,,,TSLA,,,,,,,,,,,,,,,,,,,,,444.7200012207031,445.0,433.1199951171875,441.5199890136719,74358000.0,,,,,,,,,,,,,,,,,,,,
2025-10-01,,,,,,TSLA,,,,,,,,,,,,,,,,,,,,,459.4599914550781,462.2900085449219,440.75,443.79998779296875,98122300.0,,,,,,,,,,,,,,,,,,,,
2025-10-02,,,,,,TSLA,,,,,,,,,,,,,,,,,,,,,436.0,470.75,435.57000732421875,470.5400085449219,137009000.0,,,,,,,,,,,,,,,,,,,,
2025-10-03,,,,,,TSLA,,,,,,,,,,,,,,,,,,,,,429.8299865722656,446.7699890136719,416.5799865722656,443.2900085449219,133188200.0,,,,,,,,,,,,,,,,,,,,
2025-10-06,,,,,,TSLA,,,,,,,,,,,,,,,,,,,,,453.25,453.54998779296875,436.69000244140625,440.75,85324900.0,,,,,,,,,,,,,,,,,,,,
2025-10-07,,,,,,TSLA,,,,,,,,,,,,,,,,,,,,,433.0899963378906,452.67999267578125,432.45001220703125,447.82000732421875,102296100.0,,,,,,,,,,,,,,,,,,,,
2025-10-08,,,,,,TSLA,,,,,,,,,,,,,,,,,,,,,438.69000244140625,441.3299865722656,425.2300109863281,437.57000732421875,71192100.0,,,,,,,,,,,,,,,,,,,,
2025-10-09,,,,,,TSLA,,,,,,,,,,,,,,,,,,,,,435.5400085449219,436.3500061035156,426.17999267578125,431.80999755859375,69339900.0,,,,,,,,,,,,,,,,,,,,
2025-10-10,,,,,,TSLA,,,,,,,,,,,,,,,,,,,,,413.489990234375,443.1300048828125,411.45001220703125,436.5400085449219,112107900.0,,,,,,,,,,,,,,,,,,,,
2025-10-13,,,,,,TSLA,,,,,,,,,,,,,,,,,,,,,435.8999938964844,436.8900146484375,419.70001220703125,423.5299987792969,79552800.0,,,,,,,,,,,,,,,,,,,,
2025-10-14,,,,,,TSLA,,,,,,,,,,,,,,,,,,,,,429.239990234375,434.20001220703125,417.8599853515625,426.7900085449219,72669400.0,,,,,,,,,,,,,,,,,,,,
2025-10-15,,,,,,TSLA,,,,,,,,,,,,,,,,,,,,,435.1499938964844,440.510009765625,426.3299865722656,434.8999938964844,71558200.0,,,,,,,,,,,,,,,,,,,,
2025-10-16,,,,,,TSLA,,,,,,,,,,,,,,,,,,,,,428.75,439.3500061035156,421.30999755859375,434.7300109863281,77189900.0,,,,,,,,,,,,,,,,,,,,
2025-10-17,,,,,,TSLA,,,,,,,,,,,,,,,,,,,,,439.30999755859375,441.4599914550781,423.6000061035156,425.5,89331600.0,,,,,,,,,,,,,,,,,,,,
2025-10-20,,,,,,TSLA,,,,,,,,,,,,,,,,,,,,,447.42999267578125,449.79998779296875,440.6099853515625,443.8699951171875,63719000.0,,,,,,,,,,,,,,,,,,,,
2025-10-21,,,,,,TSLA,,,,,,,,,,,,,,,,,,,,,442.6000061035156,449.29998779296875,442.04998779296875,445.760009765625,54412200.0,,,,,,,,,,,,,,,,,,,,
2025-10-22,,,,,,TSLA,,,,,,,,,,,,,,,,,,,,,438.9700012207031,445.5400085449219,429.0,443.45001220703125,84023500.0,,,,,,,,,,,,,,,,,,,,
2025-10-23,,,,,,TSLA,,,,,,,,,,,,,,,,,,,,,448.9800109863281,449.3999938964844,413.8999938964844,420.0,126709800.0,,,,,,,,,,,,,,,,,,,,
2025-10-24,,,,,,TSLA,,,,,,,,,,,,,,,,,,,,,433.7200012207031,451.67999267578125,430.1700134277344,446.8299865722656,94727800.0,,,,,,,,,,,,,,,,,,,,
2025-10-27,,,,,,TSLA,,,,,,,,,,,,,,,,,,,,,452.4200134277344,460.1600036621094,438.69000244140625,439.9800109863281,105867500.0,,,,,,,,,,,,,,,,,,,,
2025-10-28,,,,,,TSLA,,,,,,,,,,,,,,,,,,,,,460.54998779296875,467.0,451.6000061035156,454.7799987792969,80185700.0,,,,,,,,,,,,,,,,,,,,
2025-10-29,,,,,,TSLA,,,,,,,,,,,,,,,,,,,,,461.510009765625,465.70001220703125,452.6499938964844,462.5,67983500.0,,,,,,,,,,,,,,,,,,,,
2025-10-30,,,,,,TSLA,,,,,,,,,,,,,,,,,,,,,440.1000061035156,455.05999755859375,439.6099853515625,451.04998779296875,72447900.0,,,,,,,,,,,,,,,,,,,,
2025-10-31,,,,,,TSLA,,,,,,,,,,,,,,,,,,,,,456.55999755859375,458.0,443.69000244140625,446.75,83135800.0,,,,,,,,,,,,,,,,,,,,
2025-11-03,,,,,,TSLA,,,,,,,,,,,,,,,,,,,,,468.3699951171875,474.07000732421875,453.79998779296875,455.989990234375,84595200.0,,,,,,,,,,,,,,,,,,,,
2025-11-04,,,,,,TSLA,,,,,,,,,,,,,,,,,,,,,444.260009765625,460.2200012207031,443.6000061035156,454.4599914550781,87756600.0,,,,,,,,,,,,,,,,,,,,
2025-11-05,,,,,,TSLA,,,,,,,,,,,,,,,,,,,,,462.07000732421875,466.3299865722656,440.7099914550781,452.04998779296875,85573000.0,,,,,,,,,,,,,,,,,,,,
2025-11-06,,,,,,TSLA,,,,,,,,,,,,,,,,,,,,,445.9100036621094,467.45001220703125,435.0899963378906,461.9599914550781,109622900.0,,,,,,,,,,,,,,,,,,,,
2025-11-07,,,,,,TSLA,,,,,,,,,,,,,,,,,,,,,429.5199890136719,439.3599853515625,421.8800048828125,437.9200134277344,103471500.0,,,,,,,,,,,,,,,,,,,,
2025-11-10,,,,,,TSLA,,,,,,,,,,,,,,,,,,,,,445.2300109863281,449.6700134277344,433.3599853515625,439.6000061035156,76515900.0,,,,,,,,,,,,,,,,,,,,
2025-11-11,,,,,,TSLA,,,,,,,,,,,,,,,,,,,,,439.6199951171875,442.489990234375,432.3599853515625,439.3999938964844,60533200.0,,,,,,,,,,,,,,,,,,,,
2025-11-12,,,,,,TSLA,,,,,,,,,,,,,,,,,,,,,430.6000061035156,442.3299865722656,426.55999755859375,442.1499938964844,58513500.0,,,,,,,,,,,,,,,,,,,,
2025-11-13,,,,,,TSLA,,,,,,,,,,,,,,,,,,,,,401.989990234375,424.5,396.3399963378906,423.1300048828125,118948000.0,,,,,,,,,,,,,,,,,,,,
2025-11-14,,,,,,TSLA,,,,,,,,,,,,,,,,,,,,,404.3500061035156,412.19000244140625,382.7799987792969,386.29998779296875,105506700.0,,,,,,,,,,,,,,,,,,,,
2025-11-17,,,,,,TSLA,,,,,,,,,,,,,,,,,,,,,408.9200134277344,423.9599914550781,398.739990234375,398.739990234375,102214300.0,,,,,,,,,,,,,,,,,,,,
2025-11-18,,,,,,TSLA,,,,,,,,,,,,,,,,,,,,,401.25,408.8999938964844,393.7099914550781,405.3800048828125,80688600.0,,,,,,,,,,,,,,,,,,,,
2025-11-19,,,,,,TSLA,,,,,,,,,,,,,,,,,,,,,403.989990234375,411.7799987792969,398.5,406.17999267578125,72047700.0,,,,,,,,,,,,,,,,,,,,
2025-11-20,,,,,,TSLA,,,,,,,,,,,,,,,,,,,,,395.2300109863281,428.94000244140625,394.739990234375,414.6300048828125,113548800.0,,,,,,,,,,,,,,,,,,,,
2025-11-21,,,,,,TSLA,,,,,,,,,,,,,,,,,,,,,391.0899963378906,402.79998779296875,383.760009765625,402.32000732421875,100460600.0,,,,,,,,,,,,,,,,,,,,
2025-11-24,,,,,,TSLA,,,,,,,,,,,,,,,,,,,,,417.7799987792969,421.7200012207031,401.0899963378906,402.1700134277344,96806400.0,,,,,,,,,,,,,,,,,,,,
2025-11-25,,,,,,TSLA,,,,,,,,,,,,,,,,,,,,,419.3999938964844,420.4800109863281,405.95001220703125,414.4200134277344,71915600.0,,,,,,,,,,,,,,,,,,,,
2025-11-26,,,,,,TSLA,,,,,,,,,,,,,,,,,,,,,426.5799865722656,426.94000244140625,416.8900146484375,423.95001220703125,63463000.0,,,,,,,,,,,,,,,,,,,,
2025-11-28,,,,,,TSLA,,,,,,,,,,,,,,,,,,,,,430.1700134277344,432.92999267578125,426.20001220703125,426.5899963378906,36252900.0,,,,,,,,,,,,,,,,,,,,
2025-12-01,,,,,,TSLA,,,,,,,,,,,,,,,,,,,,,430.1400146484375,433.6600036621094,425.2900085449219,425.32000732421875,57463600.0,,,,,,,,,,,,,,,,,,,,
2025-12-02,,,,,,TSLA,,,,,,,,,,,,,,,,,,,,,429.239990234375,436.79998779296875,422.1199951171875,430.80999755859375,69336600.0,,,,,,,,,,,,,,,,,,,,
2025-12-03,,,,,,TSLA,,,,,,,,,,,,,,,,,,,,,446.739990234375,447.9200134277344,431.1099853515625,432.1000061035156,87483000.0,,,,,,,,,,,,,,,,,,,,
2025-12-04,,,,,,TSLA,,,,,,,,,,,,,,,,,,,,,454.5299987792969,454.6300048828125,445.3900146484375,449.94000244140625,71906500.0,,,,,,,,,,,,,,,,,,,,
2025-12-05,,,,,,TSLA,,,,,,,,,,,,,,,,,,,,,455.0,458.8699951171875,451.6600036621094,453.0299987792969,56427500.0,,,,,,,,,,,,,,,,,,,,
2025-12-08,,,,,,TSLA,,,,,,,,,,,,,,,,,,,,,439.5799865722656,449.75,435.25,447.45001220703125,69165800.0,,,,,,,,,,,,,,,,,,,,
2025-12-09,,,,,,TSLA,,,,,,,,,,,,,,,,,,,,,445.1700134277344,452.3900146484375,435.70001220703125,437.5400085449219,62367400.0,,,,,,,,,,,,,,,,,,,,
2025-12-10,,,,,,TSLA,,,,,,,,,,,,,,,,,,,,,451.45001220703125,456.8800048828125,443.6099853515625,446.07000732421875,63257500.0,,,,,,,,,,,,,,,,,,,,
2025-12-11,,,,,,TSLA,,,,,,,,,,,,,,,,,,,,,446.8900146484375,449.2699890136719,440.3299865722656,448.95001220703125,55979500.0,,,,,,,,,,,,,,,,,,,,
2025-12-12,,,,,,TSLA,,,,,,,,,,,,,,,,,,,,,458.9599914550781,463.010009765625,441.6700134277344,448.0899963378906,95656700.0,,,,,,,,,,,,,,,,,,,,
2025-12-15,,,,,,TSLA,,,,,,,,,,,,,,,,,,,,,475.30999755859375,481.7699890136719,467.6600036621094,469.44000244140625,114542200.0,,,,,,,,,,,,,,,,,,,,
2025-12-16,,,,,,TSLA,,,,,,,,,,,,,,,,,,,,,489.8800048828125,491.5,465.8299865722656,472.2099914550781,107608100.0,,,,,,,,,,,,,,,,,,,,
2025-12-17,,,,,,TSLA,,,,,,,,,,,,,,,,,,,,,467.260009765625,495.2799987792969,466.20001220703125,488.2200012207031,106490400.0,,,,,,,,,,,,,,,,,,,,
2025-12-18,,,,,,TSLA,,,,,,,,,,,,,,,,,,,,,483.3699951171875,490.8599853515625,473.1199951171875,478.1600036621094,95168400.0,,,,,,,,,,,,,,,,,,,,
2025-12-19,,,,,,TSLA,,,,,,,,,,,,,,,,,,,,,481.20001220703125,490.489990234375,474.7200012207031,488.1199951171875,103305400.0,,,,,,,,,,,,,,,,,,,,
2025-12-22,,,,,,TSLA,,,,,,,,,,,,,,,,,,,,,488.7300109863281,498.8299865722656,485.3299865722656,489.8800048828125,86916100.0,,,,,,,,,,,,,,,,,,,,
2025-12-23,,,,,,TSLA,,,,,,,,,,,,,,,,,,,,,485.55999755859375,491.9700012207031,482.8399963378906,489.3999938964844,58223600.0,,,,,,,,,,,,,,,,,,,,
2025-12-24,,,,,,TSLA,,,,,,,,,,,,,,,,,,,,,485.3999938964844,490.8999938964844,476.79998779296875,488.4800109863281,41285400.0,,,,,,,,,,,,,,,,,,,,
2025-12-26,,,,,,TSLA,,,,,,,,,,,,,,,,,,,,,475.19000244140625,489.0899963378906,473.82000732421875,485.2300109863281,58780700.0,,,,,,,,,,,,,,,,,,,,
2025-12-29,,,,,,TSLA,,,,,,,,,,,,,,,,,,,,,459.6400146484375,469.3999938964844,459.0,469.0,66263000.0,,,,,,,,,,,,,,,,,,,,
2025-12-30,,,,,,TSLA,,,,,,,,,,,,,,,,,,,,,454.42999267578125,463.1199951171875,453.8299865722656,461.0899963378906,59238500.0,,,,,,,,,,,,,,,,,,,,
2025-12-31,,,,,,TSLA,,,,,,,,,,,,,,,,,,,,,449.7200012207031,456.54998779296875,449.29998779296875,456.1000061035156,49078000.0,,,,,,,,,,,,,,,,,,,,
2026-01-02,,,,,,TSLA,,,,,,,,,,,,,,,,,,,,,438.07000732421875,458.3399963378906,435.29998779296875,457.79998779296875,85535400.0,,,,,,,,,,,,,,,,,,,,
2026-01-05,,,,,,TSLA,,,,,,,,,,,,,,,,,,,,,451.6700134277344,457.54998779296875,444.57000732421875,447.989990234375,67940800.0,,,,,,,,,,,,,,,,,,,,
2026-01-06,,,,,,TSLA,,,,,,,,,,,,,,,,,,,,,432.9599914550781,448.25,428.7799987792969,446.3800048828125,89093800.0,,,,,,,,,,,,,,,,,,,,
2026-01-07,,,,,,TSLA,,,,,,,,,,,,,,,,,,,,,431.4100036621094,438.3699951171875,431.2900085449219,435.8999938964844,59828800.0,,,,,,,,,,,,,,,,,,,,
2026-01-08,,,,,,TSLA,,,,,,,,,,,,,,,,,,,,,435.79998779296875,436.8900146484375,424.3699951171875,427.8900146484375,57041100.0,,,,,,,,,,,,,,,,,,,,
2026-01-09,,,,,,TSLA,,,,,,,,,,,,,,,,,,,,,445.010009765625,449.04998779296875,430.3900146484375,435.95001220703125,67331500.0,,,,,,,,,,,,,,,,,,,,
2026-01-12,,,,,,TSLA,,,,,,,,,,,,,,,,,,,,,448.9599914550781,454.29998779296875,438.0,441.2300109863281,61649600.0,,,,,,,,,,,,,,,,,,,,
2026-01-13,,,,,,TSLA,,,,,,,,,,,,,,,,,,,,,447.20001220703125,451.80999755859375,443.95001220703125,450.20001220703125,53719200.0,,,,,,,,,,,,,,,,,,,,
2026-01-14,,,,,,TSLA,,,,,,,,,,,,,,,,,,,,,439.20001220703125,443.9100036621094,434.2200012207031,442.80999755859375,57259500.0,,,,,,,,,,,,,,,,,,,,
2026-01-15,,,,,,TSLA,,,,,,,,,,,,,,,,,,,,,438.57000732421875,445.3599853515625,437.6499938964844,441.1300048828125,49465800.0,,,,,,,,,,,,,,,,,,,,
2026-01-16,,,,,,TSLA,,,,,,,,,,,,,,,,,,,,,437.5,447.25,435.260009765625,439.5,60220600.0,,,,,,,,,,,,,,,,,,,,
2026-01-20,,,,,,TSLA,,,,,,,,,,,,,,,,,,,,,419.25,430.7300109863281,417.44000244140625,429.3599853515625,63187300.0,,,,,,,,,,,,,,,,,,,,
2026-01-21,,,,,,TSLA,,,,,,,,,,,,,,,,,,,,,431.44000244140625,438.20001220703125,419.6199951171875,421.6600036621094,68124000.0,,,,,,,,,,,,,,,,,,,,
2026-01-22,,,,,,TSLA,,,,,,,,,,,,,,,,,,,,,449.3599853515625,449.5,432.6300048828125,435.1600036621094,71546700.0,,,,,,,,,,,,,,,,,,,,
2026-01-23,,,,,,TSLA,,,,,,,,,,,,,,,,,,,,,449.05999755859375,452.42999267578125,444.0400085449219,447.42999267578125,56771400.0,,,,,,,,,,,,,,,,,,,,
2026-01-26,,,,,,TSLA,,,,,,,,,,,,,,,,,,,,,435.20001220703125,445.0400085449219,434.2799987792969,445.0,49397400.0,,,,,,,,,,,,,,,,,,,,
2026-01-27,,,,,,TSLA,,,,,,,,,,,,,,,,,,,,,430.8999938964844,437.5199890136719,430.69000244140625,437.4100036621094,37733100.0,,,,,,,,,,,,,,,,,,,,
2026-01-28,,,,,,TSLA,,,,,,,,,,,,,,,,,,,,,431.4599914550781,438.260009765625,430.1000061035156,431.9100036621094,54857400.0,,,,,,,,,,,,,,,,,,,,
2026-01-29,,,,,,TSLA,,,,,,,,,,,,,,,,,,,,,416.55999755859375,440.2300109863281,414.6199951171875,437.79998779296875,81686100.0,,,,,,,,,,,,,,,,,,,,
2026-01-30,,,,,,TSLA,,,,,,,,,,,,,,,,,,,,,430.4100036621094,439.8800048828125,422.70001220703125,425.3500061035156,82626100.0,,,,,,,,,,,,,,,,,,,,
2026-02-02,,,,,,TSLA,,,,,,,,,,,,,,,,,,,,,421.80999755859375,427.1499938964844,414.5,421.2900085449219,58739500.0,,,,,,,,,,,,,,,,,,,,
2026-02-03,,,,,,TSLA,,,,,,,,,,,,,,,,,,,,,421.9599914550781,428.55999755859375,413.69000244140625,424.2699890136719,56886500.0,,,,,,,,,,,,,,,,,,,,
2026-02-04,,,,,,TSLA,,,,,,,,,,,,,,,,,,,,,406.010009765625,423.8999938964844,399.17999267578125,420.4599914550781,74606900.0,,,,,,,,,,,,,,,,,,,,
2026-02-05,,,,,,TSLA,,,,,,,,,,,,,,,,,,,,,397.2099914550781,402.1000061035156,387.5299987792969,397.0199890136719,72819800.0,,,,,,,,,,,,,,,,,,,,
2026-02-06,,,,,,TSLA,,,,,,,,,,,,,,,,,,,,,411.1099853515625,414.54998779296875,397.75,400.8699951171875,62677100.0,,,,,,,,,,,,,,,,,,,,
2026-02-09,,,,,,TSLA,,,,,,,,,,,,,,,,,,,,,417.32000732421875,421.25,407.2900085449219,409.9100036621094,54484300.0,,,,,,,,,,,,,,,,,,,,
2026-02-10,,,,,,TSLA,,,,,,,,,,,,,,,,,,,,,425.2099914550781,427.25,417.0,418.0799865722656,64450200.0,,,,,,,,,,,,,,,,,,,,
2026-02-11,,,,,,TSLA,,,,,,,,,,,,,,,,,,,,,428.2699890136719,436.3500061035156,420.0299987792969,427.9599914550781,57362000.0,,,,,,,,,,,,,,,,,,,,
2026-02-12,,,,,,TSLA,,,,,,,,,,,,,,,,,,,,,417.07000732421875,436.2300109863281,414.0,430.29998779296875,61933400.0,,,,,,,,,,,,,,,,,,,,
2026-02-13,,,,,,TSLA,,,,,,,,,,,,,,,,,,,,,417.44000244140625,424.05999755859375,410.8800048828125,414.30999755859375,51434100.0,,,,,,,,,,,,,,,,,,,,
2026-02-17,,,,,,TSLA,,,,,,,,,,,,,,,,,,,,,410.6300048828125,413.7200012207031,400.510009765625,412.3599853515625,59678800.0,,,,,,,,,,,,,,,,,,,,
2026-02-18,,,,,,TSLA,,,,,,,,,,,,,,,,,,,,,411.32000732421875,416.8999938964844,409.5799865722656,411.1099853515625,45921400.0,,,,,,,,,,,,,,,,,,,,
2026-02-19,,,,,,TSLA,,,,,,,,,,,,,,,,,,,,,411.7099914550781,415.25,404.1099853515625,407.25,51019600.0,,,,,,,,,,,,,,,,,,,,
2026-02-20,,,,,,TSLA,,,,,,,,,,,,,,,,,,,,,411.82000732421875,414.70001220703125,405.5,408.29998779296875,57912200.0,,,,,,,,,,,,,,,,,,,,
2026-02-23,,,,,,TSLA,,,,,,,,,,,,,,,,,,,,,399.8299865722656,407.70001220703125,394.0400085449219,407.2900085449219,69680000.0,,,,,,,,,,,,,,,,,,,,
2026-02-24,,,,,,TSLA,,,,,,,,,,,,,,,,,,,,,409.3800048828125,410.82000732421875,397.6400146484375,399.5,58579500.0,,,,,,,,,,,,,,,,,,,,
2026-02-25,,,,,,TSLA,,,,,,,,,,,,,,,,,,,,,417.3999938964844,420.3399963378906,412.1499938964844,412.1499938964844,54809700.0,,,,,,,,,,,,,,,,,,,,
2026-02-26,,,,,,TSLA,,,,,,,,,,,,,,,,,,,,,408.5799865722656,416.80999755859375,403.6600036621094,414.4200134277344,53602500.0,,,,,,,,,,,,,,,,,,,,
2026-02-27,,,,,,TSLA,,,,,,,,,,,,,,,,,,,,,402.510009765625,407.1199951171875,398.1099853515625,402.94000244140625,56890100.0,,,,,,,,,,,,,,,,,,,,
2026-03-02,,,,,,TSLA,,,,,,,,,,,,,,,,,,,,,403.32000732421875,404.5400085449219,388.25,390.6000061035156,55088300.0,,,,,,,,,,,,,,,,,,,,
2026-03-03,,,,,,TSLA,,,,,,,,,,,,,,,,,,,,,392.42999267578125,396.3399963378906,385.3900146484375,395.0899963378906,62617300.0,,,,,,,,,,,,,,,,,,,,
2026-03-04,,,,,,TSLA,,,,,,,,,,,,,,,,,,,,,405.94000244140625,408.3299865722656,394.5799865722656,397.8500061035156,68305500.0,,,,,,,,,,,,,,,,,,,,
2026-03-05,,,,,,TSLA,,,,,,,,,,,,,,,,,,,,,405.54998779296875,408.6199951171875,399.4200134277344,401.57000732421875,51925900.0,,,,,,,,,,,,,,,,,,,,
2026-03-06,,,,,,TSLA,,,,,,,,,,,,,,,,,,,,,396.7300109863281,402.3500061035156,394.2099914550781,398.0899963378906,64054600.0,,,,,,,,,,,,,,,,,,,,
2026-03-09,,,,,,TSLA,,,,,,,,,,,,,,,,,,,,,398.67999267578125,401.5899963378906,381.3999938964844,390.04998779296875,67018900.0,,,,,,,,,,,,,,,,,,,,
2026-03-10,,,,,,TSLA,,,,,,,,,,,,,,,,,,,,,399.239990234375,406.5899963378906,398.19000244140625,402.2200012207031,59258700.0,,,,,,,,,,,,,,,,,,,,
2026-03-11,,,,,,TSLA,,,,,,,,,,,,,,,,,,,,,407.82000732421875,416.3800048828125,402.1499938964844,402.2799987792969,62559900.0,,,,,,,,,,,,,,,,,,,,
2026-03-12,,,,,,TSLA,,,,,,,,,,,,,,,,,,,,,395.010009765625,406.5,394.6499938964844,405.17999267578125,60973800.0,,,,,,,,,,,,,,,,,,,,
2026-03-13,,,,,,TSLA,,,,,,,,,,,,,,,,,,,,,391.20001220703125,400.20001220703125,389.95001220703125,399.1700134277344,58504100.0,,,,,,,,,,,,,,,,,,,,
2026-03-16,,,,,,TSLA,,,,,,,,,,,,,,,,,,,,,395.55999755859375,403.7300109863281,394.4200134277344,396.2200012207031,58068300.0,,,,,,,,,,,,,,,,,,,,
2026-03-17,,,,,,TSLA,,,,,,,,,,,,,,,,,,,,,399.2699890136719,400.1199951171875,393.0,395.69000244140625,46890500.0,,,,,,,,,,,,,,,,,,,,
2026-03-18,,,,,,TSLA,,,,,,,,,,,,,,,,,,,,,392.7799987792969,403.07000732421875,392.30999755859375,399.0,50853100.0,,,,,,,,,,,,,,,,,,,,
2026-03-19,,,,,,TSLA,,,,,,,,,,,,,,,,,,,,,380.29998779296875,387.2699890136719,378.7300109863281,387.2699890136719,67078300.0,,,,,,,,,,,,,,,,,,,,
2026-03-20,,,,,,TSLA,,,,,,,,,,,,,,,,,,,,,367.9599914550781,379.8900146484375,364.4599914550781,379.8500061035156,78628600.0,,,,,,,,,,,,,,,,,,,,
2026-03-23,,,,,,TSLA,,,,,,,,,,,,,,,,,,,,,380.8500061035156,385.3299865722656,372.7300109863281,373.0899963378906,74606000.0,,,,,,,,,,,,,,,,,,,,
2026-03-24,,,,,,TSLA,,,,,,,,,,,,,,,,,,,,,383.0299987792969,387.4800109863281,376.30999755859375,376.55999755859375,60004900.0,,,,,,,,,,,,,,,,,,,,
2026-03-25,,,,,,TSLA,,,,,,,,,,,,,,,,,,,,,385.95001220703125,396.2300109863281,385.010009765625,389.989990234375,55157300.0,,,,,,,,,,,,,,,,,,,,
2026-03-26,,,,,,TSLA,,,,,,,,,,,,,,,,,,,,,372.1099853515625,384.44000244140625,371.8699951171875,381.6000061035156,55522900.0,,,,,,,,,,,,,,,,,,,,
2026-03-27,,,,,,TSLA,,,,,,,,,,,,,,,,,,,,,361.8299865722656,369.8599853515625,359.4700012207031,369.69000244140625,62065700.0,,,,,,,,,,,,,,,,,,,,
2026-03-30,,,,,,TSLA,,,,,,,,,,,,,,,,,,,,,355.2799987792969,367.2900085449219,352.1400146484375,365.8599853515625,67954400.0,,,,,,,,,,,,,,,,,,,,
2026-03-31,,,,,,TSLA,,,,,,,,,,,,,,,,,,,,,371.75,373.3299865722656,361.0,361.510009765625,75534900.0,,,,,,,,,,,,,,,,,,,,
2026-04-01,,,,,,TSLA,,,,,,,,,,,,,,,,,,,,,381.260009765625,383.1400146484375,374.0799865722656,378.6300048828125,58683800.0,,,,,,,,,,,,,,,,,,,,
2026-04-02,,,,,,TSLA,,,,,,,,,,,,,,,,,,,,,360.5899963378906,370.2799987792969,359.0299987792969,364.20001220703125,83031200.0,,,,,,,,,,,,,,,,,,,,
2026-04-06,,,,,,TSLA,,,,,,,,,,,,,,,,,,,,,352.82000732421875,367.7200012207031,346.6400146484375,362.5899963378906,77697600.0,,,,,,,,,,,,,,,,,,,,
2026-04-07,,,,,,TSLA,,,,,,,,,,,,,,,,,,,,,346.6499938964844,348.0199890136719,337.239990234375,346.44000244140625,74515400.0,,,,,,,,,,,,,,,,,,,,
2026-04-08,,,,,,TSLA,,,,,,,,,,,,,,,,,,,,,343.25,364.5,339.6700134277344,363.7900085449219,78838600.0,,,,,,,,,,,,,,,,,,,,
2026-04-09,,,,,,TSLA,,,,,,,,,,,,,,,,,,,,,345.6199951171875,348.8800048828125,337.25,343.1499938964844,62164000.0,,,,,,,,,,,,,,,,,,,,
2026-04-10,,,,,,TSLA,,,,,,,,,,,,,,,,,,,,,348.95001220703125,350.3599853515625,342.739990234375,346.2900085449219,51336000.0,,,,,,,,,,,,,,,,,,,,
2026-04-13,,,,,,TSLA,,,,,,,,,,,,,,,,,,,,,352.4200134277344,356.3500061035156,348.57000732421875,350.07000732421875,53617500.0,,,,,,,,,,,,,,,,,,,,
2026-04-14,,,,,,TSLA,,,,,,,,,,,,,,,,,,,,,364.20001220703125,367.6300048828125,354.7699890136719,357.6700134277344,59979600.0,,,,,,,,,,,,,,,,,,,,
2026-04-15,,,,,,TSLA,,,,,,,,,,,,,,,,,,,,,391.95001220703125,394.6499938964844,362.5,366.8299865722656,113810400.0,,,,,,,,,,,,,,,,,,,,
2026-04-16,,,,,,TSLA,,,,,,,,,,,,,,,,,,,,,388.8999938964844,394.05999755859375,381.79998779296875,393.80999755859375,63515100.0,,,,,,,,,,,,,,,,,,,,
2026-04-17,,,,,,TSLA,,,,,,,,,,,,,,,,,,,,,400.6199951171875,409.2799987792969,391.6499938964844,395.9200134277344,90640000.0,,,,,,,,,,,,,,,,,,,,
2026-04-20,,,,,,TSLA,,,,,,,,,,,,,,,,,,,,,392.5,406.79998779296875,388.3299865722656,402.5799865722656,64603900.0,,,,,,,,,,,,,,,,,,,,
2026-04-21,,,,,,TSLA,,,,,,,,,,,,,,,,,,,,,386.4200134277344,393.95001220703125,385.2200012207031,393.0,50530600.0,,,,,,,,,,,,,,,,,,,,
2026-04-22,,,,,,TSLA,,,,,,,,,,,,,,,,,,,,,387.510009765625,393.010009765625,385.29998779296875,387.57000732421875,62362800.0,,,,,,,,,,,,,,,,,,,,
2026-04-23,,,,,,TSLA,,,,,,,,,,,,,,,,,,,,,373.7200012207031,386.0,368.3900146484375,375.2799987792969,93969500.0,,,,,,,,,,,,,,,,,,,,
2026-04-24,,,,,,TSLA,,,,,,,,,,,,,,,,,,,,,376.29998779296875,382.760009765625,370.7300109863281,373.5,62893300.0,,,,,,,,,,,,,,,,,,,,
2026-04-27,,,,,,TSLA,,,,,,,,,,,,,,,,,,,,,378.6700134277344,380.7799987792969,364.0199890136719,372.0899963378906,66735800.0,,,,,,,,,,,,,,,,,,,,
2026-04-28,,,,,,TSLA,,,,,,,,,,,,,,,,,,,,,376.0199890136719,382.2900085449219,372.5400085449219,374.67999267578125,50864400.0,,,,,,,,,,,,,,,,,,,,
2026-04-29,,,,,,TSLA,,,,,,,,,,,,,,,,,,,,,372.79998779296875,376.3999938964844,370.0400085449219,375.3999938964844,45384800.0,,,,,,,,,,,,,,,,,,,,
2026-04-30,,,,,,TSLA,,,,,,,,,,,,,,,,,,,,,381.6300048828125,384.75,368.1700134277344,372.75,51076000.0,,,,,,,,,,,,,,,,,,,,
2026-05-01,,,,,,TSLA,,,,,,,,,,,,,,,,,,,,,390.82000732421875,397.82000732421875,378.79998779296875,382.489990234375,65338300.0,,,,,,,,,,,,,,,,,,,,
2026-05-04,,,,,,TSLA,,,,,,,,,,,,,,,,,,,,,392.510009765625,394.6400146484375,384.79998779296875,390.2300109863281,48765100.0,,,,,,,,,,,,,,,,,,,,
2026-05-05,,,,,,TSLA,,,,,,,,,,,,,,,,,,,,,389.3699951171875,402.1199951171875,389.0,395.19000244140625,47780600.0,,,,,,,,,,,,,,,,,,,,
2026-05-06,,,,,,TSLA,,,,,,,,,,,,,,,,,,,,,398.7300109863281,401.67999267578125,384.0199890136719,386.25,53465400.0,,,,,,,,,,,,,,,,,,,,
2026-05-07,,,,,,TSLA,,,,,,,,,,,,,,,,,,,,,411.7900085449219,415.8299865722656,402.1199951171875,407.4800109863281,64294200.0,,,,,,,,,,,,,,,,,,,,
2026-05-08,,,,,,TSLA,,,,,,,,,,,,,,,,,,,,,428.3500061035156,431.20001220703125,416.3900146484375,416.4800109863281,65050000.0,,,,,,,,,,,,,,,,,,,,
2026-05-11,,,,,,TSLA,,,,,,,,,,,,,,,,,,,,,445.0,449.1600036621094,416.79998779296875,422.1600036621094,78376100.0,,,,,,,,,,,,,,,,,,,,
2026-05-12,,,,,,TSLA,,,,,,,,,,,,,,,,,,,,,433.45001220703125,447.79998779296875,422.260009765625,441.4100036621094,60569300.0,,,,,,,,,,,,,,,,,,,,
2026-05-13,,,,,,TSLA,,,,,,,,,,,,,,,,,,,,,445.2699890136719,453.3999938964844,430.2099914550781,436.6700134277344,68283200.0,,,,,,,,,,,,,,,,,,,,
2026-05-14,,,,,,TSLA,,,,,,,,,,,,,,,,,,,,,443.29998779296875,451.9700012207031,441.1600036621094,446.489990234375,45182287.0,,,,,,,,,,,,,,,,,,,,
2025-05-15,,,,,,JPM,,,,,,,,,,,,,,,,,,,,,,,,,,262.3870544433594,264.3783267139839,259.70915411050737,261.87698531695685,9214600.0,,,,,,,,,,,,,,,
2025-05-16,,,,,,JPM,,,,,,,,,,,,,,,,,,,,,,,,,,262.4557189941406,263.3385435843166,259.6600828457583,262.39686601715493,8932900.0,,,,,,,,,,,,,,,
2025-05-19,,,,,,JPM,,,,,,,,,,,,,,,,,,,,,,,,,,259.8268737792969,263.2012510960716,256.933139124985,260.4840753869021,12145000.0,,,,,,,,,,,,,,,
2025-05-20,,,,,,JPM,,,,,,,,,,,,,,,,,,,,,,,,,,260.6116027832031,261.5729180532009,257.2960784147582,257.5118826616805,8436300.0,,,,,,,,,,,,,,,
2025-05-21,,,,,,JPM,,,,,,,,,,,,,,,,,,,,,,,,,,256.06011962890625,260.5821597835497,255.75603592778836,259.30697200049985,7464000.0,,,,,,,,,,,,,,,
2025-05-22,,,,,,JPM,,,,,,,,,,,,,,,,,,,,,,,,,,255.69720458984375,257.29608389039316,253.93152527688756,254.49065855609336,6514100.0,,,,,,,,,,,,,,,
2025-05-23,,,,,,JPM,,,,,,,,,,,,,,,,,,,,,,,,,,255.7364044189453,256.99198455091897,251.11626587786765,251.9108110430405,6671800.0,,,,,,,,,,,,,,,
2025-05-27,,,,,,JPM,,,,,,,,,,,,,,,,,,,,,,,,,,260.22906494140625,260.23885381510826,256.99200115618,257.04106526626447,7506600.0,,,,,,,,,,,,,,,
2025-05-28,,,,,,JPM,,,,,,,,,,,,,,,,,,,,,,,,,,258.46337890625,261.63177081627316,257.8846379571237,261.16091702282114,5535400.0,,,,,,,,,,,,,,,
2025-05-29,,,,,,JPM,,,,,,,,,,,,,,,,,,,,,,,,,,259.3266296386719,260.3467980228732,257.5217347653291,259.74841937820054,5081200.0,,,,,,,,,,,,,,,
2025-05-30,,,,,,JPM,,,,,,,,,,,,,,,,,,,,,,,,,,258.96368408203125,260.26829856132497,257.7179225906518,258.4241883810186,10977700.0,,,,,,,,,,,,,,,
2025-06-02,,,,,,JPM,,,,,,,,,,,,,,,,,,,,,,,,,,259.611083984375,259.97402070361045,256.90372693326515,258.00235590026796,6011200.0,,,,,,,,,,,,,,,
2025-06-03,,,,,,JPM,,,,,,,,,,,,,,,,,,,,,,,,,,261.19036865234375,261.49445240173793,257.86505509318295,258.69884566926845,6998400.0,,,,,,,,,,,,,,,
2025-06-04,,,,,,JPM,,,,,,,,,,,,,,,,,,,,,,,,,,259.1794738769531,262.0241445637471,259.14022857540317,260.84705493579474,5915700.0,,,,,,,,,,,,,,,
2025-06-05,,,,,,JPM,,,,,,,,,,,,,,,,,,,,,,,,,,256.9527893066406,259.68954289634314,255.34406123341302,259.68954289634314,8173800.0,,,,,,,,,,,,,,,
2025-06-06,,,,,,JPM,,,,,,,,,,,,,,,,,,,,,,,,,,260.6606750488281,261.56310742936586,259.2187170664052,259.28735892431575,7738100.0,,,,,,,,,,,,,,,
2025-06-09,,,,,,JPM,,,,,,,,,,,,,,,,,,,,,,,,,,261.6513977050781,262.7892720045682,258.32608422186917,260.9255242470256,8285000.0,,,,,,,,,,,,,,,
2025-06-10,,,,,,JPM,,,,,,,,,,,,,,,,,,,,,,,,,,263.4759521484375,263.77021710595534,260.77841360806616,260.80784010381797,7538100.0,,,,,,,,,,,,,,,
2025-06-11,,,,,,JPM,,,,,,,,,,,,,,,,,,,,,,,,,,263.03448486328125,264.4764428071077,260.71952105435884,263.5543728329388,7434100.0,,,,,,,,,,,,,,,
2025-06-12,,,,,,JPM,,,,,,,,,,,,,,,,,,,,,,,,,,263.1227722167969,263.17183632733907,260.0819349081481,261.76909370629187,6618000.0,,,,,,,,,,,,,,,
2025-06-13,,,,,,JPM,,,,,,,,,,,,,,,,,,,,,,,,,,259.89556884765625,261.92605676944186,257.69828090375347,260.0230636958611,7098300.0,,,,,,,,,,,,,,,
2025-06-16,,,,,,JPM,,,,,,,,,,,,,,,,,,,,,,,,,,265.20233154296875,266.5462212171046,261.75931212188453,261.90644458682067,8566000.0,,,,,,,,,,,,,,,
2025-06-17,,,,,,JPM,,,,,,,,,,,,,,,,,,,,,,,,,,264.37835693359375,265.42795173106725,262.69116817138956,263.0541348281509,6739300.0,,,,,,,,,,,,,,,
2025-06-18,,,,,,JPM,,,,,,,,,,,,,,,,,,,,,,,,,,268.733642578125,272.42192244365935,264.5745388559813,264.84919608413435,9586400.0,,,,,,,,,,,,,,,
2025-06-20,,,,,,JPM,,,,,,,,,,,,,,,,,,,,,,,,,,269.7538146972656,272.00992553694005,268.5865139770169,270.3129479704052,13969700.0,,,,,,,,,,,,,,,
2025-06-23,,,,,,JPM,,,,,,,,,,,,,,,,,,,,,,,,,,272.96142578125,273.2360830171409,266.9189366562568,269.81267140989485,8094600.0,,,,,,,,,,,,,,,
2025-06-24,,,,,,JPM,,,,,,,,,,,,,,,,,,,,,,,,,,275.8944091796875,277.31672955102783,274.1777939507156,274.864422081068,9267900.0,,,,,,,,,,,,,,,
2025-06-25,,,,,,JPM,,,,,,,,,,,,,,,,,,,,,,,,,,278.6409606933594,278.85676493196144,275.5510594998146,276.12980042711285,6826900.0,,,,,,,,,,,,,,,
2025-06-26,,,,,,JPM,,,,,,,,,,,,,,,,,,,,,,,,,,283.24151611328125,283.88892888521605,279.04316687272353,279.26878993935657,8942100.0,,,,,,,,,,,,,,,
2025-06-27,,,,,,JPM,,,,,,,,,,,,,,,,,,,,,,,,,,281.6327819824219,283.19247586135157,279.6022941678673,280.3575940845552,17868600.0,,,,,,,,,,,,,,,
2025-06-30,,,,,,JPM,,,,,,,,,,,,,,,,,,,,,,,,,,284.37939453125,287.0671140098136,283.4082903268862,284.86003722869964,12689200.0,,,,,,,,,,,,,,,
2025-07-01,,,,,,JPM,,,,,,,,,,,,,,,,,,,,,,,,,,284.8698425292969,285.57610826317716,281.122709609671,285.3406963303482,9338300.0,,,,,,,,,,,,,,,
2025-07-02,,,,,,JPM,,,,,,,,,,,,,,,,,,,,,,,,,,286.4295349121094,287.23389900971387,284.17342383730266,286.46878021661104,8158700.0,,,,,,,,,,,,,,,
2025-07-03,,,,,,JPM,,,,,,,,,,,,,,,,,,,,,,,,,,291.75201416015625,292.1462676228288,287.03074848169234,287.95726066275904,6541600.0,,,,,,,,,,,,,,,
2025-07-07,,,,,,JPM,,,,,,,,,,,,,,,,,,,,,,,,,,287.7798767089844,291.7914744795477,285.9169860687423,291.012803517784,8825700.0,,,,,,,,,,,,,,,
2025-07-08,,,,,,JPM,,,,,,,,,,,,,,,,,,,,,,,,,,278.72174072265625,285.54244302383853,276.28718720828704,285.1185912184717,15440900.0,,,,,,,,,,,,,,,
2025-07-09,,,,,,JPM,,,,,,,,,,,,,,,,,,,,,,,,,,279.0963134765625,283.078342988919,278.42607952209454,283.0586107622728,11273800.0,,,,,,,,,,,,,,,
2025-07-10,,,,,,JPM,,,,,,,,,,,,,,,,,,,,,,,,,,284.0540771484375,284.1723501696605,278.9385584232814,278.9385584232814,8410900.0,,,,,,,,,,,,,,,
2025-07-11,,,,,,JPM,,,,,,,,,,,,,,,,,,,,,,,,,,282.7431640625,283.2557206237078,279.5792402426265,281.4223984494675,7384700.0,,,,,,,,,,,,,,,
2025-07-14,,,,,,JPM,,,,,,,,,,,,,,,,,,,,,,,,,,284.5567932128906,285.1481583723004,281.1661592607552,282.95018101073435,9079900.0,,,,,,,,,,,,,,,
2025-07-15,,,,,,JPM,,,,,,,,,,,,,,,,,,,,,,,,,,282.4376220703125,287.7601490973643,281.3830008251136,283.8668247126896,12526100.0,,,,,,,,,,,,,,,
2025-07-16,,,,,,JPM,,,,,,,,,,,,,,,,,,,,,,,,,,281.7181396484375,286.5576787356624,278.9484690013939,284.2611002489253,9979800.0,,,,,,,,,,,,,,,
2025-07-17,,,,,,JPM,,,,,,,,,,,,,,,,,,,,,,,,,,285.73956298828125,286.13381646736286,279.3722805662569,279.3722805662569,8509500.0,,,,,,,,,,,,,,,
2025-07-18,,,,,,JPM,,,,,,,,,,,,,,,,,,,,,,,,,,287.0898742675781,288.30223294760714,284.0935239995615,285.36498911319075,12217000.0,,,,,,,,,,,,,,,
2025-07-21,,,,,,JPM,,,,,,,,,,,,,,,,,,,,,,,,,,286.794189453125,289.95811320350606,286.4097720406625,286.8237577094983,7898100.0,,,,,,,,,,,,,,,
2025-07-22,,,,,,JPM,,,,,,,,,,,,,,,,,,,,,,,,,,287.24761962890625,289.41605899858814,285.0299098515737,287.3166222633084,6717500.0,,,,,,,,,,,,,,,
2025-07-23,,,,,,JPM,,,,,,,,,,,,,,,,,,,,,,,,,,292.5011291503906,292.72780910920665,288.3515263055785,288.6373728619252,7083500.0,,,,,,,,,,,,,,,
2025-07-24,,,,,,JPM,,,,,,,,,,,,,,,,,,,,,,,,,,292.2940979003906,295.29047824712586,291.9491449333037,293.15163750090335,7001200.0,,,,,,,,,,,,,,,
2025-07-25,,,,,,JPM,,,,,,,,,,,,,,,,,,,,,,,,,,294.33441162109375,294.6103920554469,291.71258245493334,292.4419829511327,5918500.0,,,,,,,,,,,,,,,
2025-07-28,,,,,,JPM,,,,,,,,,,,,,,,,,,,,,,,,,,293.9992980957031,295.13278810430046,292.5602593912129,293.3882007039174,5840400.0,,,,,,,,,,,,,,,
2025-07-29,,,,,,JPM,,,,,,,,,,,,,,,,,,,,,,,,,,292.7771301269531,296.9661375577531,291.94918873841937,295.69464217411235,7635700.0,,,,,,,,,,,,,,,
2025-07-30,,,,,,JPM,,,,,,,,,,,,,,,,,,,,,,,,,,295.3299560546875,296.2958726319795,293.1122462449408,293.15168061940614,8061700.0,,,,,,,,,,,,,,,
2025-07-31,,,,,,JPM,,,,,,,,,,,,,,,,,,,,,,,,,,291.9885559082031,296.66055111466636,291.2591855090535,294.8469611494763,14749700.0,,,,,,,,,,,,,,,
2025-08-01,,,,,,JPM,,,,,,,,,,,,,,,,,,,,,,,,,,285.2171630859375,287.61228223789124,280.1607803787386,286.2323800564947,12007100.0,,,,,,,,,,,,,,,
2025-08-04,,,,,,JPM,,,,,,,,,,,,,,,,,,,,,,,,,,290.0370178222656,290.0961543423283,286.0944227268155,286.0944227268155,6649500.0,,,,,,,,,,,,,,,
2025-08-05,,,,,,JPM,,,,,,,,,,,,,,,,,,,,,,,,,,287.1884765625,291.5450573497094,283.11774234014615,290.46083768957914,7182300.0,,,,,,,,,,,,,,,
2025-08-06,,,,,,JPM,,,,,,,,,,,,,,,,,,,,,,,,,,287.16876220703125,289.08092314098127,285.99583781724914,288.1051104485434,6330200.0,,,,,,,,,,,,,,,
2025-08-07,,,,,,JPM,,,,,,,,,,,,,,,,,,,,,,,,,,282.8220520019531,289.2484709612734,282.29965937267906,288.7359444448802,8057100.0,,,,,,,,,,,,,,,
2025-08-08,,,,,,JPM,,,,,,,,,,,,,,,,,,,,,,,,,,284.6159362792969,287.0504898402696,280.62404088373916,284.8327802026082,6634100.0,,,,,,,,,,,,,,,
2025-08-11,,,,,,JPM,,,,,,,,,,,,,,,,,,,,,,,,,,285.4044494628906,287.13920088726815,284.635644641562,285.246742053437,5510100.0,,,,,,,,,,,,,,,
2025-08-12,,,,,,JPM,,,,,,,,,,,,,,,,,,,,,,,,,,288.6472473144531,290.5199739550687,286.1732592848133,287.31661546362176,8570900.0,,,,,,,,,,,,,,,
2025-08-13,,,,,,JPM,,,,,,,,,,,,,,,,,,,,,,,,,,286.36053466796875,290.32283187703916,283.0389031406188,289.7314666813669,8420400.0,,,,,,,,,,,,,,,
2025-08-14,,,,,,JPM,,,,,,,,,,,,,,,,,,,,,,,,,,289.93841552734375,289.9778498963191,285.48329438065525,286.40977645449954,6322400.0,,,,,,,,,,,,,,,
2025-08-15,,,,,,JPM,,,,,,,,,,,,,,,,,,,,,,,,,,286.32110595703125,291.25921599583813,285.66073811560074,290.6086841881212,7340500.0,,,,,,,,,,,,,,,
2025-08-18,,,,,,JPM,,,,,,,,,,,,,,,,,,,,,,,,,,287.3461608886719,287.7108460905947,284.2709417940018,285.8381195988006,5386900.0,,,,,,,,,,,,,,,
2025-08-19,,,,,,JPM,,,,,,,,,,,,,,,,,,,,,,,,,,286.4886779785156,288.2825659770611,285.37489004447787,286.6562214265169,6031500.0,,,,,,,,,,,,,,,
2025-08-20,,,,,,JPM,,,,,,,,,,,,,,,,,,,,,,,,,,288.04595947265625,289.1203129200321,283.1472843493455,286.63648908496583,7374200.0,,,,,,,,,,,,,,,
2025-08-21,,,,,,JPM,,,,,,,,,,,,,,,,,,,,,,,,,,287.2870178222656,288.56834905595423,285.31572049067694,287.7502738983734,6624000.0,,,,,,,,,,,,,,,
2025-08-22,,,,,,JPM,,,,,,,,,,,,,,,,,,,,,,,,,,291.9885559082031,292.8953659306035,285.96625689985,288.9922055724686,8552800.0,,,,,,,,,,,,,,,
2025-08-25,,,,,,JPM,,,,,,,,,,,,,,,,,,,,,,,,,,290.6678161621094,293.08266767966575,289.9187435512912,291.9885819039242,5856300.0,,,,,,,,,,,,,,,
2025-08-26,,,,,,JPM,,,,,,,,,,,,,,,,,,,,,,,,,,294.2851257324219,294.4526691589569,289.2878798394283,289.9384115603751,6714700.0,,,,,,,,,,,,,,,
2025-08-27,,,,,,JPM,,,,,,,,,,,,,,,,,,,,,,,,,,294.9849548339844,296.74927450763425,292.77711127340297,292.98408908730437,6056500.0,,,,,,,,,,,,,,,
2025-08-28,,,,,,JPM,,,,,,,,,,,,,,,,,,,,,,,,,,296.749267578125,296.91681101607145,294.41328492266325,295.71431837356056,6410500.0,,,,,,,,,,,,,,,
2025-08-29,,,,,,JPM,,,,,,,,,,,,,,,,,,,,,,,,,,297.0942687988281,298.60231023054706,295.4285199525983,297.7053662302992,6796400.0,,,,,,,,,,,,,,,
2025-09-02,,,,,,JPM,,,,,,,,,,,,,,,,,,,,,,,,,,295.39892578125,296.14799833495414,290.273540537871,295.9508866438156,7221900.0,,,,,,,,,,,,,,,
2025-09-03,,,,,,JPM,,,,,,,,,,,,,,,,,,,,,,,,,,295.211669921875,296.25645520177414,292.1265844883639,296.25645520177414,6316900.0,,,,,,,,,,,,,,,
2025-09-04,,,,,,JPM,,,,,,,,,,,,,,,,,,,,,,,,,,299.4598083496094,300.0610396446901,293.99930589050996,295.694622931837,6605800.0,,,,,,,,,,,,,,,
2025-09-05,,,,,,JPM,,,,,,,,,,,,,,,,,,,,,,,,,,290.1552734375,300.7706992658433,290.08627080836624,299.2922261938372,9837700.0,,,,,,,,,,,,,,,
2025-09-08,,,,,,JPM,,,,,,,,,,,,,,,,,,,,,,,,,,288.70635986328125,292.20540066234315,287.2574550934962,290.6579550877705,8188500.0,,,,,,,,,,,,,,,
2025-09-09,,,,,,JPM,,,,,,,,,,,,,,,,,,,,,,,,,,293.57550048828125,294.7089905900123,288.1149977252914,288.40084429899173,7848200.0,,,,,,,,,,,,,,,
2025-09-10,,,,,,JPM,,,,,,,,,,,,,,,,,,,,,,,,,,296.22686767578125,297.2125163723058,291.1606189374317,292.44198029068025,7787300.0,,,,,,,,,,,,,,,
2025-09-11,,,,,,JPM,,,,,,,,,,,,,,,,,,,,,,,,,,301.1748046875,301.342378196144,296.4732713682419,296.91679522122274,7942500.0,,,,,,,,,,,,,,,
2025-09-12,,,,,,JPM,,,,,,,,,,,,,,,,,,,,,,,,,,302.5054626464844,303.13626220753474,299.3415385689925,300.622869917122,6846700.0,,,,,,,,,,,,,,,
2025-09-15,,,,,,JPM,,,,,,,,,,,,,,,,,,,,,,,,,,304.46685791015625,305.50180702662493,302.76170501933825,302.76170501933825,7122000.0,,,,,,,,,,,,,,,
2025-09-16,,,,,,JPM,,,,,,,,,,,,,,,,,,,,,,,,,,304.75274658203125,306.43819756185593,302.72231251567524,305.55111968192784,10525600.0,,,,,,,,,,,,,,,
2025-09-17,,,,,,JPM,,,,,,,,,,,,,,,,,,,,,,,,,,307.2759704589844,308.41932651675705,304.3387266167954,305.9355027165261,8657800.0,,,,,,,,,,,,,,,
2025-09-18,,,,,,JPM,,,,,,,,,,,,,,,,,,,,,,,,,,308.73480224609375,308.9417800837306,305.1667281175776,307.3154654859234,8050700.0,,,,,,,,,,,,,,,
2025-09-19,,,,,,JPM,,,,,,,,,,,,,,,,,,,,,,,,,,310.26251220703125,311.2678631029987,304.68373667454165,309.09945390156855,23568600.0,,,,,,,,,,,,,,,
2025-09-22,,,,,,JPM,,,,,,,,,,,,,,,,,,,,,,,,,,307.9560852050781,309.198012204534,305.11741210895696,305.35395817376326,7520200.0,,,,,,,,,,,,,,,
2025-09-23,,,,,,JPM,,,,,,,,,,,,,,,,,,,,,,,,,,308.2517395019531,311.7705122911332,306.12273487521253,307.34495961699116,8584400.0,,,,,,,,,,,,,,,
2025-09-24,,,,,,JPM,,,,,,,,,,,,,,,,,,,,,,,,,,308.92205810546875,312.036681822986,307.1971727167786,309.54299157852137,7310500.0,,,,,,,,,,,,,,,
2025-09-25,,,,,,JPM,,,,,,,,,,,,,,,,,,,,,,,,,,308.95159912109375,311.12000822788536,307.3252546914858,309.61196690994507,7083200.0,,,,,,,,,,,,,,,
2025-09-26,,,,,,JPM,,,,,,,,,,,,,,,,,,,,,,,,,,311.52410888671875,313.2489940185383,309.1979925185918,310.3807528469309,7258100.0,,,,,,,,,,,,,,,
2025-09-29,,,,,,JPM,,,,,,,,,,,,,,,,,,,,,,,,,,311.159423828125,313.4461359086411,309.15855827757576,312.5097576619959,6462400.0,,,,,,,,,,,,,,,
2025-09-30,,,,,,JPM,,,,,,,,,,,,,,,,,,,,,,,,,,310.9031677246094,312.85476301381095,305.65950932869447,311.71140689202116,11823300.0,,,,,,,,,,,,,,,
2025-10-01,,,,,,JPM,,,,,,,,,,,,,,,,,,,,,,,,,,306.25091552734375,310.0752375005356,302.99828667529783,309.46414008660315,9235200.0,,,,,,,,,,,,,,,
2025-10-02,,,,,,JPM,,,,,,,,,,,,,,,,,,,,,,,,,,303.13623046875,306.1030425326149,301.7464923414213,305.5510816946321,7600000.0,,,,,,,,,,,,,,,
2025-10-03,,,,,,JPM,,,,,,,,,,,,,,,,,,,,,,,,,,305.5806579589844,307.18727011434805,303.78677014872494,304.08248279942853,6029900.0,,,,,,,,,,,,,,,
2025-10-06,,,,,,JPM,,,,,,,,,,,,,,,,,,,,,,,,,,306.22442626953125,308.7698659390142,302.2131538143922,307.21486689804453,7214500.0,,,,,,,,,,,,,,,
2025-10-07,,,,,,JPM,,,,,,,,,,,,,,,,,,,,,,,,,,304.74871826171875,307.0465480670538,301.78731007714714,306.39285354178503,8454200.0,,,,,,,,,,,,,,,
2025-10-08,,,,,,JPM,,,,,,,,,,,,,,,,,,,,,,,,,,301.1236572265625,305.8282501205831,300.64823485280857,305.2636917190969,6489900.0,,,,,,,,,,,,,,,
2025-10-09,,,,,,JPM,,,,,,,,,,,,,,,,,,,,,,,,,,302.6093444824219,305.09536030036105,300.4898171115272,302.13392206728275,7060300.0,,,,,,,,,,,,,,,
2025-10-10,,,,,,JPM,,,,,,,,,,,,,,,,,,,,,,,,,,298.0137023925781,307.50211054267186,297.9344502139145,302.7380934229591,8597400.0,,,,,,,,,,,,,,,
2025-10-13,,,,,,JPM,,,,,,,,,,,,,,,,,,,,,,,,,,305.0260314941406,306.5017785031187,302.53013174675476,302.6786918104351,10788700.0,,,,,,,,,,,,,,,
2025-10-14,,,,,,JPM,,,,,,,,,,,,,,,,,,,,,,,,,,299.19232177734375,304.0653034578676,291.39755808509767,302.91638858642943,16178800.0,,,,,,,,,,,,,,,
2025-10-15,,,,,,JPM,,,,,,,,,,,,,,,,,,,,,,,,,,302.767822265625,309.13634876005415,302.520212088773,303.4611428511513,11354800.0,,,,,,,,,,,,,,,
2025-10-16,,,,,,JPM,,,,,,,,,,,,,,,,,,,,,,,,,,295.6861572265625,305.72920960204,294.2302082762473,302.43105556912377,10549400.0,,,,,,,,,,,,,,,
2025-10-17,,,,,,JPM,,,,,,,,,,,,,,,,,,,,,,,,,,294.7155456542969,296.68651306450823,291.3876792596173,296.30025689141456,10153500.0,,,,,,,,,,,,,,,
2025-10-20,,,,,,JPM,,,,,,,,,,,,,,,,,,,,,,,,,,299.4696350097656,300.78693806489423,295.3098022126917,295.6465484229892,6894900.0,,,,,,,,,,,,,,,
2025-10-21,,,,,,JPM,,,,,,,,,,,,,,,,,,,,,,,,,,294.25,301.1434582480101,294.16086397135297,298.7763208850087,7372700.0,,,,,,,,,,,,,,,
2025-10-22,,,,,,JPM,,,,,,,,,,,,,,,,,,,,,,,,,,291.29852294921875,295.21077611588424,287.76267234049385,294.92353982678844,8054100.0,,,,,,,,,,,,,,,
2025-10-23,,,,,,JPM,,,,,,,,,,,,,,,,,,,,,,,,,,291.72442626953125,293.53691953831486,289.7138327608809,291.5659521228084,5438800.0,,,,,,,,,,,,,,,
2025-10-24,,,,,,JPM,,,,,,,,,,,,,,,,,,,,,,,,,,297.5679931640625,299.70734860853685,292.6257039619419,293.2496561856281,7228300.0,,,,,,,,,,,,,,,
2025-10-27,,,,,,JPM,,,,,,,,,,,,,,,,,,,,,,,,,,301.2425231933594,301.6188954834183,298.13255521259686,299.27155593587753,5642200.0,,,,,,,,,,,,,,,
2025-10-28,,,,,,JPM,,,,,,,,,,,,,,,,,,,,,,,,,,302.44097900390625,305.0260451309229,300.26202744552563,301.9457586189306,6336000.0,,,,,,,,,,,,,,,
2025-10-29,,,,,,JPM,,,,,,,,,,,,,,,,,,,,,,,,,,302.5895690917969,305.3033671273222,300.1134671686232,300.6086875532579,7520300.0,,,,,,,,,,,,,,,
2025-10-30,,,,,,JPM,,,,,,,,,,,,,,,,,,,,,,,,,,306.4819641113281,309.62164411662417,302.1834552198523,302.8668617019339,7514600.0,,,,,,,,,,,,,,,
2025-10-31,,,,,,JPM,,,,,,,,,,,,,,,,,,,,,,,,,,308.1459045410156,309.8791757592273,304.3129038831637,305.5905808443981,7721300.0,,,,,,,,,,,,,,,
2025-11-03,,,,,,JPM,,,,,,,,,,,,,,,,,,,,,,,,,,306.3928527832031,309.3344630267029,303.28285431242927,308.02707397940236,7770000.0,,,,,,,,,,,,,,,
2025-11-04,,,,,,JPM,,,,,,,,,,,,,,,,,,,,,,,,,,306.2937927246094,309.23540287266394,302.1834697809128,303.7780648320401,7085200.0,,,,,,,,,,,,,,,
2025-11-05,,,,,,JPM,,,,,,,,,,,,,,,,,,,,,,,,,,308.7005615234375,310.107000668758,302.70840715746203,306.6503419445097,6865200.0,,,,,,,,,,,,,,,
2025-11-06,,,,,,JPM,,,,,,,,,,,,,,,,,,,,,,,,,,310.4239501953125,311.83035912038315,307.2941538281452,308.01715622418413,7206100.0,,,,,,,,,,,,,,,
2025-11-07,,,,,,JPM,,,,,,,,,,,,,,,,,,,,,,,,,,311.20635986328125,311.4242580235003,304.6991875199946,308.90856044061366,7302300.0,,,,,,,,,,,,,,,
2025-11-10,,,,,,JPM,,,,,,,,,,,,,,,,,,,,,,,,,,313.86077880859375,316.5052386427636,311.2063746689554,311.9888313123107,5794100.0,,,,,,,,,,,,,,,
2025-11-11,,,,,,JPM,,,,,,,,,,,,,,,,,,,,,,,,,,312.6029052734375,316.00010979819433,312.2661590448994,314.4649387231156,5030200.0,,,,,,,,,,,,,,,
2025-11-12,,,,,,JPM,,,,,,,,,,,,,,,,,,,,,,,,,,317.34710693359375,319.16951418656384,313.1872439213492,313.23678409164455,10578300.0,,,,,,,,,,,,,,,
2025-11-13,,,,,,JPM,,,,,,,,,,,,,,,,,,,,,,,,,,306.5216064453125,317.565014483568,306.1452341336872,316.17840351377913,8973300.0,,,,,,,,,,,,,,,
2025-11-14,,,,,,JPM,,,,,,,,,,,,,,,,,,,,,,,,,,300.70770263671875,304.69920788981074,298.3504790333013,304.57044575572996,10327000.0,,,,,,,,,,,,,,,
2025-11-17,,,,,,JPM,,,,,,,,,,,,,,,,,,,,,,,,,,297.4986572265625,302.66875869849656,294.8244855709175,301.0939616708072,8344000.0,,,,,,,,,,,,,,,
2025-11-18,,,,,,JPM,,,,,,,,,,,,,,,,,,,,,,,,,,296.5478515625,300.05402007948175,294.1806837974681,296.6369875977812,8077300.0,,,,,,,,,,,,,,,
2025-11-19,,,,,,JPM,,,,,,,,,,,,,,,,,,,,,,,,,,300.3709411621094,301.5396841634701,296.409178349521,296.8746866890342,5546600.0,,,,,,,,,,,,,,,
2025-11-20,,,,,,JPM,,,,,,,,,,,,,,,,,,,,,,,,,,295.5277099609375,306.95740445253,295.3098117912242,303.411609711364,7501600.0,,,,,,,,,,,,,,,
2025-11-21,,,,,,JPM,,,,,,,,,,,,,,,,,,,,,,,,,,295.1711120605469,298.7961284719156,290.01092472978763,298.40987233529637,11766800.0,,,,,,,,,,,,,,,
2025-11-24,,,,,,JPM,,,,,,,,,,,,,,,,,,,,,,,,,,295.1513366699219,296.9539460474125,291.69470820468445,295.3890327721484,10940200.0,,,,,,,,,,,,,,,
2025-11-25,,,,,,JPM,,,,,,,,,,,,,,,,,,,,,,,,,,300.103515625,301.5891765934406,292.7346348034667,297.18170363006027,8877200.0,,,,,,,,,,,,,,,
2025-11-26,,,,,,JPM,,,,,,,,,,,,,,,,,,,,,,,,,,304.6991882324219,305.5806647286523,300.30162915288383,302.0844103036798,7910900.0,,,,,,,,,,,,,,,
2025-11-28,,,,,,JPM,,,,,,,,,,,,,,,,,,,,,,,,,,310.0871887207031,310.7210853336642,305.29345893213815,306.14525372757277,4322400.0,,,,,,,,,,,,,,,
2025-12-01,,,,,,JPM,,,,,,,,,,,,,,,,,,,,,,,,,,305.96697998046875,311.038031953238,305.5906076467962,309.958455126882,7727300.0,,,,,,,,,,,,,,,
2025-12-02,,,,,,JPM,,,,,,,,,,,,,,,,,,,,,,,,,,304.9368896484375,307.5120415313108,304.1544330268201,305.7886541478843,7249000.0,,,,,,,,,,,,,,,
2025-12-03,,,,,,JPM,,,,,,,,,,,,,,,,,,,,,,,,,,309.1462707519531,309.37405277594195,303.86720471987456,304.26340519365976,8535300.0,,,,,,,,,,,,,,,
2025-12-04,,,,,,JPM,,,,,,,,,,,,,,,,,,,,,,,,,,313.07830810546875,315.44544563675794,310.00793592177615,310.2654601734084,9627800.0,,,,,,,,,,,,,,,
2025-12-05,,,,,,JPM,,,,,,,,,,,,,,,,,,,,,,,,,,312.0284729003906,315.4355916137351,311.6718985008828,312.62274341566774,6518900.0,,,,,,,,,,,,,,,
2025-12-08,,,,,,JPM,,,,,,,,,,,,,,,,,,,,,,,,,,312.1968078613281,313.44477282870224,310.3546026483966,312.0482477999388,7417200.0,,,,,,,,,,,,,,,
2025-12-09,,,,,,JPM,,,,,,,,,,,,,,,,,,,,,,,,,,297.6373596191406,315.7524991840304,297.15202309779255,311.939326475107,18049200.0,,,,,,,,,,,,,,,
2025-12-10,,,,,,JPM,,,,,,,,,,,,,,,,,,,,,,,,,,307.1455383300781,308.2152311685389,295.60691069504315,297.62741810314117,18874100.0,,,,,,,,,,,,,,,
2025-12-11,,,,,,JPM,,,,,,,,,,,,,,,,,,,,,,,,,,314.3460693359375,314.96013772429524,306.2838676543348,306.2838676543348,9721900.0,,,,,,,,,,,,,,,
2025-12-12,,,,,,JPM,,,,,,,,,,,,,,,,,,,,,,,,,,315.47515869140625,317.20842990436694,313.5735294870918,316.6240735225281,8982900.0,,,,,,,,,,,,,,,
2025-12-15,,,,,,JPM,,,,,,,,,,,,,,,,,,,,,,,,,,316.9608459472656,319.7935222813264,315.3464528736662,316.534963668203,10864100.0,,,,,,,,,,,,,,,
2025-12-16,,,,,,JPM,,,,,,,,,,,,,,,,,,,,,,,,,,312.5335388183594,316.46558945571707,311.3945381021762,316.0397072252412,8331300.0,,,,,,,,,,,,,,,
2025-12-17,,,,,,JPM,,,,,,,,,,,,,,,,,,,,,,,,,,311.9690246582031,316.3170436429019,311.65207637787455,315.3860269605939,8718700.0,,,,,,,,,,,,,,,
2025-12-18,,,,,,JPM,,,,,,,,,,,,,,,,,,,,,,,,,,310.0079345703125,314.66301788263524,309.2353920446346,312.979256626897,11444900.0,,,,,,,,,,,,,,,
2025-12-19,,,,,,JPM,,,,,,,,,,,,,,,,,,,,,,,,,,314.17767333984375,315.51477427620307,310.1961127673861,310.79038320864026,24494400.0,,,,,,,,,,,,,,,
2025-12-22,,,,,,JPM,,,,,,,,,,,,,,,,,,,,,,,,,,320.00146484375,320.14014104266494,314.47481933577194,314.47481933577194,8354600.0,,,,,,,,,,,,,,,
2025-12-23,,,,,,JPM,,,,,,,,,,,,,,,,,,,,,,,,,,322.8143310546875,324.6466524002949,320.00148308544306,320.51650136966475,6668300.0,,,,,,,,,,,,,,,
2025-12-24,,,,,,JPM,,,,,,,,,,,,,,,,,,,,,,,,,,326.02337646484375,326.8355148620812,322.3884458193645,323.1213622604756,4289300.0,,,,,,,,,,,,,,,
2025-12-26,,,,,,JPM,,,,,,,,,,,,,,,,,,,,,,,,,,324.7754211425781,327.6972031402456,323.4185221880518,325.9639318748006,4158300.0,,,,,,,,,,,,,,,
2025-12-29,,,,,,JPM,,,,,,,,,,,,,,,,,,,,,,,,,,320.6551818847656,324.63674268276935,320.43728371815735,323.8741142125664,8635300.0,,,,,,,,,,,,,,,
2025-12-30,,,,,,JPM,,,,,,,,,,,,,,,,,,,,,,,,,,320.3283386230469,321.83379757815135,319.40720581728044,321.7050354533748,7904300.0,,,,,,,,,,,,,,,
2025-12-31,,,,,,JPM,,,,,,,,,,,,,,,,,,,,,,,,,,319.1398010253906,321.77437689354394,318.9615289550125,321.2395304565584,5048500.0,,,,,,,,,,,,,,,
2026-01-02,,,,,,JPM,,,,,,,,,,,,,,,,,,,,,,,,,,322.36865234375,322.61626252061376,317.6739428368343,319.4171281542276,8054000.0,,,,,,,,,,,,,,,
2026-01-05,,,,,,JPM,,,,,,,,,,,,,,,,,,,,,,,,,,330.8468322753906,334.026138578159,322.08142570711647,322.3884599175412,10752600.0,,,,,,,,,,,,,,,
2026-01-06,,,,,,JPM,,,,,,,,,,,,,,,,,,,,,,,,,,332.90625,334.1598441675407,328.96642165340415,330.92639220894705,7660800.0,,,,,,,,,,,,,,,
2026-01-07,,,,,,JPM,,,,,,,,,,,,,,,,,,,,,,,,,,325.3250732421875,330.45880399676645,322.947258062395,329.4539672046419,9815200.0,,,,,,,,,,,,,,,
2026-01-08,,,,,,JPM,,,,,,,,,,,,,,,,,,,,,,,,,,328.11083984375,329.7126277455971,323.99190461809644,324.7281574581884,11737100.0,,,,,,,,,,,,,,,
2026-01-09,,,,,,JPM,,,,,,,,,,,,,,,,,,,,,,,,,,327.5138854980469,330.21007865256746,326.49908990111055,327.6631156796267,6738100.0,,,,,,,,,,,,,,,
2026-01-12,,,,,,JPM,,,,,,,,,,,,,,,,,,,,,,,,,,322.8377990722656,324.3600076252465,319.59441851466954,320.2411028663189,12805100.0,,,,,,,,,,,,,,,
2026-01-13,,,,,,JPM,,,,,,,,,,,,,,,,,,,,,,,,,,309.3169860839844,325.1957141371429,308.9886797025588,322.64875130423195,19371200.0,,,,,,,,,,,,,,,
2026-01-14,,,,,,JPM,,,,,,,,,,,,,,,,,,,,,,,,,,306.30242919921875,310.17263725890126,304.5613395847709,306.6307659579143,25951500.0,,,,,,,,,,,,,,,
2026-01-15,,,,,,JPM,,,,,,,,,,,,,,,,,,,,,,,,,,307.68536376953125,311.3466191836246,306.18304245620016,306.8993776774091,14751400.0,,,,,,,,,,,,,,,
2026-01-16,,,,,,JPM,,,,,,,,,,,,,,,,,,,,,,,,,,310.8789978027344,315.5948534301565,308.42157308655703,308.76979706409315,14652500.0,,,,,,,,,,,,,,,
2026-01-20,,,,,,JPM,,,,,,,,,,,,,,,,,,,,,,,,,,301.19854736328125,309.56573031914434,300.323023148028,304.65088058894946,12900600.0,,,,,,,,,,,,,,,
2026-01-21,,,,,,JPM,,,,,,,,,,,,,,,,,,,,,,,,,,300.50213623046875,303.8450138204667,299.61665319654776,301.88504309324475,10270100.0,,,,,,,,,,,,,,,
2026-01-22,,,,,,JPM,,,,,,,,,,,,,,,,,,,,,,,,,,302.0840148925781,306.6307531542374,301.35772089620315,303.3077326815458,10535800.0,,,,,,,,,,,,,,,
2026-01-23,,,,,,JPM,,,,,,,,,,,,,,,,,,,,,,,,,,296.2041015625,300.8304191049288,295.000271015744,300.4623078902987,11107900.0,,,,,,,,,,,,,,,
2026-01-26,,,,,,JPM,,,,,,,,,,,,,,,,,,,,,,,,,,299.5072021484375,300.243424572115,295.9354850066467,296.2936374196168,11752700.0,,,,,,,,,,,,,,,
2026-01-27,,,,,,JPM,,,,,,,,,,,,,,,,,,,,,,,,,,298.7809143066406,300.4324657566407,296.6319086980451,299.7957098597862,11527400.0,,,,,,,,,,,,,,,
2026-01-28,,,,,,JPM,,,,,,,,,,,,,,,,,,,,,,,,,,299.2385559082031,300.38272473319716,296.53240414079806,298.74110176244625,9556700.0,,,,,,,,,,,,,,,
2026-01-29,,,,,,JPM,,,,,,,,,,,,,,,,,,,,,,,,,,304.8598327636719,305.2677184721844,300.6812055104527,300.86028172816947,11580000.0,,,,,,,,,,,,,,,
2026-01-30,,,,,,JPM,,,,,,,,,,,,,,,,,,,,,,,,,,304.33251953125,306.36211063628633,301.0194578342246,303.6957636347891,11953200.0,,,,,,,,,,,,,,,
2026-02-02,,,,,,JPM,,,,,,,,,,,,,,,,,,,,,,,,,,306.5710754394531,307.72514241386267,299.83552643648,302.9097896135357,9839400.0,,,,,,,,,,,,,,,
2026-02-03,,,,,,JPM,,,,,,,,,,,,,,,,,,,,,,,,,,313.24688720703125,314.6397527673971,307.5261644294422,308.15296152215484,12688000.0,,,,,,,,,,,,,,,
2026-02-04,,,,,,JPM,,,,,,,,,,,,,,,,,,,,,,,,,,315.654541015625,317.68416242077944,312.809117891095,312.809117891095,9848800.0,,,,,,,,,,,,,,,
2026-02-05,,,,,,JPM,,,,,,,,,,,,,,,,,,,,,,,,,,308.5807800292969,314.4009999973286,303.98430827226673,313.3961328396234,9388000.0,,,,,,,,,,,,,,,
2026-02-06,,,,,,JPM,,,,,,,,,,,,,,,,,,,,,,,,,,320.7584533691406,322.59903993155126,313.10760555212,313.10760555212,17797400.0,,,,,,,,,,,,,,,
2026-02-09,,,,,,JPM,,,,,,,,,,,,,,,,,,,,,,,,,,320.4599914550781,324.73808529326595,318.4801031561584,319.70385137937853,11477500.0,,,,,,,,,,,,,,,
2026-02-10,,,,,,JPM,,,,,,,,,,,,,,,,,,,,,,,,,,316.659423828125,324.4694603347238,313.51550984428656,320.9076714905845,9902200.0,,,,,,,,,,,,,,,
2026-02-11,,,,,,JPM,,,,,,,,,,,,,,,,,,,,,,,,,,309.2374267578125,323.6237932822943,307.15807190859783,321.5941717066872,8703500.0,,,,,,,,,,,,,,,
2026-02-12,,,,,,JPM,,,,,,,,,,,,,,,,,,,,,,,,,,301.09906005859375,312.0231336727285,298.492374829366,310.68996020493864,13443400.0,,,,,,,,,,,,,,,
2026-02-13,,,,,,JPM,,,,,,,,,,,,,,,,,,,,,,,,,,301.0094909667969,302.740652037527,295.0101951931391,297.0000117729552,9114500.0,,,,,,,,,,,,,,,
2026-02-17,,,,,,JPM,,,,,,,,,,,,,,,,,,,,,,,,,,305.5661926269531,306.6705262718474,300.95976231603305,301.21844819128046,8896800.0,,,,,,,,,,,,,,,
2026-02-18,,,,,,JPM,,,,,,,,,,,,,,,,,,,,,,,,,,307.2077941894531,310.6899733588093,305.6557396172298,306.8894162356143,7209600.0,,,,,,,,,,,,,,,
2026-02-19,,,,,,JPM,,,,,,,,,,,,,,,,,,,,,,,,,,306.48150634765625,307.6057576457843,303.5664321569553,305.6060125002564,6737700.0,,,,,,,,,,,,,,,
2026-02-20,,,,,,JPM,,,,,,,,,,,,,,,,,,,,,,,,,,309.20758056640625,309.4165028225248,304.12358301143166,306.829734990155,7792700.0,,,,,,,,,,,,,,,
2026-02-23,,,,,,JPM,,,,,,,,,,,,,,,,,,,,,,,,,,296.1543884277344,309.4165036660153,293.5974666249826,307.22769310292153,12955400.0,,,,,,,,,,,,,,,
2026-02-24,,,,,,JPM,,,,,,,,,,,,,,,,,,,,,,,,,,295.7862243652344,298.22376183621185,289.89638425356503,295.3086878147805,13554100.0,,,,,,,,,,,,,,,
2026-02-25,,,,,,JPM,,,,,,,,,,,,,,,,,,,,,,,,,,301.75567626953125,302.113859047087,295.4977249020647,297.1194302945208,8095500.0,,,,,,,,,,,,,,,
2026-02-26,,,,,,JPM,,,,,,,,,,,,,,,,,,,,,,,,,,304.5712890625,307.4366298839601,302.0939770599508,303.02916294815697,7007800.0,,,,,,,,,,,,,,,
2026-02-27,,,,,,JPM,,,,,,,,,,,,,,,,,,,,,,,,,,298.7709655761719,301.4074969953331,292.9507760142178,298.4725052158334,18620800.0,,,,,,,,,,,,,,,
2026-03-02,,,,,,JPM,,,,,,,,,,,,,,,,,,,,,,,,,,296.044921875,298.45261340621465,291.7170645432447,293.3089239524434,8508900.0,,,,,,,,,,,,,,,
2026-03-03,,,,,,JPM,,,,,,,,,,,,,,,,,,,,,,,,,,298.7311706542969,300.8503301542204,288.0259478174434,290.80175042735664,10278200.0,,,,,,,,,,,,,,,
2026-03-04,,,,,,JPM,,,,,,,,,,,,,,,,,,,,,,,,,,297.8656311035156,299.4674190034017,294.31380094003714,298.4625518350298,8055700.0,,,,,,,,,,,,,,,
2026-03-05,,,,,,JPM,,,,,,,,,,,,,,,,,,,,,,,,,,292.0553283691406,299.7061758621692,290.9410358965662,296.46279534996694,12732500.0,,,,,,,,,,,,,,,
2026-03-06,,,,,,JPM,,,,,,,,,,,,,,,,,,,,,,,,,,288.0060729980469,288.51345559776433,282.2654325280704,284.88204628210366,13496500.0,,,,,,,,,,,,,,,
2026-03-09,,,,,,JPM,,,,,,,,,,,,,,,,,,,,,,,,,,288.44384765625,289.61783224456605,279.02206418875625,284.04633930656934,12241100.0,,,,,,,,,,,,,,,
2026-03-10,,,,,,JPM,,,,,,,,,,,,,,,,,,,,,,,,,,287.2598876953125,291.25940817695187,285.7177615952499,287.81703392074905,8344900.0,,,,,,,,,,,,,,,
2026-03-11,,,,,,JPM,,,,,,,,,,,,,,,,,,,,,,,,,,286.0560302734375,289.00098077209634,283.40957048917664,287.339470512306,10205000.0,,,,,,,,,,,,,,,
2026-03-12,,,,,,JPM,,,,,,,,,,,,,,,,,,,,,,,,,,281.44964599609375,282.4345955757058,277.6789347371047,281.38992356011664,13760500.0,,,,,,,,,,,,,,,
2026-03-13,,,,,,JPM,,,,,,,,,,,,,,,,,,,,,,,,,,281.996826171875,285.72773249785536,281.50933079451545,283.2205743771862,9091200.0,,,,,,,,,,,,,,,
2026-03-16,,,,,,JPM,,,,,,,,,,,,,,,,,,,,,,,,,,284.7029724121094,287.7971227560318,283.16084627757465,284.88204862524725,8149000.0,,,,,,,,,,,,,,,
2026-03-17,,,,,,JPM,,,,,,,,,,,,,,,,,,,,,,,,,,285.42926025390625,290.2744588762506,284.4940440114858,287.5285022187445,8961200.0,,,,,,,,,,,,,,,
2026-03-18,,,,,,JPM,,,,,,,,,,,,,,,,,,,,,,,,,,286.27490234375,287.93641255144826,283.6682474755719,285.36953215418885,10057000.0,,,,,,,,,,,,,,,
2026-03-19,,,,,,JPM,,,,,,,,,,,,,,,,,,,,,,,,,,286.5037536621094,288.0359209952396,283.1708046765218,285.4193072233837,9846700.0,,,,,,,,,,,,,,,
2026-03-20,,,,,,JPM,,,,,,,,,,,,,,,,,,,,,,,,,,285.1009216308594,289.2297850267638,283.81748141518966,286.61317132501995,22436500.0,,,,,,,,,,,,,,,
2026-03-23,,,,,,JPM,,,,,,,,,,,,,,,,,,,,,,,,,,288.4338684082031,294.24412922690453,286.5037438804951,292.8114588483544,11470800.0,,,,,,,,,,,,,,,
2026-03-24,,,,,,JPM,,,,,,,,,,,,,,,,,,,,,,,,,,290.91119384765625,293.9755285514211,283.9169894005904,284.71293429347423,11092300.0,,,,,,,,,,,,,,,
2026-03-25,,,,,,JPM,,,,,,,,,,,,,,,,,,,,,,,,,,293.91583251953125,296.1245302289603,290.950994762599,292.6522795072885,12188200.0,,,,,,,,,,,,,,,
2026-03-26,,,,,,JPM,,,,,,,,,,,,,,,,,,,,,,,,,,290.1749572753906,293.48798854194115,289.24969984697105,291.0902559049482,8669200.0,,,,,,,,,,,,,,,
2026-03-27,,,,,,JPM,,,,,,,,,,,,,,,,,,,,,,,,,,281.3998718261719,288.63284454259417,280.31542537678433,287.66781259849654,9873300.0,,,,,,,,,,,,,,,
2026-03-30,,,,,,JPM,,,,,,,,,,,,,,,,,,,,,,,,,,282.32513427734375,285.787426299191,280.89246381052374,283.2901966006573,11734400.0,,,,,,,,,,,,,,,
2026-03-31,,,,,,JPM,,,,,,,,,,,,,,,,,,,,,,,,,,292.6622314453125,293.56760164880984,283.4991344325332,287.0012007453536,12956900.0,,,,,,,,,,,,,,,
2026-04-01,,,,,,JPM,,,,,,,,,,,,,,,,,,,,,,,,,,293.87603759765625,297.19902789200404,291.41861272257177,293.8859963972044,11267200.0,,,,,,,,,,,,,,,
2026-04-02,,,,,,JPM,,,,,,,,,,,,,,,,,,,,,,,,,,293.1000061035156,294.1148016905453,287.2499401451481,290.4237002119346,6669300.0,,,,,,,,,,,,,,,
2026-04-06,,,,,,JPM,,,,,,,,,,,,,,,,,,,,,,,,,,295.45001220703125,296.8299865722656,293.20001220703125,294.05999755859375,7142600.0,,,,,,,,,,,,,,,
2026-04-07,,,,,,JPM,,,,,,,,,,,,,,,,,,,,,,,,,,297.3999938964844,298.17999267578125,292.70001220703125,293.1400146484375,7849100.0,,,,,,,,,,,,,,,
2026-04-08,,,,,,JPM,,,,,,,,,,,,,,,,,,,,,,,,,,307.9700012207031,311.260009765625,305.3299865722656,307.9700012207031,10590200.0,,,,,,,,,,,,,,,
2026-04-09,,,,,,JPM,,,,,,,,,,,,,,,,,,,,,,,,,,310.3299865722656,311.260009765625,306.1099853515625,306.95001220703125,6586600.0,,,,,,,,,,,,,,,
2026-04-10,,,,,,JPM,,,,,,,,,,,,,,,,,,,,,,,,,,309.8699951171875,310.3500061035156,306.7200012207031,310.0,6069700.0,,,,,,,,,,,,,,,
2026-04-13,,,,,,JPM,,,,,,,,,,,,,,,,,,,,,,,,,,313.67999267578125,313.739990234375,305.4599914550781,307.4700012207031,8318200.0,,,,,,,,,,,,,,,
2026-04-14,,,,,,JPM,,,,,,,,,,,,,,,,,,,,,,,,,,311.1199951171875,314.32000732421875,308.8699951171875,309.82000732421875,11455500.0,,,,,,,,,,,,,,,
2026-04-15,,,,,,JPM,,,,,,,,,,,,,,,,,,,,,,,,,,305.92999267578125,314.239990234375,304.260009765625,313.95001220703125,9885800.0,,,,,,,,,,,,,,,
2026-04-16,,,,,,JPM,,,,,,,,,,,,,,,,,,,,,,,,,,309.95001220703125,309.95001220703125,305.20001220703125,305.3500061035156,8208600.0,,,,,,,,,,,,,,,
2026-04-17,,,,,,JPM,,,,,,,,,,,,,,,,,,,,,,,,,,310.2900085449219,314.8999938964844,310.0899963378906,312.4700012207031,11082400.0,,,,,,,,,,,,,,,
2026-04-20,,,,,,JPM,,,,,,,,,,,,,,,,,,,,,,,,,,316.989990234375,317.1300048828125,310.3699951171875,310.8500061035156,10772000.0,,,,,,,,,,,,,,,
2026-04-21,,,,,,JPM,,,,,,,,,,,,,,,,,,,,,,,,,,313.0,320.239990234375,312.75,317.489990234375,7084300.0,,,,,,,,,,,,,,,
2026-04-22,,,,,,JPM,,,,,,,,,,,,,,,,,,,,,,,,,,313.0199890136719,315.1499938964844,311.94000244140625,314.8500061035156,5545900.0,,,,,,,,,,,,,,,
2026-04-23,,,,,,JPM,,,,,,,,,,,,,,,,,,,,,,,,,,311.69000244140625,314.989990234375,308.8900146484375,313.5199890136719,6969700.0,,,,,,,,,,,,,,,
2026-04-24,,,,,,JPM,,,,,,,,,,,,,,,,,,,,,,,,,,308.2799987792969,311.1499938964844,307.8900146484375,311.1499938964844,5215300.0,,,,,,,,,,,,,,,
2026-04-27,,,,,,JPM,,,,,,,,,,,,,,,,,,,,,,,,,,311.6300048828125,312.5799865722656,306.8800048828125,306.8800048828125,7925300.0,,,,,,,,,,,,,,,
2026-04-28,,,,,,JPM,,,,,,,,,,,,,,,,,,,,,,,,,,311.45001220703125,315.45001220703125,311.1700134277344,315.20001220703125,7398600.0,,,,,,,,,,,,,,,
2026-04-29,,,,,,JPM,,,,,,,,,,,,,,,,,,,,,,,,,,309.25,312.04998779296875,307.2900085449219,310.57000732421875,8031800.0,,,,,,,,,,,,,,,
2026-04-30,,,,,,JPM,,,,,,,,,,,,,,,,,,,,,,,,,,313.2300109863281,314.1000061035156,306.57000732421875,307.07000732421875,8865400.0,,,,,,,,,,,,,,,
2026-05-01,,,,,,JPM,,,,,,,,,,,,,,,,,,,,,,,,,,312.4700012207031,316.0799865722656,311.8299865722656,313.95001220703125,6135400.0,,,,,,,,,,,,,,,
2026-05-04,,,,,,JPM,,,,,,,,,,,,,,,,,,,,,,,,,,307.6499938964844,310.6499938964844,306.510009765625,310.6199951171875,7338200.0,,,,,,,,,,,,,,,
2026-05-05,,,,,,JPM,,,,,,,,,,,,,,,,,,,,,,,,,,309.3999938964844,310.9700012207031,306.79998779296875,307.7099914550781,6316800.0,,,,,,,,,,,,,,,
2026-05-06,,,,,,JPM,,,,,,,,,,,,,,,,,,,,,,,,,,314.8999938964844,316.260009765625,311.3500061035156,311.45001220703125,8629500.0,,,,,,,,,,,,,,,
2026-05-07,,,,,,JPM,,,,,,,,,,,,,,,,,,,,,,,,,,306.2699890136719,316.29998779296875,306.1400146484375,314.6499938964844,8359600.0,,,,,,,,,,,,,,,
2026-05-08,,,,,,JPM,,,,,,,,,,,,,,,,,,,,,,,,,,302.1000061035156,308.989990234375,300.5,308.25,9464300.0,,,,,,,,,,,,,,,
2026-05-11,,,,,,JPM,,,,,,,,,,,,,,,,,,,,,,,,,,300.0,303.19000244140625,298.8800048828125,302.1000061035156,9512000.0,,,,,,,,,,,,,,,
2026-05-12,,,,,,JPM,,,,,,,,,,,,,,,,,,,,,,,,,,304.8800048828125,306.05999755859375,295.54998779296875,300.0199890136719,9498200.0,,,,,,,,,,,,,,,
2026-05-13,,,,,,JPM,,,,,,,,,,,,,,,,,,,,,,,,,,300.25,303.0,300.07000732421875,302.2699890136719,7709500.0,,,,,,,,,,,,,,,
2026-05-14,,,,,,JPM,,,,,,,,,,,,,,,,,,,,,,,,,,299.9100036621094,303.7503967285156,298.82000732421875,302.25,5320801.0,,,,,,,,,,,,,,,
2025-05-15,,,,,,BAC,,,,,,,,,,,,,,,,,,,,,,,,,,,,,,,43.40375518798828,43.99055523884787,43.04189155020059,43.61891321688547,47379400.0,,,,,,,,,,
2025-05-16,,,,,,BAC,,,,,,,,,,,,,,,,,,,,,,,,,,,,,,,43.706932067871094,43.80473456011381,42.69959064786457,43.36463267198061,49488100.0,,,,,,,,,,
2025-05-19,,,,,,BAC,,,,,,,,,,,,,,,,,,,,,,,,,,,,,,,43.78517150878906,44.14703138203,43.1396900207561,43.1396900207561,37915700.0,,,,,,,,,,
2025-05-20,,,,,,BAC,,,,,,,,,,,,,,,,,,,,,,,,,,,,,,,43.706932067871094,43.92209382002146,43.43309255115871,43.609133306411984,33424300.0,,,,,,,,,,
2025-05-21,,,,,,BAC,,,,,,,,,,,,,,,,,,,,,,,,,,,,,,,42.298606872558594,43.51133157819512,42.20080811776775,43.39396859550609,55594100.0,,,,,,,,,,
2025-05-22,,,,,,BAC,,,,,,,,,,,,,,,,,,,,,,,,,,,,,,,42.35729217529297,42.61157119909968,42.014989041157236,42.23015079799777,29026200.0,,,,,,,,,,
2025-05-23,,,,,,BAC,,,,,,,,,,,,,,,,,,,,,,,,,,,,,,,42.24971008300781,42.47465021743128,41.418405693233886,41.54554706687622,34875100.0,,,,,,,,,,
2025-05-27,,,,,,BAC,,,,,,,,,,,,,,,,,,,,,,,,,,,,,,,43.24727249145508,43.24727249145508,42.347508235893685,42.82673111072261,36322000.0,,,,,,,,,,
2025-05-28,,,,,,BAC,,,,,,,,,,,,,,,,,,,,,,,,,,,,,,,43.090797424316406,43.462435739306486,42.9929949223843,43.2374955810386,35673800.0,,,,,,,,,,
2025-05-29,,,,,,BAC,,,,,,,,,,,,,,,,,,,,,,,,,,,,,,,43.26683807373047,43.4819961158001,42.934317029676706,43.39397572970399,28545100.0,,,,,,,,,,
2025-05-30,,,,,,BAC,,,,,,,,,,,,,,,,,,,,,,,,,,,,,,,43.15925216674805,43.32551080404269,42.75827128357348,43.21792993013038,66537500.0,,,,,,,,,,
2025-06-02,,,,,,BAC,,,,,,,,,,,,,,,,,,,,,,,,,,,,,,,43.110355377197266,43.17881525911228,42.40619232803287,42.91475411567563,28582600.0,,,,,,,,,,
2025-06-03,,,,,,BAC,,,,,,,,,,,,,,,,,,,,,,,,,,,,,,,43.66781234741211,43.7460506060253,42.97342774925928,43.04188762458959,31320200.0,,,,,,,,,,
2025-06-04,,,,,,BAC,,,,,,,,,,,,,,,,,,,,,,,,,,,,,,,43.384193420410156,44.0981348293695,43.3646329218489,43.61891194157791,30591700.0,,,,,,,,,,
2025-06-05,,,,,,BAC,,,,,,,,,,,,,,,,,,,,,,,,,,,,,,,43.40375518798828,43.59935644853606,43.04189155020059,43.472215069562445,32020900.0,,,,,,,,,,
2025-06-06,,,,,,BAC,,,,,,,,,,,,,,,,,,,,,,,,,,,,,,,44.239952087402344,44.43670225790907,43.91530755108214,43.96449509370882,37013000.0,,,,,,,,,,
2025-06-09,,,,,,BAC,,,,,,,,,,,,,,,,,,,,,,,,,,,,,,,44.14157485961914,44.662973338235105,44.05303577855371,44.37768032671662,32414000.0,,,,,,,,,,
2025-06-10,,,,,,BAC,,,,,,,,,,,,,,,,,,,,,,,,,,,,,,,44.358001708984375,44.46621655142065,44.02352117453081,44.07270871579217,32229100.0,,,,,,,,,,
2025-06-11,,,,,,BAC,,,,,,,,,,,,,,,,,,,,,,,,,,,,,,,44.003849029541016,44.672810153512025,43.82677086420933,44.466220211548105,47873500.0,,,,,,,,,,
2025-06-12,,,,,,BAC,,,,,,,,,,,,,,,,,,,,,,,,,,,,,,,43.895633697509766,43.92514922658793,43.305375654713984,43.679207749961506,30165400.0,,,,,,,,,,
2025-06-13,,,,,,BAC,,,,,,,,,,,,,,,,,,,,,,,,,,,,,,,43.37424087524414,43.73823322588175,42.9512212166237,43.28570178965453,43281700.0,,,,,,,,,,
2025-06-16,,,,,,BAC,,,,,,,,,,,,,,,,,,,,,,,,,,,,,,,43.68904495239258,44.16125215009453,43.630017645391376,43.91531066674336,34103600.0,,,,,,,,,,
2025-06-17,,,,,,BAC,,,,,,,,,,,,,,,,,,,,,,,,,,,,,,,43.511966705322266,43.944822364239165,43.34472829827569,43.551318243251764,27489600.0,,,,,,,,,,
2025-06-18,,,,,,BAC,,,,,,,,,,,,,,,,,,,,,,,,,,,,,,,44.328495025634766,44.46622165809113,43.492291717083674,43.54147926399391,37684700.0,,,,,,,,,,
2025-06-20,,,,,,BAC,,,,,,,,,,,,,,,,,,,,,,,,,,,,,,,44.7613525390625,44.9089189386507,44.535086811724845,44.57443835198429,64591600.0,,,,,,,,,,
2025-06-23,,,,,,BAC,,,,,,,,,,,,,,,,,,,,,,,,,,,,,,,45.548362731933594,45.61722604820825,44.37768260249511,44.662975628644006,42683600.0,,,,,,,,,,
2025-06-24,,,,,,BAC,,,,,,,,,,,,,,,,,,,,,,,,,,,,,,,45.90251922607422,46.4239139803826,45.813980140175694,45.99105831197274,45437600.0,,,,,,,,,,
2025-06-25,,,,,,BAC,,,,,,,,,,,,,,,,,,,,,,,,,,,,,,,46.08943176269531,46.21732238282595,45.70576365507257,45.82381826724046,33532400.0,,,,,,,,,,
2025-06-26,,,,,,BAC,,,,,,,,,,,,,,,,,,,,,,,,,,,,,,,46.68952941894531,46.80758403072319,46.13862290839178,46.18781045358133,40127000.0,,,,,,,,,,
2025-06-27,,,,,,BAC,,,,,,,,,,,,,,,,,,,,,,,,,,,,,,,46.35505294799805,46.89612349836362,46.14846298831165,46.67969752987908,56705000.0,,,,,,,,,,
2025-06-30,,,,,,BAC,,,,,,,,,,,,,,,,,,,,,,,,,,,,,,,46.55180740356445,46.846936456711646,46.266514359322045,46.846936456711646,47921200.0,,,,,,,,,,
2025-07-01,,,,,,BAC,,,,,,,,,,,,,,,,,,,,,,,,,,,,,,,47.36832809448242,47.63394157668147,46.177968540862246,46.25667161171306,48540900.0,,,,,,,,,,
2025-07-02,,,,,,BAC,,,,,,,,,,,,,,,,,,,,,,,,,,,,,,,47.91923904418945,47.93891481373542,47.27979342140729,47.574922459058236,48003600.0,,,,,,,,,,
2025-07-03,,,,,,BAC,,,,,,,,,,,,,,,,,,,,,,,,,,,,,,,48.13566589355469,48.50949798715584,48.01761503606926,48.15534166193044,21620300.0,,,,,,,,,,
2025-07-07,,,,,,BAC,,,,,,,,,,,,,,,,,,,,,,,,,,,,,,,47.87004852294922,48.41111901715872,47.58475551140943,47.94875159624396,35567900.0,,,,,,,,,,
2025-07-08,,,,,,BAC,,,,,,,,,,,,,,,,,,,,,,,,,,,,,,,46.38456726074219,47.01417688482011,46.000895377848416,46.72888385116937,88086500.0,,,,,,,,,,
2025-07-09,,,,,,BAC,,,,,,,,,,,,,,,,,,,,,,,,,,,,,,,46.07959747314453,46.679695306018246,45.95170684824457,46.39440227846036,46227900.0,,,,,,,,,,
2025-07-10,,,,,,BAC,,,,,,,,,,,,,,,,,,,,,,,,,,,,,,,46.20748519897461,46.45342667224526,46.020567277516726,46.138621886680355,44225000.0,,,,,,,,,,
2025-07-11,,,,,,BAC,,,,,,,,,,,,,,,,,,,,,,,,,,,,,,,45.97138214111328,46.05008521801101,45.499174938034635,45.882843055987955,31653000.0,,,,,,,,,,
2025-07-14,,,,,,BAC,,,,,,,,,,,,,,,,,,,,,,,,,,,,,,,46.30586242675781,46.30586242675781,45.794303688385796,46.05008493395642,36381200.0,,,,,,,,,,
2025-07-15,,,,,,BAC,,,,,,,,,,,,,,,,,,,,,,,,,,,,,,,45.40079879760742,46.2468343381305,45.20404486267006,46.11894747027501,55145000.0,,,,,,,,,,
2025-07-16,,,,,,BAC,,,,,,,,,,,,,,,,,,,,,,,,,,,,,,,45.282745361328125,45.80414386537229,44.27930364457264,45.4991750706585,61296600.0,,,,,,,,,,
2025-07-17,,,,,,BAC,,,,,,,,,,,,,,,,,,,,,,,,,,,,,,,46.256675720214844,46.45342966204851,44.7023237077751,44.89907764960877,56480700.0,,,,,,,,,,
2025-07-18,,,,,,BAC,,,,,,,,,,,,,,,,,,,,,,,,,,,,,,,46.55180740356445,46.6108347153017,46.13862747971229,46.24683858874296,48314200.0,,,,,,,,,,
2025-07-21,,,,,,BAC,,,,,,,,,,,,,,,,,,,,,,,,,,,,,,,46.709205627441406,47.26011589595207,46.43375236957066,46.76823293388622,32199700.0,,,,,,,,,,
2025-07-22,,,,,,BAC,,,,,,,,,,,,,,,,,,,,,,,,,,,,,,,46.99449920654297,47.388003329226926,46.68953041542829,46.82725704600614,34749400.0,,,,,,,,,,
2025-07-23,,,,,,BAC,,,,,,,,,,,,,,,,,,,,,,,,,,,,,,,47.358489990234375,47.525732145255844,47.03384919354544,47.230599372014325,31380100.0,,,,,,,,,,
2025-07-24,,,,,,BAC,,,,,,,,,,,,,,,,,,,,,,,,,,,,,,,47.60443115234375,48.20452894991844,47.42735299067355,47.70280999369891,42967600.0,,,,,,,,,,
2025-07-25,,,,,,BAC,,,,,,,,,,,,,,,,,,,,,,,,,,,,,,,47.66345977783203,47.76183486914392,47.16173705494152,47.60443247138339,24461200.0,,,,,,,,,,
2025-07-28,,,,,,BAC,,,,,,,,,,,,,,,,,,,,,,,,,,,,,,,47.44702911376953,47.75199789509756,47.29946647978689,47.663458813600336,20590400.0,,,,,,,,,,
2025-07-29,,,,,,BAC,,,,,,,,,,,,,,,,,,,,,,,,,,,,,,,47.171573638916016,47.72248011759193,47.11254633644263,47.604429265414076,26216500.0,,,,,,,,,,
2025-07-30,,,,,,BAC,,,,,,,,,,,,,,,,,,,,,,,,,,,,,,,47.18141555786133,47.712650088375945,46.96498959387972,47.476544601668536,32265900.0,,,,,,,,,,
2025-07-31,,,,,,BAC,,,,,,,,,,,,,,,,,,,,,,,,,,,,,,,46.50261688232422,47.2502773527117,46.42391380503644,46.984660096019375,40016300.0,,,,,,,,,,
2025-08-01,,,,,,BAC,,,,,,,,,,,,,,,,,,,,,,,,,,,,,,,44.91875457763672,45.65657906396634,44.58427399372318,45.60739151543158,52310400.0,,,,,,,,,,
2025-08-04,,,,,,BAC,,,,,,,,,,,,,,,,,,,,,,,,,,,,,,,45.10566711425781,45.36144836171907,44.89907716630244,45.21388196873994,31038900.0,,,,,,,,,,
2025-08-05,,,,,,BAC,,,,,,,,,,,,,,,,,,,,,,,,,,,,,,,44.82038116455078,45.25323686179702,44.02352933837863,45.204049311414195,36798300.0,,,,,,,,,,
2025-08-06,,,,,,BAC,,,,,,,,,,,,,,,,,,,,,,,,,,,,,,,44.682647705078125,45.19420645006768,44.653135927426376,44.96794073160929,27916800.0,,,,,,,,,,
2025-08-07,,,,,,BAC,,,,,,,,,,,,,,,,,,,,,,,,,,,,,,,44.190765380859375,45.01712894221321,44.0530387460953,44.96794139447881,30609900.0,,,,,,,,,,
2025-08-08,,,,,,BAC,,,,,,,,,,,,,,,,,,,,,,,,,,,,,,,45.263065338134766,45.54835833675437,44.24978770835284,44.41702985514564,37131600.0,,,,,,,,,,
2025-08-11,,,,,,BAC,,,,,,,,,,,,,,,,,,,,,,,,,,,,,,,45.4106330871582,45.764789406089484,45.066316528624476,45.31225799979686,35559400.0,,,,,,,,,,
2025-08-12,,,,,,BAC,,,,,,,,,,,,,,,,,,,,,,,,,,,,,,,46.728885650634766,46.88628806271559,45.607392995462654,45.7254438663309,35481200.0,,,,,,,,,,
2025-08-13,,,,,,BAC,,,,,,,,,,,,,,,,,,,,,,,,,,,,,,,46.473106384277344,46.9846613896555,46.22716489013541,46.90596206297016,29465100.0,,,,,,,,,,
2025-08-14,,,,,,BAC,,,,,,,,,,,,,,,,,,,,,,,,,,,,,,,46.93547058105469,46.95514634955161,46.12878283652648,46.325536768726586,21073800.0,,,,,,,,,,
2025-08-15,,,,,,BAC,,,,,,,,,,,,,,,,,,,,,,,,,,,,,,,46.17797088623047,47.043685945713975,46.138623101575575,46.97482263160645,26276900.0,,,,,,,,,,
2025-08-18,,,,,,BAC,,,,,,,,,,,,,,,,,,,,,,,,,,,,,,,47.14206314086914,47.260117758411134,46.03041030478534,46.15829717796851,43125100.0,,,,,,,,,,
2025-08-19,,,,,,BAC,,,,,,,,,,,,,,,,,,,,,,,,,,,,,,,47.29946517944336,47.33881296242887,46.85676978412768,47.04368394980808,33783400.0,,,,,,,,,,
2025-08-20,,,,,,BAC,,,,,,,,,,,,,,,,,,,,,,,,,,,,,,,47.56507873535156,47.71264511826824,47.092871563894796,47.38800057695915,30822200.0,,,,,,,,,,
2025-08-21,,,,,,BAC,,,,,,,,,,,,,,,,,,,,,,,,,,,,,,,47.476539611816406,47.70280906614907,47.03384796901782,47.48637937214514,28713200.0,,,,,,,,,,
2025-08-22,,,,,,BAC,,,,,,,,,,,,,,,,,,,,,,,,,,,,,,,48.676734924316406,48.85381308160011,47.6732932839651,47.732320587315996,45078900.0,,,,,,,,,,
2025-08-25,,,,,,BAC,,,,,,,,,,,,,,,,,,,,,,,,,,,,,,,48.676734924316406,48.85381308160011,48.41111768839086,48.588195845674555,34715700.0,,,,,,,,,,
2025-08-26,,,,,,BAC,,,,,,,,,,,,,,,,,,,,,,,,,,,,,,,49.43423843383789,49.444074442009246,48.450472494856044,48.450472494856044,40609300.0,,,,,,,,,,
2025-08-27,,,,,,BAC,,,,,,,,,,,,,,,,,,,,,,,,,,,,,,,49.56212615966797,49.80806763003763,49.17845806633435,49.21780584948905,42428200.0,,,,,,,,,,
2025-08-28,,,,,,BAC,,,,,,,,,,,,,,,,,,,,,,,,,,,,,,,49.67034149169922,49.81790412369934,49.46374780246855,49.729365043391645,32949400.0,,,,,,,,,,
2025-08-29,,,,,,BAC,,,,,,,,,,,,,,,,,,,,,,,,,,,,,,,49.916282653808594,50.09335706055289,49.690013197832315,49.690013197832315,32496500.0,,,,,,,,,,
2025-09-02,,,,,,BAC,,,,,,,,,,,,,,,,,,,,,,,,,,,,,,,49.60147476196289,49.6506660590644,48.863650338669174,49.404724584633165,52719800.0,,,,,,,,,,
2025-09-03,,,,,,BAC,,,,,,,,,,,,,,,,,,,,,,,,,,,,,,,49.24732208251953,49.74904103803459,48.8931657596764,49.58180263711927,38344200.0,,,,,,,,,,
2025-09-04,,,,,,BAC,,,,,,,,,,,,,,,,,,,,,,,,,,,,,,,49.7982292175293,50.004822910335996,49.306346263476506,49.42440087444294,34796900.0,,,,,,,,,,
2025-09-05,,,,,,BAC,,,,,,,,,,,,,,,,,,,,,,,,,,,,,,,49.2343635559082,50.243386519597884,48.70017426213557,49.89715104090411,40063300.0,,,,,,,,,,
2025-09-08,,,,,,BAC,,,,,,,,,,,,,,,,,,,,,,,,,,,,,,,48.92770004272461,49.37285780163389,48.353944088519185,49.26404104127354,48033100.0,,,,,,,,,,
2025-09-09,,,,,,BAC,,,,,,,,,,,,,,,,,,,,,,,,,,,,,,,49.74877166748047,50.015866335980526,48.9277024524274,48.967272871533225,40060100.0,,,,,,,,,,
2025-09-10,,,,,,BAC,,,,,,,,,,,,,,,,,,,,,,,,,,,,,,,49.590492248535156,50.0851111513071,49.432214350593846,49.82790720862575,31706300.0,,,,,,,,,,
2025-09-11,,,,,,BAC,,,,,,,,,,,,,,,,,,,,,,,,,,,,,,,50.203819274902344,50.41155831105525,49.452000193454424,49.600383602002445,28055200.0,,,,,,,,,,
2025-09-12,,,,,,BAC,,,,,,,,,,,,,,,,,,,,,,,,,,,,,,,50.03565216064453,50.381883897969765,49.91694090186767,50.154359645778484,27851100.0,,,,,,,,,,
2025-09-15,,,,,,BAC,,,,,,,,,,,,,,,,,,,,,,,,,,,,,,,50.04553985595703,50.54015875005677,49.916937886871146,50.30274002048611,29043600.0,,,,,,,,,,
2025-09-16,,,,,,BAC,,,,,,,,,,,,,,,,,,,,,,,,,,,,,,,50.11478805541992,50.3324215844503,49.66963027951361,50.095002846086,31624400.0,,,,,,,,,,
2025-09-17,,,,,,BAC,,,,,,,,,,,,,,,,,,,,,,,,,,,,,,,50.846824645996094,51.074348888127915,50.243388981643434,50.31263532604691,38337900.0,,,,,,,,,,
2025-09-18,,,,,,BAC,,,,,,,,,,,,,,,,,,,,,,,,,,,,,,,51.5689697265625,51.62832158191247,50.747900506887575,50.93585811187686,35246900.0,,,,,,,,,,
2025-09-19,,,,,,BAC,,,,,,,,,,,,,,,,,,,,,,,,,,,,,,,51.68767547607422,52.09326282647187,51.202947289675684,51.58875320471587,98970700.0,,,,,,,,,,
2025-09-22,,,,,,BAC,,,,,,,,,,,,,,,,,,,,,,,,,,,,,,,51.36122512817383,51.78659768707593,51.20294722999929,51.20294722999929,27468000.0,,,,,,,,,,
2025-09-23,,,,,,BAC,,,,,,,,,,,,,,,,,,,,,,,,,,,,,,,51.143592834472656,52.31089369060194,50.96552973617209,51.440363407092754,28278200.0,,,,,,,,,,
2025-09-24,,,,,,BAC,,,,,,,,,,,,,,,,,,,,,,,,,,,,,,,51.143592834472656,51.68767284654993,50.90617411219104,51.29197623396142,27010400.0,,,,,,,,,,
2025-09-25,,,,,,BAC,,,,,,,,,,,,,,,,,,,,,,,,,,,,,,,51.29197692871094,51.76681437970585,50.886389593453195,50.92596000997654,22957900.0,,,,,,,,,,
2025-09-26,,,,,,BAC,,,,,,,,,,,,,,,,,,,,,,,,,,,,,,,51.64810562133789,52.05369297615879,51.420581375818145,51.54918334890072,20025800.0,,,,,,,,,,
2025-09-29,,,,,,BAC,,,,,,,,,,,,,,,,,,,,,,,,,,,,,,,51.85584259033203,51.98444455828769,51.54918129381661,51.796490738692995,23701000.0,,,,,,,,,,
2025-09-30,,,,,,BAC,,,,,,,,,,,,,,,,,,,,,,,,,,,,,,,51.0347785949707,52.004231192630655,50.47091334708321,51.91519963908828,29945000.0,,,,,,,,,,
2025-10-01,,,,,,BAC,,,,,,,,,,,,,,,,,,,,,,,,,,,,,,,50.13457107543945,51.1238088570801,50.01586359826252,50.74789744343671,27709100.0,,,,,,,,,,
2025-10-02,,,,,,BAC,,,,,,,,,,,,,,,,,,,,,,,,,,,,,,,49.93672561645508,50.302742559946765,49.531138253763515,50.104898011233125,22757200.0,,,,,,,,,,
2025-10-03,,,,,,BAC,,,,,,,,,,,,,,,,,,,,,,,,,,,,,,,50.095001220703125,50.5797293995498,50.00596966841058,50.07521601201115,24565700.0,,,,,,,,,,
2025-10-06,,,,,,BAC,,,,,,,,,,,,,,,,,,,,,,,,,,,,,,,49.847694396972656,50.767685894551775,49.35307547455992,50.38188373885271,25386300.0,,,,,,,,,,
2025-10-07,,,,,,BAC,,,,,,,,,,,,,,,,,,,,,,,,,,,,,,,49.74877166748047,50.36209806904937,49.59049376470002,50.005971844382636,24107300.0,,,,,,,,,,
2025-10-08,,,,,,BAC,,,,,,,,,,,,,,,,,,,,,,,,,,,,,,,49.303611755371094,49.96639926535014,49.24425612927815,49.857586277977134,24014200.0,,,,,,,,,,
2025-10-09,,,,,,BAC,,,,,,,,,,,,,,,,,,,,,,,,,,,,,,,49.254150390625,49.73887479370616,49.13543913899302,49.461889420516925,21816900.0,,,,,,,,,,
2025-10-10,,,,,,BAC,,,,,,,,,,,,,,,,,,,,,,,,,,,,,,,48.12642288208008,49.600385164425,48.02749683295574,49.39264612172827,31831900.0,,,,,,,,,,
2025-10-13,,,,,,BAC,,,,,,,,,,,,,,,,,,,,,,,,,,,,,,,48.33415985107422,48.86834917249833,48.28469871545556,48.67050085638094,34462800.0,,,,,,,,,,
2025-10-14,,,,,,BAC,,,,,,,,,,,,,,,,,,,,,,,,,,,,,,,49.55092239379883,49.95650974773572,48.00771004109994,48.32426584058031,42462600.0,,,,,,,,,,
2025-10-15,,,,,,BAC,,,,,,,,,,,,,,,,,,,,,,,,,,,,,,,51.71735382080078,52.281219095920996,50.67865482840265,51.01499584984654,69992200.0,,,,,,,,,,
2025-10-16,,,,,,BAC,,,,,,,,,,,,,,,,,,,,,,,,,,,,,,,49.897151947021484,52.1921832801189,49.461888685103915,52.03390538727227,49027700.0,,,,,,,,,,
2025-10-17,,,,,,BAC,,,,,,,,,,,,,,,,,,,,,,,,,,,,,,,50.728111267089844,51.21283943124807,49.78833841137594,50.401664767671114,48915400.0,,,,,,,,,,
2025-10-20,,,,,,BAC,,,,,,,,,,,,,,,,,,,,,,,,,,,,,,,51.47993469238281,51.71734964503091,50.817143421151385,50.886389763477304,25786000.0,,,,,,,,,,
2025-10-21,,,,,,BAC,,,,,,,,,,,,,,,,,,,,,,,,,,,,,,,50.96553421020508,51.80638486871691,50.886393371282935,51.52939947977521,27303400.0,,,,,,,,,,
2025-10-22,,,,,,BAC,,,,,,,,,,,,,,,,,,,,,,,,,,,,,,,50.550052642822266,51.02489013179035,49.8971558125448,50.94574929241469,34955000.0,,,,,,,,,,
2025-10-23,,,,,,BAC,,,,,,,,,,,,,,,,,,,,,,,,,,,,,,,51.20294952392578,51.24251994365289,50.55994718475347,50.92596413312189,26028800.0,,,,,,,,,,
2025-10-24,,,,,,BAC,,,,,,,,,,,,,,,,,,,,,,,,,,,,,,,52.00423049926758,52.25153994762766,51.29197808042486,51.29197808042486,38923900.0,,,,,,,,,,
2025-10-27,,,,,,BAC,,,,,,,,,,,,,,,,,,,,,,,,,,,,,,,52.44939041137695,52.49885154834825,51.96466221231539,52.231756880331815,27345800.0,,,,,,,,,,
2025-10-28,,,,,,BAC,,,,,,,,,,,,,,,,,,,,,,,,,,,,,,,52.301002502441406,52.70658985781714,51.77670766525011,52.429604475699904,29575200.0,,,,,,,,,,
2025-10-29,,,,,,BAC,,,,,,,,,,,,,,,,,,,,,,,,,,,,,,,52.014129638671875,52.439498456112915,51.756925676152505,52.093266706924965,29158800.0,,,,,,,,,,
2025-10-30,,,,,,BAC,,,,,,,,,,,,,,,,,,,,,,,,,,,,,,,52.45927810668945,52.864865444313324,51.99433891757694,52.103151903187005,37548600.0,,,,,,,,,,
2025-10-31,,,,,,BAC,,,,,,,,,,,,,,,,,,,,,,,,,,,,,,,52.87476348876953,53.06271732051941,52.20208145331125,52.22186666301801,39295700.0,,,,,,,,,,
2025-11-03,,,,,,BAC,,,,,,,,,,,,,,,,,,,,,,,,,,,,,,,52.983577728271484,53.06271478968117,52.142723337231935,52.68680337046769,31252300.0,,,,,,,,,,
2025-11-04,,,,,,BAC,,,,,,,,,,,,,,,,,,,,,,,,,,,,,,,52.96379470825195,53.41884320768012,52.152619983656386,52.44939058008159,47226600.0,,,,,,,,,,
2025-11-05,,,,,,BAC,,,,,,,,,,,,,,,,,,,,,,,,,,,,,,,51.88552474975586,52.49885114550797,51.183166798681434,52.39003438082039,54353600.0,,,,,,,,,,
2025-11-06,,,,,,BAC,,,,,,,,,,,,,,,,,,,,,,,,,,,,,,,52.71648406982422,53.171532559074116,52.20207995315976,52.84508226875824,55296000.0,,,,,,,,,,
2025-11-07,,,,,,BAC,,,,,,,,,,,,,,,,,,,,,,,,,,,,,,,52.6274528503418,53.0033642790733,52.14272465747936,52.57799171400305,40537700.0,,,,,,,,,,
2025-11-10,,,,,,BAC,,,,,,,,,,,,,,,,,,,,,,,,,,,,,,,52.84508514404297,53.40895420105422,52.76594807682719,52.835194425757116,26094600.0,,,,,,,,,,
2025-11-11,,,,,,BAC,,,,,,,,,,,,,,,,,,,,,,,,,,,,,,,53.052825927734375,53.39905765909189,52.70659042273401,53.171533410822256,22244300.0,,,,,,,,,,
2025-11-12,,,,,,BAC,,,,,,,,,,,,,,,,,,,,,,,,,,,,,,,53.52766036987305,54.10141635739083,53.1913193517961,53.31002683651653,40536700.0,,,,,,,,,,
2025-11-13,,,,,,BAC,,,,,,,,,,,,,,,,,,,,,,,,,,,,,,,52.301002502441406,53.62658133258406,52.202080229868905,53.21110325940819,37716100.0,,,,,,,,,,
2025-11-14,,,,,,BAC,,,,,,,,,,,,,,,,,,,,,,,,,,,,,,,52.043800354003906,52.33068021667423,51.47004062866325,52.29110979969018,32363100.0,,,,,,,,,,
2025-11-17,,,,,,BAC,,,,,,,,,,,,,,,,,,,,,,,,,,,,,,,50.92596435546875,52.01412826085764,50.83693279751551,52.01412826085764,35546800.0,,,,,,,,,,
2025-11-18,,,,,,BAC,,,,,,,,,,,,,,,,,,,,,,,,,,,,,,,51.0842399597168,51.61842928336724,50.599515545533926,50.728113743949834,35189500.0,,,,,,,,,,
2025-11-19,,,,,,BAC,,,,,,,,,,,,,,,,,,,,,,,,,,,,,,,51.46015167236328,51.92509465373092,51.113916172367645,51.113916172367645,28112300.0,,,,,,,,,,
2025-11-20,,,,,,BAC,,,,,,,,,,,,,,,,,,,,,,,,,,,,,,,50.45112991333008,52.38014445886245,50.42145398565267,51.93498667548685,36661600.0,,,,,,,,,,
2025-11-21,,,,,,BAC,,,,,,,,,,,,,,,,,,,,,,,,,,,,,,,51.005104064941406,51.22273382228192,50.15435892416224,50.738009397000766,43867200.0,,,,,,,,,,
2025-11-24,,,,,,BAC,,,,,,,,,,,,,,,,,,,,,,,,,,,,,,,51.371116638183594,51.677781699068305,50.84682183846565,51.09413127586355,52852100.0,,,,,,,,,,
2025-11-25,,,,,,BAC,,,,,,,,,,,,,,,,,,,,,,,,,,,,,,,51.915199279785156,52.310895909155526,51.301872900539536,51.68767503867215,41310100.0,,,,,,,,,,
2025-11-26,,,,,,BAC,,,,,,,,,,,,,,,,,,,,,,,,,,,,,,,52.41971206665039,52.67691223122637,51.984445024631945,52.132832202345995,32045600.0,,,,,,,,,,
2025-11-28,,,,,,BAC,,,,,,,,,,,,,,,,,,,,,,,,,,,,,,,53.07261276245117,53.35948887422843,52.47906778154971,52.538423411732744,18920800.0,,,,,,,,,,
2025-12-01,,,,,,BAC,,,,,,,,,,,,,,,,,,,,,,,,,,,,,,,52.667022705078125,53.319919509231696,52.63734300467835,52.924222875472,30536500.0,,,,,,,,,,
2025-12-02,,,,,,BAC,,,,,,,,,,,,,,,,,,,,,,,,,,,,,,,52.617557525634766,53.06271529291954,52.39992777446213,52.95389853051185,46073500.0,,,,,,,,,,
2025-12-03,,,,,,BAC,,,,,,,,,,,,,,,,,,,,,,,,,,,,,,,53.50787353515625,53.656260716782555,52.6076672749422,52.67691362006307,37134400.0,,,,,,,,,,
2025-12-04,,,,,,BAC,,,,,,,,,,,,,,,,,,,,,,,,,,,,,,,53.577117919921875,54.10141273483703,53.41884002634508,53.62657905410663,38529600.0,,,,,,,,,,
2025-12-05,,,,,,BAC,,,,,,,,,,,,,,,,,,,,,,,,,,,,,,,53.646728515625,54.521782783039725,53.43790991110381,53.62684048758677,33986500.0,,,,,,,,,,
2025-12-08,,,,,,BAC,,,,,,,,,,,,,,,,,,,,,,,,,,,,,,,53.597007751464844,53.90526268802375,53.18931267952138,53.597007751464844,34386600.0,,,,,,,,,,
2025-12-09,,,,,,BAC,,,,,,,,,,,,,,,,,,,,,,,,,,,,,,,53.23903274536133,53.97487080712905,52.970550060147666,53.666615859599375,47189300.0,,,,,,,,,,
2025-12-10,,,,,,BAC,,,,,,,,,,,,,,,,,,,,,,,,,,,,,,,53.775997161865234,54.24335253012895,53.04015531989705,53.28874997291621,54424400.0,,,,,,,,,,
2025-12-11,,,,,,BAC,,,,,,,,,,,,,,,,,,,,,,,,,,,,,,,54.253299713134766,54.34279394205114,53.44785165288745,53.646728138618656,35686900.0,,,,,,,,,,
2025-12-12,,,,,,BAC,,,,,,,,,,,,,,,,,,,,,,,,,,,,,,,54.83003616333008,54.989136589823374,54.04447614797107,54.47205925540681,40539400.0,,,,,,,,,,
2025-12-15,,,,,,BAC,,,,,,,,,,,,,,,,,,,,,,,,,,,,,,,55.01897048950195,55.7548085390532,54.76042992584626,55.09851880606676,32881300.0,,,,,,,,,,
2025-12-16,,,,,,BAC,,,,,,,,,,,,,,,,,,,,,,,,,,,,,,,54.50189208984375,55.03885364760446,54.38256392744954,54.83003505329456,32931900.0,,,,,,,,,,
2025-12-17,,,,,,BAC,,,,,,,,,,,,,,,,,,,,,,,,,,,,,,,54.24335479736328,55.25762147926561,54.15386056680562,54.8101503264773,35304100.0,,,,,,,,,,
2025-12-18,,,,,,BAC,,,,,,,,,,,,,,,,,,,,,,,,,,,,,,,53.95498275756836,54.83998292399107,53.467739353426225,54.49194812777897,87452700.0,,,,,,,,,,
2025-12-19,,,,,,BAC,,,,,,,,,,,,,,,,,,,,,,,,,,,,,,,54.95930862426758,54.99908468078129,54.074312229732044,54.21352463427648,73001900.0,,,,,,,,,,
2025-12-22,,,,,,BAC,,,,,,,,,,,,,,,,,,,,,,,,,,,,,,,55.565879821777344,55.79458645525413,55.02891444235176,55.05874458790202,33408800.0,,,,,,,,,,
2025-12-23,,,,,,BAC,,,,,,,,,,,,,,,,,,,,,,,,,,,,,,,55.655372619628906,55.90396727482717,55.49627219203215,55.49627219203215,22274600.0,,,,,,,,,,
2025-12-24,,,,,,BAC,,,,,,,,,,,,,,,,,,,,,,,,,,,,,,,55.93379592895508,56.18239057752821,55.575819028089235,55.8144715597509,13634400.0,,,,,,,,,,
2025-12-26,,,,,,BAC,,,,,,,,,,,,,,,,,,,,,,,,,,,,,,,55.854244232177734,56.23210916290389,55.7150318348716,55.96362648527636,15259400.0,,,,,,,,,,
2025-12-29,,,,,,BAC,,,,,,,,,,,,,,,,,,,,,,,,,,,,,,,55.038856506347656,55.9337988045214,54.95930818720638,55.79458640108404,21040100.0,,,,,,,,,,
2025-12-30,,,,,,BAC,,,,,,,,,,,,,,,,,,,,,,,,,,,,,,,54.9692497253418,55.327226640838795,54.859867468578436,55.178072121550684,17427600.0,,,,,,,,,,
2025-12-31,,,,,,BAC,,,,,,,,,,,,,,,,,,,,,,,,,,,,,,,54.69082260131836,55.108459789512295,54.621216403286034,55.00902344753849,16293000.0,,,,,,,,,,
2026-01-02,,,,,,BAC,,,,,,,,,,,,,,,,,,,,,,,,,,,,,,,55.6354866027832,55.67526265943332,54.571501743540686,54.7206562660983,25503600.0,,,,,,,,,,
2026-01-05,,,,,,BAC,,,,,,,,,,,,,,,,,,,,,,,,,,,,,,,56.57019805908203,57.226487784651276,55.82441410760546,55.85424425182346,36096600.0,,,,,,,,,,
2026-01-06,,,,,,BAC,,,,,,,,,,,,,,,,,,,,,,,,,,,,,,,56.92817687988281,57.08727730982571,56.43098756215458,56.689524338341734,31791900.0,,,,,,,,,,
2026-01-07,,,,,,BAC,,,,,,,,,,,,,,,,,,,,,,,,,,,,,,,55.32722473144531,56.49064966665969,55.12834825267112,56.37132150344318,49695500.0,,,,,,,,,,
2026-01-08,,,,,,BAC,,,,,,,,,,,,,,,,,,,,,,,,,,,,,,,55.864192962646484,56.26194594067546,55.158185030235906,55.168127147722544,30933700.0,,,,,,,,,,
2026-01-09,,,,,,BAC,,,,,,,,,,,,,,,,,,,,,,,,,,,,,,,55.53604507446289,56.29177495893085,55.47638478423094,55.85424593321147,30768800.0,,,,,,,,,,
2026-01-12,,,,,,BAC,,,,,,,,,,,,,,,,,,,,,,,,,,,,,,,54.879756927490234,55.13829750353676,54.42234365387384,54.97919706952873,45860600.0,,,,,,,,,,
2026-01-13,,,,,,BAC,,,,,,,,,,,,,,,,,,,,,,,,,,,,,,,54.2334098815918,55.20790045668718,53.99475734800054,54.95930580610407,43542200.0,,,,,,,,,,
2026-01-14,,,,,,BAC,,,,,,,,,,,,,,,,,,,,,,,,,,,,,,,52.18498992919922,53.17936855695054,51.3695997579034,52.58274289760112,84750000.0,,,,,,,,,,
2026-01-15,,,,,,BAC,,,,,,,,,,,,,,,,,,,,,,,,,,,,,,,52.29437255859375,52.74184370292782,51.936395643126495,52.42364284323547,51018300.0,,,,,,,,,,
2026-01-16,,,,,,BAC,,,,,,,,,,,,,,,,,,,,,,,,,,,,,,,52.672237396240234,53.07993248398119,51.95628356674258,52.39380879962812,52178400.0,,,,,,,,,,
2026-01-20,,,,,,BAC,,,,,,,,,,,,,,,,,,,,,,,,,,,,,,,51.807125091552734,53.17936866268901,51.6679126903113,52.025889603934104,49172700.0,,,,,,,,,,
2026-01-21,,,,,,BAC,,,,,,,,,,,,,,,,,,,,,,,,,,,,,,,51.77729415893555,52.562854174852994,51.757406131453074,51.93639458554194,36340000.0,,,,,,,,,,
2026-01-22,,,,,,BAC,,,,,,,,,,,,,,,,,,,,,,,,,,,,,,,52.15515899658203,52.83133675670185,52.03583462516482,52.17504702402713,31229200.0,,,,,,,,,,
2026-01-23,,,,,,BAC,,,,,,,,,,,,,,,,,,,,,,,,,,,,,,,51.429264068603516,51.90656535684477,51.09117518194261,51.817071128221194,34553500.0,,,,,,,,,,
2026-01-26,,,,,,BAC,,,,,,,,,,,,,,,,,,,,,,,,,,,,,,,51.727577209472656,51.986113986348734,51.37954241018342,51.508812695248196,27728400.0,,,,,,,,,,
2026-01-27,,,,,,BAC,,,,,,,,,,,,,,,,,,,,,,,,,,,,,,,51.876731872558594,51.95628398458854,51.51875874818431,51.916507928573566,26494300.0,,,,,,,,,,
2026-01-28,,,,,,BAC,,,,,,,,,,,,,,,,,,,,,,,,,,,,,,,51.51875686645508,51.84689983345942,51.021567564188295,51.65796926416924,35030200.0,,,,,,,,,,
2026-01-29,,,,,,BAC,,,,,,,,,,,,,,,,,,,,,,,,,,,,,,,52.781620025634766,52.79156214300204,51.65797110045848,51.687801245813795,35200500.0,,,,,,,,,,
2026-01-30,,,,,,BAC,,,,,,,,,,,,,,,,,,,,,,,,,,,,,,,52.900943756103516,53.10976235755474,52.47336064270142,52.57279698817722,34549100.0,,,,,,,,,,
2026-02-02,,,,,,BAC,,,,,,,,,,,,,,,,,,,,,,,,,,,,,,,53.72627639770508,53.78594048133467,52.652349445146534,52.900944103723,34624500.0,,,,,,,,,,
2026-02-03,,,,,,BAC,,,,,,,,,,,,,,,,,,,,,,,,,,,,,,,54.143917083740234,54.810148944113756,53.37824508455866,53.895322426600245,41208400.0,,,,,,,,,,
2026-02-04,,,,,,BAC,,,,,,,,,,,,,,,,,,,,,,,,,,,,,,,55.06869125366211,55.72498101754092,54.402455578961174,54.47206178170184,54522500.0,,,,,,,,,,
2026-02-05,,,,,,BAC,,,,,,,,,,,,,,,,,,,,,,,,,,,,,,,54.631160736083984,54.97919553361559,53.94504084482701,54.710712847492395,32959700.0,,,,,,,,,,
2026-02-06,,,,,,BAC,,,,,,,,,,,,,,,,,,,,,,,,,,,,,,,56.212223052978516,56.55031194079071,54.97919566913648,55.23773244534418,42468000.0,,,,,,,,,,
2026-02-09,,,,,,BAC,,,,,,,,,,,,,,,,,,,,,,,,,,,,,,,56.092899322509766,56.40115806863437,55.86419268890254,56.073011294380414,31968400.0,,,,,,,,,,
2026-02-10,,,,,,BAC,,,,,,,,,,,,,,,,,,,,,,,,,,,,,,,55.07863235473633,56.5105400264118,53.96492933818589,56.122729169830706,48304700.0,,,,,,,,,,
2026-02-11,,,,,,BAC,,,,,,,,,,,,,,,,,,,,,,,,,,,,,,,53.54728698730469,55.7945847850718,52.94071921750365,55.65537238566653,48973500.0,,,,,,,,,,
2026-02-12,,,,,,BAC,,,,,,,,,,,,,,,,,,,,,,,,,,,,,,,52.22476577758789,53.63678160263365,51.49886983739844,53.606951457760495,55481600.0,,,,,,,,,,
2026-02-13,,,,,,BAC,,,,,,,,,,,,,,,,,,,,,,,,,,,,,,,52.25459671020508,52.52307939787106,51.1508358142183,51.61819498829466,31772100.0,,,,,,,,,,
2026-02-17,,,,,,BAC,,,,,,,,,,,,,,,,,,,,,,,,,,,,,,,52.44353103637695,53.248975305462835,52.32420286867622,52.74184386912185,35542400.0,,,,,,,,,,
2026-02-18,,,,,,BAC,,,,,,,,,,,,,,,,,,,,,,,,,,,,,,,53.06004333496094,53.30863798792215,52.49324782966965,52.69212431068929,30698900.0,,,,,,,,,,
2026-02-19,,,,,,BAC,,,,,,,,,,,,,,,,,,,,,,,,,,,,,,,52.47336196899414,52.513138025491195,51.53864740083459,51.618195720575166,47148600.0,,,,,,,,,,
2026-02-20,,,,,,BAC,,,,,,,,,,,,,,,,,,,,,,,,,,,,,,,52.7617301940918,52.79156033842742,51.538644964037566,52.23470695355785,33552000.0,,,,,,,,,,
2026-02-23,,,,,,BAC,,,,,,,,,,,,,,,,,,,,,,,,,,,,,,,50.78291702270508,52.960604886511184,50.60392856340556,52.54296767698131,50602500.0,,,,,,,,,,
2026-02-24,,,,,,BAC,,,,,,,,,,,,,,,,,,,,,,,,,,,,,,,50.126625061035156,50.59398421675283,49.191910542853144,50.45477181971012,53062700.0,,,,,,,,,,
2026-02-25,,,,,,BAC,,,,,,,,,,,,,,,,,,,,,,,,,,,,,,,51.39942932128906,51.478981431370656,50.02718956166216,50.047077589182564,41375000.0,,,,,,,,,,
2026-02-26,,,,,,BAC,,,,,,,,,,,,,,,,,,,,,,,,,,,,,,,52.00600051879883,52.373919542207126,51.44915092515456,51.58836332356563,52418500.0,,,,,,,,,,
2026-02-27,,,,,,BAC,,,,,,,,,,,,,,,,,,,,,,,,,,,,,,,49.549888610839844,51.12100486287794,49.04275338882664,50.79286188974006,77728700.0,,,,,,,,,,
2026-03-02,,,,,,BAC,,,,,,,,,,,,,,,,,,,,,,,,,,,,,,,49.53000259399414,50.13657039238987,48.30691729309221,48.50578999118731,40595200.0,,,,,,,,,,
2026-03-03,,,,,,BAC,,,,,,,,,,,,,,,,,,,,,,,,,,,,,,,49.68910217285156,50.226063759017634,48.227364348849434,48.48590112787358,51242900.0,,,,,,,,,,
2026-03-04,,,,,,BAC,,,,,,,,,,,,,,,,,,,,,,,,,,,,,,,50.017242431640625,50.12662468370891,48.93336961435548,49.60954736054731,34208500.0,,,,,,,,,,
2026-03-05,,,,,,BAC,,,,,,,,,,,,,,,,,,,,,,,,,,,,,,,49.53000259399414,50.14651630324676,49.05270129070951,49.539944711597464,39073900.0,,,,,,,,,,
2026-03-06,,,,,,BAC,,,,,,,,,,,,,,,,,,,,,,,,,,,,,,,48.63999938964844,48.70000076293945,47.619998931884766,48.54999923706055,47016000.0,,,,,,,,,,
2026-03-09,,,,,,BAC,,,,,,,,,,,,,,,,,,,,,,,,,,,,,,,47.900001525878906,48.150001525878906,46.77000045776367,47.939998626708984,62752800.0,,,,,,,,,,
2026-03-10,,,,,,BAC,,,,,,,,,,,,,,,,,,,,,,,,,,,,,,,48.560001373291016,49.150001525878906,47.599998474121094,48.279998779296875,50271100.0,,,,,,,,,,
2026-03-11,,,,,,BAC,,,,,,,,,,,,,,,,,,,,,,,,,,,,,,,48.52000045776367,48.650001525878906,47.779998779296875,48.36000061035156,42185800.0,,,,,,,,,,
2026-03-12,,,,,,BAC,,,,,,,,,,,,,,,,,,,,,,,,,,,,,,,47.130001068115234,47.779998779296875,46.790000915527344,47.70000076293945,58354500.0,,,,,,,,,,
2026-03-13,,,,,,BAC,,,,,,,,,,,,,,,,,,,,,,,,,,,,,,,46.720001220703125,47.81999969482422,46.65999984741211,47.52000045776367,45473100.0,,,,,,,,,,
2026-03-16,,,,,,BAC,,,,,,,,,,,,,,,,,,,,,,,,,,,,,,,47.060001373291016,47.68000030517578,46.900001525878906,47.119998931884766,38055600.0,,,,,,,,,,
2026-03-17,,,,,,BAC,,,,,,,,,,,,,,,,,,,,,,,,,,,,,,,47.279998779296875,48.08000183105469,47.20000076293945,47.65999984741211,33427800.0,,,,,,,,,,
2026-03-18,,,,,,BAC,,,,,,,,,,,,,,,,,,,,,,,,,,,,,,,46.83000183105469,47.880001068115234,46.689998626708984,47.220001220703125,40251800.0,,,,,,,,,,
2026-03-19,,,,,,BAC,,,,,,,,,,,,,,,,,,,,,,,,,,,,,,,47.0099983215332,47.189998626708984,46.119998931884766,46.41999816894531,38601400.0,,,,,,,,,,
2026-03-20,,,,,,BAC,,,,,,,,,,,,,,,,,,,,,,,,,,,,,,,47.15999984741211,47.459999084472656,46.689998626708984,47.130001068115234,78060900.0,,,,,,,,,,
2026-03-23,,,,,,BAC,,,,,,,,,,,,,,,,,,,,,,,,,,,,,,,47.52000045776367,48.38999938964844,47.47999954223633,48.34000015258789,42333200.0,,,,,,,,,,
2026-03-24,,,,,,BAC,,,,,,,,,,,,,,,,,,,,,,,,,,,,,,,48.13999938964844,48.459999084472656,47.02000045776367,47.04999923706055,39804100.0,,,,,,,,,,
2026-03-25,,,,,,BAC,,,,,,,,,,,,,,,,,,,,,,,,,,,,,,,48.75,49.11000061035156,48.18000030517578,48.52000045776367,29988300.0,,,,,,,,,,
2026-03-26,,,,,,BAC,,,,,,,,,,,,,,,,,,,,,,,,,,,,,,,48.2400016784668,48.869998931884766,48.029998779296875,48.709999084472656,32502600.0,,,,,,,,,,
2026-03-27,,,,,,BAC,,,,,,,,,,,,,,,,,,,,,,,,,,,,,,,46.970001220703125,48.25,46.84000015258789,48.06999969482422,36781900.0,,,,,,,,,,
2026-03-30,,,,,,BAC,,,,,,,,,,,,,,,,,,,,,,,,,,,,,,,47.22999954223633,47.86000061035156,46.93000030517578,47.54999923706055,43375900.0,,,,,,,,,,
2026-03-31,,,,,,BAC,,,,,,,,,,,,,,,,,,,,,,,,,,,,,,,48.75,48.77000045776367,47.369998931884766,47.68000030517578,49060600.0,,,,,,,,,,
2026-04-01,,,,,,BAC,,,,,,,,,,,,,,,,,,,,,,,,,,,,,,,49.27000045776367,50.04999923706055,48.779998779296875,49.70000076293945,32947000.0,,,,,,,,,,
2026-04-02,,,,,,BAC,,,,,,,,,,,,,,,,,,,,,,,,,,,,,,,49.380001068115234,49.56999969482422,48.15999984741211,48.75,27548200.0,,,,,,,,,,
2026-04-06,,,,,,BAC,,,,,,,,,,,,,,,,,,,,,,,,,,,,,,,50.060001373291016,50.119998931884766,49.25,49.43000030517578,28507200.0,,,,,,,,,,
2026-04-07,,,,,,BAC,,,,,,,,,,,,,,,,,,,,,,,,,,,,,,,50.279998779296875,50.47999954223633,49.619998931884766,49.79999923706055,28473200.0,,,,,,,,,,
2026-04-08,,,,,,BAC,,,,,,,,,,,,,,,,,,,,,,,,,,,,,,,51.880001068115234,52.2599983215332,51.369998931884766,51.939998626708984,36473500.0,,,,,,,,,,
2026-04-09,,,,,,BAC,,,,,,,,,,,,,,,,,,,,,,,,,,,,,,,52.709999084472656,52.84000015258789,51.630001068115234,51.630001068115234,32008000.0,,,,,,,,,,
2026-04-10,,,,,,BAC,,,,,,,,,,,,,,,,,,,,,,,,,,,,,,,52.540000915527344,52.83000183105469,52.20000076293945,52.79999923706055,25225300.0,,,,,,,,,,
2026-04-13,,,,,,BAC,,,,,,,,,,,,,,,,,,,,,,,,,,,,,,,53.349998474121094,53.439998626708984,51.849998474121094,52.18000030517578,27835300.0,,,,,,,,,,
2026-04-14,,,,,,BAC,,,,,,,,,,,,,,,,,,,,,,,,,,,,,,,53.349998474121094,53.56999969482422,52.79999923706055,53.099998474121094,40178500.0,,,,,,,,,,
2026-04-15,,,,,,BAC,,,,,,,,,,,,,,,,,,,,,,,,,,,,,,,54.31999969482422,55.400001525878906,53.709999084472656,54.25,63838200.0,,,,,,,,,,
2026-04-16,,,,,,BAC,,,,,,,,,,,,,,,,,,,,,,,,,,,,,,,53.5099983215332,54.5099983215332,53.470001220703125,54.040000915527344,35206700.0,,,,,,,,,,
2026-04-17,,,,,,BAC,,,,,,,,,,,,,,,,,,,,,,,,,,,,,,,53.90999984741211,54.599998474121094,53.75,54.15999984741211,43484700.0,,,,,,,,,,
2026-04-20,,,,,,BAC,,,,,,,,,,,,,,,,,,,,,,,,,,,,,,,53.95000076293945,53.95000076293945,53.18000030517578,53.5,43999200.0,,,,,,,,,,
2026-04-21,,,,,,BAC,,,,,,,,,,,,,,,,,,,,,,,,,,,,,,,53.47999954223633,54.650001525878906,53.209999084472656,54.0,34266300.0,,,,,,,,,,
2026-04-22,,,,,,BAC,,,,,,,,,,,,,,,,,,,,,,,,,,,,,,,53.119998931884766,53.79999923706055,53.0,53.66999816894531,24097600.0,,,,,,,,,,
2026-04-23,,,,,,BAC,,,,,,,,,,,,,,,,,,,,,,,,,,,,,,,52.470001220703125,53.52000045776367,52.25,53.060001373291016,31956300.0,,,,,,,,,,
2026-04-24,,,,,,BAC,,,,,,,,,,,,,,,,,,,,,,,,,,,,,,,52.04999923706055,52.5099983215332,51.93000030517578,52.31999969482422,30265400.0,,,,,,,,,,
2026-04-27,,,,,,BAC,,,,,,,,,,,,,,,,,,,,,,,,,,,,,,,52.630001068115234,52.93000030517578,51.83000183105469,51.9900016784668,28043700.0,,,,,,,,,,
2026-04-28,,,,,,BAC,,,,,,,,,,,,,,,,,,,,,,,,,,,,,,,52.65999984741211,53.43000030517578,52.630001068115234,53.02000045776367,21164100.0,,,,,,,,,,
2026-04-29,,,,,,BAC,,,,,,,,,,,,,,,,,,,,,,,,,,,,,,,52.880001068115234,53.02000045776367,51.83000183105469,52.43000030517578,26250700.0,,,,,,,,,,
2026-04-30,,,,,,BAC,,,,,,,,,,,,,,,,,,,,,,,,,,,,,,,53.459999084472656,53.65999984741211,52.150001525878906,52.61000061035156,27089200.0,,,,,,,,,,
2026-05-01,,,,,,BAC,,,,,,,,,,,,,,,,,,,,,,,,,,,,,,,53.2400016784668,54.060001373291016,53.09000015258789,53.689998626708984,24825000.0,,,,,,,,,,
2026-05-04,,,,,,BAC,,,,,,,,,,,,,,,,,,,,,,,,,,,,,,,52.189998626708984,53.06999969482422,52.0,53.06999969482422,42929000.0,,,,,,,,,,
2026-05-05,,,,,,BAC,,,,,,,,,,,,,,,,,,,,,,,,,,,,,,,53.119998931884766,53.36000061035156,52.279998779296875,52.56999969482422,28458600.0,,,,,,,,,,
2026-05-06,,,,,,BAC,,,,,,,,,,,,,,,,,,,,,,,,,,,,,,,53.599998474121094,54.20000076293945,53.470001220703125,53.81999969482422,27541200.0,,,,,,,,,,
2026-05-07,,,,,,BAC,,,,,,,,,,,,,,,,,,,,,,,,,,,,,,,52.75,54.0,52.5,53.54999923706055,28682100.0,,,,,,,,,,
2026-05-08,,,,,,BAC,,,,,,,,,,,,,,,,,,,,,,,,,,,,,,,51.310001373291016,53.0099983215332,51.099998474121094,52.97999954223633,36111200.0,,,,,,,,,,
2026-05-11,,,,,,BAC,,,,,,,,,,,,,,,,,,,,,,,,,,,,,,,50.54999923706055,51.38999938964844,50.27000045776367,51.209999084472656,33132200.0,,,,,,,,,,
2026-05-12,,,,,,BAC,,,,,,,,,,,,,,,,,,,,,,,,,,,,,,,50.779998779296875,51.08000183105469,49.84000015258789,50.86000061035156,33518800.0,,,,,,,,,,
2026-05-13,,,,,,BAC,,,,,,,,,,,,,,,,,,,,,,,,,,,,,,,49.84000015258789,50.779998779296875,49.79999923706055,50.36000061035156,29838000.0,,,,,,,,,,
2026-05-14,,,,,,BAC,,,,,,,,,,,,,,,,,,,,,,,,,,,,,,,49.849998474121094,50.470001220703125,49.4900016784668,50.060001373291016,36805848.0,,,,,,,,,,
2025-05-15,,,,,,WMT,,,,,,,,,,,,,,,,,,,,,,,,,,,,,,,,,,,,95.55111694335938,95.91805182937829,91.12809773384495,93.51811896268792,44026100.0,,,,,
2025-05-16,,,,,,WMT,,,,,,,,,,,,,,,,,,,,,,,,,,,,,,,,,,,,97.42543029785156,98.36755780979972,95.20400561860187,95.34284418817157,33746200.0,,,,,
2025-05-19,,,,,,WMT,,,,,,,,,,,,,,,,,,,,,,,,,,,,,,,,,,,,97.30644226074219,97.4651116888253,95.01559044505747,95.84862953243433,20041600.0,,,,,
2025-05-20,,,,,,WMT,,,,,,,,,,,,,,,,,,,,,,,,,,,,,,,,,,,,96.98909759521484,98.00063697020651,95.71970431687956,97.74279063299858,15609600.0,,,,,
2025-05-21,,,,,,WMT,,,,,,,,,,,,,,,,,,,,,,,,,,,,,,,,,,,,95.63044738769531,96.94942145932961,95.18418160580889,96.32464028532645,15742300.0,,,,,
2025-05-22,,,,,,WMT,,,,,,,,,,,,,,,,,,,,,,,,,,,,,,,,,,,,95.13459777832031,96.15605633423446,95.02550923680177,95.73954057541935,13712200.0,,,,,
2025-05-23,,,,,,WMT,,,,,,,,,,,,,,,,,,,,,,,,,,,,,,,,,,,,95.54119873046875,95.73954498151046,94.21231289610054,94.54949017366769,13668600.0,,,,,
2025-05-27,,,,,,WMT,,,,,,,,,,,,,,,,,,,,,,,,,,,,,,,,,,,,96.77091217041016,96.98908923954882,95.7792037224235,96.4932350155555,17180900.0,,,,,
2025-05-28,,,,,,WMT,,,,,,,,,,,,,,,,,,,,,,,,,,,,,,,,,,,,96.43373107910156,97.42543956529674,96.25522324894102,96.71140824465456,11220100.0,,,,,
2025-05-29,,,,,,WMT,,,,,,,,,,,,,,,,,,,,,,,,,,,,,,,,,,,,96.29490661621094,96.95934958351764,96.04697945830816,96.82051098038299,14338000.0,,,,,
2025-05-30,,,,,,WMT,,,,,,,,,,,,,,,,,,,,,,,,,,,,,,,,,,,,97.9014663696289,98.10972425103016,95.7990415820318,96.15605725475841,29980100.0,,,,,
2025-06-02,,,,,,WMT,,,,,,,,,,,,,,,,,,,,,,,,,,,,,,,,,,,,98.94275665283203,99.08160280779799,97.23702433775428,98.02046741781018,16999200.0,,,,,
2025-06-03,,,,,,WMT,,,,,,,,,,,,,,,,,,,,,,,,,,,,,,,,,,,,99.15101623535156,100.05346700934983,97.75270365983977,98.74441213059643,15598600.0,,,,,
2025-06-04,,,,,,WMT,,,,,,,,,,,,,,,,,,,,,,,,,,,,,,,,,,,,98.52622985839844,99.29976121419702,98.49647981642691,98.96258398367344,11115600.0,,,,,
2025-06-05,,,,,,WMT,,,,,,,,,,,,,,,,,,,,,,,,,,,,,,,,,,,,97.14776611328125,98.76424828376179,96.800669643072,98.47665946997097,15817100.0,,,,,
2025-06-06,,,,,,WMT,,,,,,,,,,,,,,,,,,,,,,,,,,,,,,,,,,,,96.66183471679688,97.74279341727464,96.16598043596063,97.55437393552927,15599300.0,,,,,
2025-06-09,,,,,,WMT,,,,,,,,,,,,,,,,,,,,,,,,,,,,,,,,,,,,96.64199829101562,97.03868323704928,95.96763615259923,96.59241740159644,13655700.0,,,,,
2025-06-10,,,,,,WMT,,,,,,,,,,,,,,,,,,,,,,,,,,,,,,,,,,,,96.51306915283203,97.27668135477154,95.68003765980711,96.4833191089576,17162500.0,,,,,
2025-06-11,,,,,,WMT,,,,,,,,,,,,,,,,,,,,,,,,,,,,,,,,,,,,95.00568389892578,96.48332754763092,94.55941050337145,96.48332754763092,16389600.0,,,,,
2025-06-12,,,,,,WMT,,,,,,,,,,,,,,,,,,,,,,,,,,,,,,,,,,,,94.0437240600586,94.47015904123403,92.65533057022212,94.10322415217838,17845700.0,,,,,
2025-06-13,,,,,,WMT,,,,,,,,,,,,,,,,,,,,,,,,,,,,,,,,,,,,93.65695190429688,94.52965264877658,93.23051695237417,93.73628283296935,18694700.0,,,,,
2025-06-16,,,,,,WMT,,,,,,,,,,,,,,,,,,,,,,,,,,,,,,,,,,,,93.50819396972656,94.98583749403473,93.31976693639082,93.96437896494467,14881700.0,,,,,
2025-06-17,,,,,,WMT,,,,,,,,,,,,,,,,,,,,,,,,,,,,,,,,,,,,93.4685287475586,94.03380230577373,92.84375509883732,93.17101316275668,14935600.0,,,,,
2025-06-18,,,,,,WMT,,,,,,,,,,,,,,,,,,,,,,,,,,,,,,,,,,,,94.30155181884766,94.6982367076161,93.30984337999402,93.78586675974314,11333700.0,,,,,
2025-06-20,,,,,,WMT,,,,,,,,,,,,,,,,,,,,,,,,,,,,,,,,,,,,95.3230209350586,95.51144039953462,94.41064339167944,94.45031263844682,20604900.0,,,,,
2025-06-23,,,,,,WMT,,,,,,,,,,,,,,,,,,,,,,,,,,,,,,,,,,,,97.05850982666016,97.11800991317212,94.87674667222204,95.12467378753534,20432400.0,,,,,
2025-06-24,,,,,,WMT,,,,,,,,,,,,,,,,,,,,,,,,,,,,,,,,,,,,97.18743896484375,98.28823607269561,96.44365754419444,96.91968098250977,22403700.0,,,,,
2025-06-25,,,,,,WMT,,,,,,,,,,,,,,,,,,,,,,,,,,,,,,,,,,,,96.45357513427734,97.7427917021477,96.34448658911673,97.49486456608004,11154700.0,,,,,
2025-06-26,,,,,,WMT,,,,,,,,,,,,,,,,,,,,,,,,,,,,,,,,,,,,95.22384643554688,96.532901347329,95.1246770991961,96.09655475415855,19361400.0,,,,,
2025-06-27,,,,,,WMT,,,,,,,,,,,,,,,,,,,,,,,,,,,,,,,,,,,,96.4634780883789,96.94942067894428,95.3626886641774,95.52135808258656,31431900.0,,,,,
2025-06-30,,,,,,WMT,,,,,,,,,,,,,,,,,,,,,,,,,,,,,,,,,,,,96.9692611694336,97.32627685405363,95.51144838492445,96.42382600458443,17803000.0,,,,,
2025-07-01,,,,,,WMT,,,,,,,,,,,,,,,,,,,,,,,,,,,,,,,,,,,,97.42543029785156,98.36755780979972,96.6122297191714,96.79073753235166,15635800.0,,,,,
2025-07-02,,,,,,WMT,,,,,,,,,,,,,,,,,,,,,,,,,,,,,,,,,,,,96.80066680908203,97.56427902118644,96.25522411033933,97.31635189741891,12502000.0,,,,,
2025-07-03,,,,,,WMT,,,,,,,,,,,,,,,,,,,,,,,,,,,,,,,,,,,,97.54444885253906,97.66345659657625,96.61224043958624,96.8899176095376,7686200.0,,,,,
2025-07-07,,,,,,WMT,,,,,,,,,,,,,,,,,,,,,,,,,,,,,,,,,,,,98.52622985839844,98.52622985839844,96.81057853153948,97.41552127207628,12930900.0,,,,,
2025-07-08,,,,,,WMT,,,,,,,,,,,,,,,,,,,,,,,,,,,,,,,,,,,,96.28497314453125,98.34772860851015,95.70978797368745,98.00063215210392,16875000.0,,,,,
2025-07-09,,,,,,WMT,,,,,,,,,,,,,,,,,,,,,,,,,,,,,,,,,,,,96.00729370117188,96.4833170916154,95.58085876023907,96.34447851234752,13702600.0,,,,,
2025-07-10,,,,,,WMT,,,,,,,,,,,,,,,,,,,,,,,,,,,,,,,,,,,,94.07347106933594,95.97754961706202,93.95446332280221,95.85854943666388,18894800.0,,,,,
2025-07-11,,,,,,WMT,,,,,,,,,,,,,,,,,,,,,,,,,,,,,,,,,,,,93.6172866821289,94.73791459646478,93.44869804801509,94.22222949031203,14595000.0,,,,,
2025-07-14,,,,,,WMT,,,,,,,,,,,,,,,,,,,,,,,,,,,,,,,,,,,,94.98583984375,95.04533993316568,93.59744641701211,93.72637336559339,13779100.0,,,,,
2025-07-15,,,,,,WMT,,,,,,,,,,,,,,,,,,,,,,,,,,,,,,,,,,,,94.59908294677734,94.98584869629624,94.15281710229743,94.80734084527705,10450800.0,,,,,
2025-07-16,,,,,,WMT,,,,,,,,,,,,,,,,,,,,,,,,,,,,,,,,,,,,94.3610610961914,95.03542314887797,93.82553762204604,94.62881905019655,11181600.0,,,,,
2025-07-17,,,,,,WMT,,,,,,,,,,,,,,,,,,,,,,,,,,,,,,,,,,,,94.30155181884766,94.83707528376482,94.1032131575309,94.29164018207628,11165100.0,,,,,
2025-07-18,,,,,,WMT,,,,,,,,,,,,,,,,,,,,,,,,,,,,,,,,,,,,94.26190185546875,94.68833683982356,93.64703982314863,94.30156353975377,14636300.0,,,,,
2025-07-21,,,,,,WMT,,,,,,,,,,,,,,,,,,,,,,,,,,,,,,,,,,,,94.87674713134766,95.83870555399997,94.31147360834326,94.4701505946565,13450400.0,,,,,
2025-07-22,,,,,,WMT,,,,,,,,,,,,,,,,,,,,,,,,,,,,,,,,,,,,95.05525207519531,95.86845269005129,94.94616354194702,95.04533287231776,9049100.0,,,,,
2025-07-23,,,,,,WMT,,,,,,,,,,,,,,,,,,,,,,,,,,,,,,,,,,,,94.88667297363281,95.49161578554262,94.4999072501017,95.21393860620087,9729700.0,,,,,
2025-07-24,,,,,,WMT,,,,,,,,,,,,,,,,,,,,,,,,,,,,,,,,,,,,95.79904174804688,96.15605742139216,94.55940609508008,94.77758318058393,14991500.0,,,,,
2025-07-25,,,,,,WMT,,,,,,,,,,,,,,,,,,,,,,,,,,,,,,,,,,,,96.66183471679688,96.84034256054335,95.72962624766127,96.03705348061627,12868500.0,,,,,
2025-07-28,,,,,,WMT,,,,,,,,,,,,,,,,,,,,,,,,,,,,,,,,,,,,96.80066680908203,97.31635189741891,96.27506251727654,96.47340118983641,12293100.0,,,,,
2025-07-29,,,,,,WMT,,,,,,,,,,,,,,,,,,,,,,,,,,,,,,,,,,,,97.51470184326172,97.90146756575162,96.53290494820058,96.9692591237833,14034300.0,,,,,
2025-07-30,,,,,,WMT,,,,,,,,,,,,,,,,,,,,,,,,,,,,,,,,,,,,96.78083038330078,98.06013527606551,96.48332236837084,97.792377306015,13864100.0,,,,,
2025-07-31,,,,,,WMT,,,,,,,,,,,,,,,,,,,,,,,,,,,,,,,,,,,,97.1676025390625,97.81220701367482,96.50315209120133,96.63207903903215,15651300.0,,,,,
2025-08-01,,,,,,WMT,,,,,,,,,,,,,,,,,,,,,,,,,,,,,,,,,,,,97.6733627319336,98.0105475379773,96.86016210882643,97.18742771189194,16750400.0,,,,,
2025-08-04,,,,,,WMT,,,,,,,,,,,,,,,,,,,,,,,,,,,,,,,,,,,,98.76425170898438,99.08160571119387,97.38577741796423,97.38577741796423,19050200.0,,,,,
2025-08-05,,,,,,WMT,,,,,,,,,,,,,,,,,,,,,,,,,,,,,,,,,,,,98.486572265625,99.63695779885714,98.08989490422768,98.84358794379114,17977000.0,,,,,
2025-08-06,,,,,,WMT,,,,,,,,,,,,,,,,,,,,,,,,,,,,,,,,,,,,102.50299835205078,102.83026399586876,98.63533341765135,98.63533341765135,23738400.0,,,,,
2025-08-07,,,,,,WMT,,,,,,,,,,,,,,,,,,,,,,,,,,,,,,,,,,,,102.26497650146484,103.03850786988416,101.26334886398438,102.60215373748972,12509500.0,,,,,
2025-08-08,,,,,,WMT,,,,,,,,,,,,,,,,,,,,,,,,,,,,,,,,,,,,102.86993408203125,103.8517234553227,102.29474129115908,102.51291838880964,12394700.0,,,,,
2025-08-11,,,,,,WMT,,,,,,,,,,,,,,,,,,,,,,,,,,,,,,,,,,,,103.06826782226562,103.46495274748013,102.25506713033693,103.03851777694827,12856700.0,,,,,
2025-08-12,,,,,,WMT,,,,,,,,,,,,,,,,,,,,,,,,,,,,,,,,,,,,102.7608413696289,103.44511511546551,102.51291423527786,103.38561502438469,17915300.0,,,,,
2025-08-13,,,,,,WMT,,,,,,,,,,,,,,,,,,,,,,,,,,,,,,,,,,,,100.15264129638672,101.95755049978276,100.01380270890515,101.30302681110327,19398500.0,,,,,
2025-08-14,,,,,,WMT,,,,,,,,,,,,,,,,,,,,,,,,,,,,,,,,,,,,100.0137939453125,100.598905855117,99.88487457284332,100.38072878929617,10858400.0,,,,,
2025-08-15,,,,,,WMT,,,,,,,,,,,,,,,,,,,,,,,,,,,,,,,,,,,,99.40247344970703,100.16786915839475,98.9452229818952,100.02870630226971,13604900.0,,,,,
2025-08-18,,,,,,WMT,,,,,,,,,,,,,,,,,,,,,,,,,,,,,,,,,,,,100.0982894897461,100.27721424845278,99.32295139661947,99.40247519689066,11656100.0,,,,,
2025-08-19,,,,,,WMT,,,,,,,,,,,,,,,,,,,,,,,,,,,,,,,,,,,,100.68476867675781,101.8179562944983,100.19769866866407,100.35673868641003,16999000.0,,,,,
2025-08-20,,,,,,WMT,,,,,,,,,,,,,,,,,,,,,,,,,,,,,,,,,,,,101.95712280273438,102.03664660635683,100.3269227475107,100.54560941556878,18655000.0,,,,,
2025-08-21,,,,,,WMT,,,,,,,,,,,,,,,,,,,,,,,,,,,,,,,,,,,,97.37466430664062,98.85575907142372,96.37069717838837,98.81600475488536,51825100.0,,,,,
2025-08-22,,,,,,WMT,,,,,,,,,,,,,,,,,,,,,,,,,,,,,,,,,,,,96.25141906738281,98.45815524195002,96.18183763772561,97.48400764294207,32695200.0,,,,,
2025-08-25,,,,,,WMT,,,,,,,,,,,,,,,,,,,,,,,,,,,,,,,,,,,,95.49595642089844,96.99693590101701,95.49595642089844,96.42039973199041,18956100.0,,,,,
2025-08-26,,,,,,WMT,,,,,,,,,,,,,,,,,,,,,,,,,,,,,,,,,,,,95.47608184814453,95.89357042992714,94.8498413916635,95.70470329748909,22270400.0,,,,,
2025-08-27,,,,,,WMT,,,,,,,,,,,,,,,,,,,,,,,,,,,,,,,,,,,,95.50589752197266,95.74446133281614,95.02876231647888,95.32697276788834,12925700.0,,,,,
2025-08-28,,,,,,WMT,,,,,,,,,,,,,,,,,,,,,,,,,,,,,,,,,,,,95.53572082519531,95.99297130729855,95.12816703108608,95.42637749427854,19241600.0,,,,,
2025-08-29,,,,,,WMT,,,,,,,,,,,,,,,,,,,,,,,,,,,,,,,,,,,,96.40052032470703,96.45021701023853,95.22757085610789,95.52577372071713,15600300.0,,,,,
2025-09-02,,,,,,WMT,,,,,,,,,,,,,,,,,,,,,,,,,,,,,,,,,,,,97.26531982421875,97.26531982421875,95.93333030556093,96.64902933568446,15351300.0,,,,,
2025-09-03,,,,,,WMT,,,,,,,,,,,,,,,,,,,,,,,,,,,,,,,,,,,,98.8458251953125,98.8458251953125,96.91741472172352,97.26532187319393,18995900.0,,,,,
2025-09-04,,,,,,WMT,,,,,,,,,,,,,,,,,,,,,,,,,,,,,,,,,,,,100.32691955566406,100.74440813568879,99.05456907341325,99.31301763506015,15640900.0,,,,,
2025-09-05,,,,,,WMT,,,,,,,,,,,,,,,,,,,,,,,,,,,,,,,,,,,,99.90943908691406,100.87364439797074,98.9551761477529,100.476032944035,13748500.0,,,,,
2025-09-08,,,,,,WMT,,,,,,,,,,,,,,,,,,,,,,,,,,,,,,,,,,,,101.66885375976562,101.74837756265072,99.81996705362708,100.24739801437539,13685700.0,,,,,
2025-09-09,,,,,,WMT,,,,,,,,,,,,,,,,,,,,,,,,,,,,,,,,,,,,101.67879486083984,101.87759678176177,100.94321865286017,101.39052676683805,11819700.0,,,,,
2025-09-10,,,,,,WMT,,,,,,,,,,,,,,,,,,,,,,,,,,,,,,,,,,,,99.81002807617188,101.83783187796531,99.79014333438171,101.34081950650855,17934900.0,,,,,
2025-09-11,,,,,,WMT,,,,,,,,,,,,,,,,,,,,,,,,,,,,,,,,,,,,102.03663635253906,102.1658568325845,99.68079509766541,100.38655172032564,15900800.0,,,,,
2025-09-12,,,,,,WMT,,,,,,,,,,,,,,,,,,,,,,,,,,,,,,,,,,,,102.87162017822266,103.35869777043955,101.74837493080204,101.92729969076177,11641900.0,,,,,
2025-09-15,,,,,,WMT,,,,,,,,,,,,,,,,,,,,,,,,,,,,,,,,,,,,103.07042694091797,103.35869502340309,102.7921012292239,103.0306650415607,10756900.0,,,,,
2025-09-16,,,,,,WMT,,,,,,,,,,,,,,,,,,,,,,,,,,,,,,,,,,,,102.80204010009766,103.58732058003429,102.51377200616088,103.22947105540982,14481900.0,,,,,
2025-09-17,,,,,,WMT,,,,,,,,,,,,,,,,,,,,,,,,,,,,,,,,,,,,103.64695739746094,105.4759668819553,103.11019070594264,103.11019070594264,25382000.0,,,,,
2025-09-18,,,,,,WMT,,,,,,,,,,,,,,,,,,,,,,,,,,,,,,,,,,,,102.98096466064453,104.01475133155566,101.5098122478993,103.1598894226062,14869400.0,,,,,
2025-09-19,,,,,,WMT,,,,,,,,,,,,,,,,,,,,,,,,,,,,,,,,,,,,101.71855163574219,103.31893204507706,101.47998024208995,103.18970397756374,34791600.0,,,,,
2025-09-22,,,,,,WMT,,,,,,,,,,,,,,,,,,,,,,,,,,,,,,,,,,,,102.20561981201172,102.58334646954643,101.310996061212,101.8378279411811,12861900.0,,,,,
2025-09-23,,,,,,WMT,,,,,,,,,,,,,,,,,,,,,,,,,,,,,,,,,,,,101.90741729736328,102.06646490268515,100.72453296396257,101.79808154846353,13158700.0,,,,,
2025-09-24,,,,,,WMT,,,,,,,,,,,,,,,,,,,,,,,,,,,,,,,,,,,,102.11617279052734,102.8517490316646,101.86766658626945,102.42431805698872,11391800.0,,,,,
2025-09-25,,,,,,WMT,,,,,,,,,,,,,,,,,,,,,,,,,,,,,,,,,,,,102.43425750732422,102.8915080000616,101.96706464323395,102.6032399012866,13366700.0,,,,,
2025-09-26,,,,,,WMT,,,,,,,,,,,,,,,,,,,,,,,,,,,,,,,,,,,,102.54359436035156,102.87161675619349,101.85771487268727,102.26526106671194,11859300.0,,,,,
2025-09-29,,,,,,WMT,,,,,,,,,,,,,,,,,,,,,,,,,,,,,,,,,,,,102.46407318115234,102.69269462701281,101.47004842988112,102.43425365202333,15477200.0,,,,,
2025-09-30,,,,,,WMT,,,,,,,,,,,,,,,,,,,,,,,,,,,,,,,,,,,,102.4441909790039,103.31893763544589,102.10622619542018,102.3845519192673,13873400.0,,,,,
2025-10-01,,,,,,WMT,,,,,,,,,,,,,,,,,,,,,,,,,,,,,,,,,,,,101.35076141357422,102.24538519486353,99.94919047606005,101.94717473983147,16142800.0,,,,,
2025-10-02,,,,,,WMT,,,,,,,,,,,,,,,,,,,,,,,,,,,,,,,,,,,,101.09231567382812,101.52968899770869,99.27325611564885,100.84380948231546,15605400.0,,,,,
2025-10-03,,,,,,WMT,,,,,,,,,,,,,,,,,,,,,,,,,,,,,,,,,,,,101.4601058959961,102.2056244582525,100.59530163360814,100.85375019198966,11867500.0,,,,,
2025-10-06,,,,,,WMT,,,,,,,,,,,,,,,,,,,,,,,,,,,,,,,,,,,,102.08634185791016,102.45413375662827,100.97303895810563,101.27124184177875,13303600.0,,,,,
2025-10-07,,,,,,WMT,,,,,,,,,,,,,,,,,,,,,,,,,,,,,,,,,,,,102.62311553955078,102.63305791075632,100.34679789713913,101.76825362724571,15538900.0,,,,,
2025-10-08,,,,,,WMT,,,,,,,,,,,,,,,,,,,,,,,,,,,,,,,,,,,,102.28514862060547,102.64299813846051,101.53963005570866,102.40442673735248,13584100.0,,,,,
2025-10-09,,,,,,WMT,,,,,,,,,,,,,,,,,,,,,,,,,,,,,,,,,,,,101.16189575195312,102.83185763994952,99.77026716512864,102.5137700224172,19508000.0,,,,,
2025-10-10,,,,,,WMT,,,,,,,,,,,,,,,,,,,,,,,,,,,,,,,,,,,,101.23148345947266,103.01078878732672,100.91339582221318,101.44023534424973,18519400.0,,,,,
2025-10-13,,,,,,WMT,,,,,,,,,,,,,,,,,,,,,,,,,,,,,,,,,,,,101.50981140136719,101.83783380905545,100.46608236799362,100.76429283004524,10871200.0,,,,,
2025-10-14,,,,,,WMT,,,,,,,,,,,,,,,,,,,,,,,,,,,,,,,,,,,,106.56938934326172,107.27514598455139,102.27520285532272,103.4282751709893,30859500.0,,,,,
2025-10-15,,,,,,WMT,,,,,,,,,,,,,,,,,,,,,,,,,,,,,,,,,,,,108.3785171508789,108.90534905434654,106.65885858234518,106.67873574044658,21416300.0,,,,,
2025-10-16,,,,,,WMT,,,,,,,,,,,,,,,,,,,,,,,,,,,,,,,,,,,,105.83382415771484,108.92524196510313,105.02866647760278,108.54750767858532,16366200.0,,,,,
2025-10-17,,,,,,WMT,,,,,,,,,,,,,,,,,,,,,,,,,,,,,,,,,,,,107.08628845214844,107.55347370900562,105.58530897303353,106.52962944140913,13735600.0,,,,,
2025-10-20,,,,,,WMT,,,,,,,,,,,,,,,,,,,,,,,,,,,,,,,,,,,,106.41035461425781,107.60318130419952,105.97298128883585,107.20556987961658,10581200.0,,,,,
2025-10-21,,,,,,WMT,,,,,,,,,,,,,,,,,,,,,,,,,,,,,,,,,,,,105.58531188964844,106.8377852186507,105.54554998893964,106.68867998694448,10899700.0,,,,,
2025-10-22,,,,,,WMT,,,,,,,,,,,,,,,,,,,,,,,,,,,,,,,,,,,,106.49981689453125,107.12604979088455,105.02866443153405,105.91334590039507,12296500.0,,,,,
2025-10-23,,,,,,WMT,,,,,,,,,,,,,,,,,,,,,,,,,,,,,,,,,,,,106.22148895263672,106.92724563873942,105.14794036653377,106.70855897299913,11408200.0,,,,,
2025-10-24,,,,,,WMT,,,,,,,,,,,,,,,,,,,,,,,,,,,,,,,,,,,,105.53560638427734,106.52963113895748,104.8795539897681,106.43023018025087,10318000.0,,,,,
2025-10-27,,,,,,WMT,,,,,,,,,,,,,,,,,,,,,,,,,,,,,,,,,,,,103.84577178955078,105.72447804978319,103.5276841577603,105.70459330690466,16375900.0,,,,,
2025-10-28,,,,,,WMT,,,,,,,,,,,,,,,,,,,,,,,,,,,,,,,,,,,,102.55352783203125,103.51773301716254,102.43424972009366,103.43820921999968,13323000.0,,,,,
2025-10-29,,,,,,WMT,,,,,,,,,,,,,,,,,,,,,,,,,,,,,,,,,,,,101.8477783203125,103.05054739726272,101.49987116314627,102.29509402278956,11986400.0,,,,,
2025-10-30,,,,,,WMT,,,,,,,,,,,,,,,,,,,,,,,,,,,,,,,,,,,,101.61915588378906,102.75234351833933,101.3507649481388,101.58932877020013,14065100.0,,,,,
2025-10-31,,,,,,WMT,,,,,,,,,,,,,,,,,,,,,,,,,,,,,,,,,,,,100.57543182373047,101.48993284013324,99.58140700142984,101.09232139445147,20237000.0,,,,,
2025-11-03,,,,,,WMT,,,,,,,,,,,,,,,,,,,,,,,,,,,,,,,,,,,,100.98297882080078,101.19173070881288,99.80009443030868,100.21758303871765,14811700.0,,,,,
2025-11-04,,,,,,WMT,,,,,,,,,,,,,,,,,,,,,,,,,,,,,,,,,,,,101.65890502929688,102.00681974920394,100.85374743092096,101.51974217485676,12636400.0,,,,,
2025-11-05,,,,,,WMT,,,,,,,,,,,,,,,,,,,,,,,,,,,,,,,,,,,,100.86369323730469,102.0664622823963,100.24739515821511,101.13207658463627,13356800.0,,,,,
2025-11-06,,,,,,WMT,,,,,,,,,,,,,,,,,,,,,,,,,,,,,,,,,,,,101.07243347167969,101.32093965079143,99.43229117278085,100.73446112450823,14866000.0,,,,,
2025-11-07,,,,,,WMT,,,,,,,,,,,,,,,,,,,,,,,,,,,,,,,,,,,,101.97698974609375,102.35472398355685,101.12213548611386,101.51973929678113,17248700.0,,,,,
2025-11-10,,,,,,WMT,,,,,,,,,,,,,,,,,,,,,,,,,,,,,,,,,,,,101.80802154541016,102.05652775358611,100.99292148594535,101.53963817745549,14507600.0,,,,,
2025-11-11,,,,,,WMT,,,,,,,,,,,,,,,,,,,,,,,,,,,,,,,,,,,,102.82192993164062,103.12013282771579,101.70861940172705,101.88754417289518,13182100.0,,,,,
2025-11-12,,,,,,WMT,,,,,,,,,,,,,,,,,,,,,,,,,,,,,,,,,,,,102.82192993164062,102.98096995945254,102.04659178451462,102.73246375415279,12084400.0,,,,,
2025-11-13,,,,,,WMT,,,,,,,,,,,,,,,,,,,,,,,,,,,,,,,,,,,,101.92730712890625,103.3090010379438,101.41040996961001,102.97102865166431,18088500.0,,,,,
2025-11-14,,,,,,WMT,,,,,,,,,,,,,,,,,,,,,,,,,,,,,,,,,,,,101.86766815185547,101.87760293983706,98.2891726884986,99.60128516379358,23424200.0,,,,,
2025-11-17,,,,,,WMT,,,,,,,,,,,,,,,,,,,,,,,,,,,,,,,,,,,,102.33485412597656,102.70264604652144,101.48993452971649,101.96706978923936,15289400.0,,,,,
2025-11-18,,,,,,WMT,,,,,,,,,,,,,,,,,,,,,,,,,,,,,,,,,,,,100.78416442871094,102.7225095736976,100.7742220581758,102.3646676563057,17604500.0,,,,,
2025-11-19,,,,,,WMT,,,,,,,,,,,,,,,,,,,,,,,,,,,,,,,,,,,,100.00883483886719,101.10226059231125,99.08439147979567,100.97304009963942,22157000.0,,,,,
2025-11-20,,,,,,WMT,,,,,,,,,,,,,,,,,,,,,,,,,,,,,,,,,,,,106.4699935913086,107.26521643985976,102.06646356223699,103.31893689437258,50375900.0,,,,,
2025-11-21,,,,,,WMT,,,,,,,,,,,,,,,,,,,,,,,,,,,,,,,,,,,,104.69068145751953,107.50377318822244,104.09426815224778,107.33479080875999,41420800.0,,,,,
2025-11-24,,,,,,WMT,,,,,,,,,,,,,,,,,,,,,,,,,,,,,,,,,,,,103.43821716308594,105.63501103770798,103.14001427653606,104.73045242289056,42519200.0,,,,,
2025-11-25,,,,,,WMT,,,,,,,,,,,,,,,,,,,,,,,,,,,,,,,,,,,,106.36064910888672,106.77813768714435,103.60720386602709,103.9849305439068,20212900.0,,,,,
2025-11-26,,,,,,WMT,,,,,,,,,,,,,,,,,,,,,,,,,,,,,,,,,,,,108.4480972290039,108.9351672263943,106.52962918431957,106.55944871300372,17783300.0,,,,,
2025-11-28,,,,,,WMT,,,,,,,,,,,,,,,,,,,,,,,,,,,,,,,,,,,,109.84967803955078,110.0385375864264,108.34869853274132,108.64690899341848,9846500.0,,,,,
2025-12-01,,,,,,WMT,,,,,,,,,,,,,,,,,,,,,,,,,,,,,,,,,,,,110.86357879638672,111.09220782502412,109.70057166275286,109.84967689153316,17236800.0,,,,,
2025-12-02,,,,,,WMT,,,,,,,,,,,,,,,,,,,,,,,,,,,,,,,,,,,,111.73832702636719,111.97689084554575,110.12800418334595,110.80394132419111,18711800.0,,,,,
2025-12-03,,,,,,WMT,,,,,,,,,,,,,,,,,,,,,,,,,,,,,,,,,,,,113.72637176513672,114.20349938342612,111.54945520324686,111.82778091121682,24478300.0,,,,,
2025-12-04,,,,,,WMT,,,,,,,,,,,,,,,,,,,,,,,,,,,,,,,,,,,,114.15380096435547,114.20350523638606,112.48384663095018,112.94109711516455,25905100.0,,,,,
2025-12-05,,,,,,WMT,,,,,,,,,,,,,,,,,,,,,,,,,,,,,,,,,,,,114.42218780517578,115.57525255371876,113.99475686595049,114.04446113620267,23956400.0,,,,,
2025-12-08,,,,,,WMT,,,,,,,,,,,,,,,,,,,,,,,,,,,,,,,,,,,,112.8814468383789,114.3029025172968,111.62898112864107,113.8854139473842,22700700.0,,,,,
2025-12-09,,,,,,WMT,,,,,,,,,,,,,,,,,,,,,,,,,,,,,,,,,,,,114.37248229980469,115.02854225777547,112.34467095308604,113.26911424962238,24326700.0,,,,,
2025-12-10,,,,,,WMT,,,,,,,,,,,,,,,,,,,,,,,,,,,,,,,,,,,,112.50372314453125,115.53550170964621,112.31485601246625,114.66075506328801,22859600.0,,,,,
2025-12-11,,,,,,WMT,,,,,,,,,,,,,,,,,,,,,,,,,,,,,,,,,,,,114.8297348022461,115.17764952881979,112.17569056253069,112.46395864762513,21586600.0,,,,,
2025-12-12,,,,,,WMT,,,,,,,,,,,,,,,,,,,,,,,,,,,,,,,,,,,,116.23915100097656,116.48816375599088,114.56578498330971,114.80484269959511,19092400.0,,,,,
2025-12-15,,,,,,WMT,,,,,,,,,,,,,,,,,,,,,,,,,,,,,,,,,,,,116.32879638671875,116.98618609049363,115.18333622489253,116.46824291780027,18713700.0,,,,,
2025-12-16,,,,,,WMT,,,,,,,,,,,,,,,,,,,,,,,,,,,,,,,,,,,,114.9642105102539,116.4184441331518,114.49606530028865,116.11963337733977,19642300.0,,,,,
2025-12-17,,,,,,WMT,,,,,,,,,,,,,,,,,,,,,,,,,,,,,,,,,,,,115.2032699584961,115.93038298119593,114.61559587784929,114.74507978071276,16177800.0,,,,,
2025-12-18,,,,,,WMT,,,,,,,,,,,,,,,,,,,,,,,,,,,,,,,,,,,,114.37654113769531,116.02002685042402,114.15740869609598,114.55583062634328,21476700.0,,,,,
2025-12-19,,,,,,WMT,,,,,,,,,,,,,,,,,,,,,,,,,,,,,,,,,,,,113.90840148925781,114.82476665398586,113.08167727358796,114.68532011149536,50043800.0,,,,,
2025-12-22,,,,,,WMT,,,,,,,,,,,,,,,,,,,,,,,,,,,,,,,,,,,,112.15534210205078,113.86855105354326,111.77684545433789,113.559777672495,21473900.0,,,,,
2025-12-23,,,,,,WMT,,,,,,,,,,,,,,,,,,,,,,,,,,,,,,,,,,,,110.4620590209961,111.90632995222431,110.26284425854885,111.54775097908545,20319900.0,,,,,
2025-12-24,,,,,,WMT,,,,,,,,,,,,,,,,,,,,,,,,,,,,,,,,,,,,111.16925811767578,111.26886170266053,110.11344643815782,110.46206278523768,9009600.0,,,,,
2025-12-26,,,,,,WMT,,,,,,,,,,,,,,,,,,,,,,,,,,,,,,,,,,,,111.29874420166016,111.52783929095921,110.92024753158627,111.27882652397903,9003800.0,,,,,
2025-12-29,,,,,,WMT,,,,,,,,,,,,,,,,,,,,,,,,,,,,,,,,,,,,112.08562469482422,112.3346374601106,111.12941658803649,111.14933426558214,12979600.0,,,,,
2025-12-30,,,,,,WMT,,,,,,,,,,,,,,,,,,,,,,,,,,,,,,,,,,,,111.47803497314453,112.24499855980663,111.39834906297531,111.44815465664773,11730600.0,,,,,
2025-12-31,,,,,,WMT,,,,,,,,,,,,,,,,,,,,,,,,,,,,,,,,,,,,110.97005462646484,111.80673388719316,110.88040607752015,111.2887906685423,11487400.0,,,,,
2026-01-02,,,,,,WMT,,,,,,,,,,,,,,,,,,,,,,,,,,,,,,,,,,,,112.3147201538086,112.34460046985909,110.68119701607182,110.98997041428227,14306600.0,,,,,
2026-01-05,,,,,,WMT,,,,,,,,,,,,,,,,,,,,,,,,,,,,,,,,,,,,112.2649154663086,113.28089181581844,111.70712929749008,112.37448169222175,19557600.0,,,,,
2026-01-06,,,,,,WMT,,,,,,,,,,,,,,,,,,,,,,,,,,,,,,,,,,,,113.88847351074219,114.33670104320107,111.54775506101163,111.95613963952309,20120800.0,,,,,
2026-01-07,,,,,,WMT,,,,,,,,,,,,,,,,,,,,,,,,,,,,,,,,,,,,112.2748794555664,114.27694426311413,111.65732504746875,113.73907576559682,23306000.0,,,,,
2026-01-08,,,,,,WMT,,,,,,,,,,,,,,,,,,,,,,,,,,,,,,,,,,,,112.62348937988281,113.02191131075173,109.37636090231058,110.85051976674569,24058300.0,,,,,
2026-01-09,,,,,,WMT,,,,,,,,,,,,,,,,,,,,,,,,,,,,,,,,,,,,114.07772827148438,115.00405607413008,111.81669567753553,111.81669567753553,21902900.0,,,,,
2026-01-12,,,,,,WMT,,,,,,,,,,,,,,,,,,,,,,,,,,,,,,,,,,,,117.50414276123047,118.37070230512944,115.95030556588084,117.03599755512734,49182100.0,,,,,
2026-01-13,,,,,,WMT,,,,,,,,,,,,,,,,,,,,,,,,,,,,,,,,,,,,119.88470458984375,120.03411376670338,117.26509307273483,117.42445728858974,31222100.0,,,,,
2026-01-14,,,,,,WMT,,,,,,,,,,,,,,,,,,,,,,,,,,,,,,,,,,,,119.56597137451172,120.76122961900302,118.55995766585049,119.71538055488978,32764000.0,,,,,
2026-01-15,,,,,,WMT,,,,,,,,,,,,,,,,,,,,,,,,,,,,,,,,,,,,118.72927856445312,120.39268954357787,118.26114096835724,119.50620474356865,34559400.0,,,,,
2026-01-16,,,,,,WMT,,,,,,,,,,,,,,,,,,,,,,,,,,,,,,,,,,,,119.22730255126953,120.12374997782183,116.43836428998766,118.2013712294854,415144600.0,,,,,
2026-01-20,,,,,,WMT,,,,,,,,,,,,,,,,,,,,,,,,,,,,,,,,,,,,118.24121856689453,121.1397307536994,117.14556393792557,120.41261014762198,45334000.0,,,,,
2026-01-21,,,,,,WMT,,,,,,,,,,,,,,,,,,,,,,,,,,,,,,,,,,,,118.8886489868164,120.01418389072646,117.08579909313113,117.61370491177271,34811700.0,,,,,
2026-01-22,,,,,,WMT,,,,,,,,,,,,,,,,,,,,,,,,,,,,,,,,,,,,117.36469268798828,119.04801373249136,117.185403201674,118.81892625508576,24547300.0,,,,,
2026-01-23,,,,,,WMT,,,,,,,,,,,,,,,,,,,,,,,,,,,,,,,,,,,,117.26509094238281,118.14161311182713,116.6774168838822,117.70334822747184,20806900.0,,,,,
2026-01-26,,,,,,WMT,,,,,,,,,,,,,,,,,,,,,,,,,,,,,,,,,,,,117.17544555664062,118.380666421838,116.92643279277506,117.34477241224526,19552200.0,,,,,
2026-01-27,,,,,,WMT,,,,,,,,,,,,,,,,,,,,,,,,,,,,,,,,,,,,116.47821044921875,117.1654804957765,115.02397685022356,117.03599659697956,22968600.0,,,,,
2026-01-28,,,,,,WMT,,,,,,,,,,,,,,,,,,,,,,,,,,,,,,,,,,,,116.10966491699219,116.99614970020349,115.41243225579208,116.1793881831122,16342000.0,,,,,
2026-01-29,,,,,,WMT,,,,,,,,,,,,,,,,,,,,,,,,,,,,,,,,,,,,116.94635772705078,117.19537049018723,115.61164536502085,115.99014202925233,16381100.0,,,,,
2026-01-30,,,,,,WMT,,,,,,,,,,,,,,,,,,,,,,,,,,,,,,,,,,,,118.66951751708984,118.93845554717745,116.13954702285811,116.44832800552413,22215400.0,,,,,
2026-02-02,,,,,,WMT,,,,,,,,,,,,,,,,,,,,,,,,,,,,,,,,,,,,123.5700912475586,123.70953778708709,118.57988094171775,119.02810087602128,31210100.0,,,,,
2026-02-03,,,,,,WMT,,,,,,,,,,,,,,,,,,,,,,,,,,,,,,,,,,,,127.20568084716797,127.663863426049,123.16171594715138,123.16171594715138,32018700.0,,,,,
2026-02-04,,,,,,WMT,,,,,,,,,,,,,,,,,,,,,,,,,,,,,,,,,,,,127.4945297241211,128.89896530076112,126.58811965421592,127.6240212194025,27531800.0,,,,,
2026-02-05,,,,,,WMT,,,,,,,,,,,,,,,,,,,,,,,,,,,,,,,,,,,,126.43872833251953,129.08822789080259,126.0602240531838,128.07225151910504,30517800.0,,,,,
2026-02-06,,,,,,WMT,,,,,,,,,,,,,,,,,,,,,,,,,,,,,,,,,,,,130.66197204589844,131.17992285780286,126.54829146247491,126.7873415914411,26593400.0,,,,,
2026-02-09,,,,,,WMT,,,,,,,,,,,,,,,,,,,,,,,,,,,,,,,,,,,,128.51051330566406,131.2695638265917,127.58417790733635,130.90102979422613,27197300.0,,,,,
2026-02-10,,,,,,WMT,,,,,,,,,,,,,,,,,,,,,,,,,,,,,,,,,,,,126.19966125488281,128.829235341004,125.89088787029975,128.43082101222566,24662000.0,,,,,
2026-02-11,,,,,,WMT,,,,,,,,,,,,,,,,,,,,,,,,,,,,,,,,,,,,128.26148986816406,129.22766054156153,126.12993376438375,126.19965702951212,19232100.0,,,,,
2026-02-12,,,,,,WMT,,,,,,,,,,,,,,,,,,,,,,,,,,,,,,,,,,,,133.1122589111328,133.95890836521818,128.79935613162505,128.86908699895253,33382700.0,,,,,
2026-02-13,,,,,,WMT,,,,,,,,,,,,,,,,,,,,,,,,,,,,,,,,,,,,133.36126708984375,134.118260374443,131.22971856884888,132.17596397423097,24131200.0,,,,,
2026-02-17,,,,,,WMT,,,,,,,,,,,,,,,,,,,,,,,,,,,,,,,,,,,,128.34117126464844,134.15810517758902,127.65389367589613,132.58434284935956,37995900.0,,,,,
2026-02-18,,,,,,WMT,,,,,,,,,,,,,,,,,,,,,,,,,,,,,,,,,,,,126.11997985839844,128.36108700029487,125.27333043232424,127.62401899026196,36485000.0,,,,,
2026-02-19,,,,,,WMT,,,,,,,,,,,,,,,,,,,,,,,,,,,,,,,,,,,,124.37689208984375,129.5862422047388,123.90874690025707,127.9925545127162,42993300.0,,,,,
2026-02-20,,,,,,WMT,,,,,,,,,,,,,,,,,,,,,,,,,,,,,,,,,,,,122.50431823730469,122.99238873015149,120.57198434058695,122.51428087573963,35151000.0,,,,,
2026-02-23,,,,,,WMT,,,,,,,,,,,,,,,,,,,,,,,,,,,,,,,,,,,,125.31317901611328,126.29927501801508,122.47443506957713,123.0322212206814,25662800.0,,,,,
2026-02-24,,,,,,WMT,,,,,,,,,,,,,,,,,,,,,,,,,,,,,,,,,,,,126.24947357177734,127.53437276929525,124.41674324410326,125.40283167911777,20161200.0,,,,,
2026-02-25,,,,,,WMT,,,,,,,,,,,,,,,,,,,,,,,,,,,,,,,,,,,,125.25341796875,126.89690370051927,124.92471930254288,126.11002246896268,17345700.0,,,,,
2026-02-26,,,,,,WMT,,,,,,,,,,,,,,,,,,,,,,,,,,,,,,,,,,,,123.92866516113281,126.8271772553826,123.45056493068441,125.48250990825551,18638300.0,,,,,
2026-02-27,,,,,,WMT,,,,,,,,,,,,,,,,,,,,,,,,,,,,,,,,,,,,127.4447250366211,128.09216731908256,124.65578673870745,125.02432075277177,29205500.0,,,,,
2026-03-02,,,,,,WMT,,,,,,,,,,,,,,,,,,,,,,,,,,,,,,,,,,,,126.59809112548828,128.24157693224024,126.54829313089985,126.9566701232984,17091500.0,,,,,
2026-03-03,,,,,,WMT,,,,,,,,,,,,,,,,,,,,,,,,,,,,,,,,,,,,127.40489196777344,127.86306693425331,125.17373217031401,126.02037403309,16480400.0,,,,,
2026-03-04,,,,,,WMT,,,,,,,,,,,,,,,,,,,,,,,,,,,,,,,,,,,,127.30528259277344,127.66386157962746,125.74148274426365,126.60804989570529,16434100.0,,,,,
2026-03-05,,,,,,WMT,,,,,,,,,,,,,,,,,,,,,,,,,,,,,,,,,,,,122.82305145263672,125.18369515590186,121.16961067594359,124.88487680384983,28604900.0,,,,,
2026-03-06,,,,,,WMT,,,,,,,,,,,,,,,,,,,,,,,,,,,,,,,,,,,,123.31111907958984,123.69957836870472,121.139727556177,122.01624971636278,21553000.0,,,,,
2026-03-09,,,,,,WMT,,,,,,,,,,,,,,,,,,,,,,,,,,,,,,,,,,,,123.84898376464844,124.01831821839308,122.01625348243766,123.20155666231803,19375900.0,,,,,
2026-03-10,,,,,,WMT,,,,,,,,,,,,,,,,,,,,,,,,,,,,,,,,,,,,124.62590789794922,125.60203365402064,122.86289331517725,123.7194978109023,18793600.0,,,,,
2026-03-11,,,,,,WMT,,,,,,,,,,,,,,,,,,,,,,,,,,,,,,,,,,,,123.0023422241211,124.99444432715642,122.56408492895451,124.81515483391257,18176500.0,,,,,
2026-03-12,,,,,,WMT,,,,,,,,,,,,,,,,,,,,,,,,,,,,,,,,,,,,124.8350830078125,124.89484364052527,121.79712419046949,121.81704946755148,21751600.0,,,,,
2026-03-13,,,,,,WMT,,,,,,,,,,,,,,,,,,,,,,,,,,,,,,,,,,,,126.02037048339844,126.18970493059696,124.47649597694509,124.89483557746023,15194100.0,,,,,
2026-03-16,,,,,,WMT,,,,,,,,,,,,,,,,,,,,,,,,,,,,,,,,,,,,125.49246978759766,126.47856579955872,124.33705452005711,126.25943335245626,20463200.0,,,,,
2026-03-17,,,,,,WMT,,,,,,,,,,,,,,,,,,,,,,,,,,,,,,,,,,,,124.58606719970703,126.68773552385488,124.36693475275074,126.14986704476209,19895000.0,,,,,
2026-03-18,,,,,,WMT,,,,,,,,,,,,,,,,,,,,,,,,,,,,,,,,,,,,121.49830627441406,124.1179177107379,121.34889710216198,123.83902464214266,19734900.0,,,,,
2026-03-19,,,,,,WMT,,,,,,,,,,,,,,,,,,,,,,,,,,,,,,,,,,,,120.61181640625,122.26526477509258,118.79900382312763,121.91664843204333,17927700.0,,,,,
2026-03-20,,,,,,WMT,,,,,,,,,,,,,,,,,,,,,,,,,,,,,,,,,,,,118.79328918457031,121.0689526721321,117.79519396918542,120.40022309052897,57545600.0,,,,,
2026-03-23,,,,,,WMT,,,,,,,,,,,,,,,,,,,,,,,,,,,,,,,,,,,,120.49005889892578,120.89927398864255,118.82324167143548,120.25051817287543,22181500.0,,,,,
2026-03-24,,,,,,WMT,,,,,,,,,,,,,,,,,,,,,,,,,,,,,,,,,,,,121.8175277709961,123.87360154016888,120.26049400975914,120.40022673495365,17269600.0,,,,,
2026-03-25,,,,,,WMT,,,,,,,,,,,,,,,,,,,,,,,,,,,,,,,,,,,,122.82559204101562,123.25477327869513,121.54803141207071,122.57606824271039,16597300.0,,,,,
2026-03-26,,,,,,WMT,,,,,,,,,,,,,,,,,,,,,,,,,,,,,,,,,,,,121.94727325439453,123.56419023849065,121.55801673107064,123.37454971153619,16442500.0,,,,,
2026-03-27,,,,,,WMT,,,,,,,,,,,,,,,,,,,,,,,,,,,,,,,,,,,,122.65592193603516,124.03329060905865,121.58796034687597,121.797559430932,16543300.0,,,,,
2026-03-30,,,,,,WMT,,,,,,,,,,,,,,,,,,,,,,,,,,,,,,,,,,,,123.26475524902344,125.02140490538139,122.90544037352153,123.47435432392255,20428900.0,,,,,
2026-03-31,,,,,,WMT,,,,,,,,,,,,,,,,,,,,,,,,,,,,,,,,,,,,124.04327392578125,124.76190370952608,122.60601435829157,123.19489450352893,21330400.0,,,,,
2026-04-01,,,,,,WMT,,,,,,,,,,,,,,,,,,,,,,,,,,,,,,,,,,,,124.50239562988281,124.99146777045921,122.89546171624545,123.5641913010441,17039700.0,,,,,
2026-04-02,,,,,,WMT,,,,,,,,,,,,,,,,,,,,,,,,,,,,,,,,,,,,125.55039978027344,125.66019086466167,123.91352421376449,124.91161944284859,11898400.0,,,,,
2026-04-06,,,,,,WMT,,,,,,,,,,,,,,,,,,,,,,,,,,,,,,,,,,,,126.54849243164062,126.73813295805967,125.13119906277755,125.57035577652285,10850400.0,,,,,
2026-04-07,,,,,,WMT,,,,,,,,,,,,,,,,,,,,,,,,,,,,,,,,,,,,122.25668334960938,126.11931465504222,121.55801973021642,125.94964029245568,16076000.0,,,,,
2026-04-08,,,,,,WMT,,,,,,,,,,,,,,,,,,,,,,,,,,,,,,,,,,,,127.0176010131836,127.05752573613917,121.09889599882592,122.04708342071828,20194300.0,,,,,
2026-04-09,,,,,,WMT,,,,,,,,,,,,,,,,,,,,,,,,,,,,,,,,,,,,128.884033203125,129.44296405735184,126.57842819971576,126.84791054304318,13853100.0,,,,,
2026-04-10,,,,,,WMT,,,,,,,,,,,,,,,,,,,,,,,,,,,,,,,,,,,,126.52852630615234,128.68440799806444,125.97957851006859,128.47481653280053,13894000.0,,,,,
2026-04-13,,,,,,WMT,,,,,,,,,,,,,,,,,,,,,,,,,,,,,,,,,,,,124.33271789550781,126.05942593004949,123.71389613445722,126.04944284595747,14510600.0,,,,,
2026-04-14,,,,,,WMT,,,,,,,,,,,,,,,,,,,,,,,,,,,,,,,,,,,,124.81181335449219,124.96152154925787,122.31657524356561,122.9154308672155,15320800.0,,,,,
2026-04-15,,,,,,WMT,,,,,,,,,,,,,,,,,,,,,,,,,,,,,,,,,,,,124.5223617553711,124.83176883675557,122.94536948050799,124.39260450328428,17001400.0,,,,,
2026-04-16,,,,,,WMT,,,,,,,,,,,,,,,,,,,,,,,,,,,,,,,,,,,,124.58224487304688,125.70011425915739,123.73386546026387,124.09318034812574,18324500.0,,,,,
2026-04-17,,,,,,WMT,,,,,,,,,,,,,,,,,,,,,,,,,,,,,,,,,,,,127.25714111328125,127.32700747439601,123.13501057778576,124.33272180114233,24763700.0,,,,,
2026-04-20,,,,,,WMT,,,,,,,,,,,,,,,,,,,,,,,,,,,,,,,,,,,,127.67633819580078,129.22338882645656,127.0774825892077,127.62643800392097,18933600.0,,,,,
2026-04-21,,,,,,WMT,,,,,,,,,,,,,,,,,,,,,,,,,,,,,,,,,,,,129.3531494140625,129.52282377758172,127.23718476034317,127.5865165719599,17312400.0,,,,,
2026-04-22,,,,,,WMT,,,,,,,,,,,,,,,,,,,,,,,,,,,,,,,,,,,,129.73240661621094,130.2015125669619,128.5945787256014,129.7523727840388,17624500.0,,,,,
2026-04-23,,,,,,WMT,,,,,,,,,,,,,,,,,,,,,,,,,,,,,,,,,,,,131.77850341796875,132.20769225837955,130.24144356493085,130.32129300569852,16376000.0,,,,,
2026-04-24,,,,,,WMT,,,,,,,,,,,,,,,,,,,,,,,,,,,,,,,,,,,,129.6725311279297,131.86833759939617,129.033750786599,131.68868776733035,16016300.0,,,,,
2026-04-27,,,,,,WMT,,,,,,,,,,,,,,,,,,,,,,,,,,,,,,,,,,,,127.34696197509766,129.5627345211589,127.1573290666003,129.37309399779951,17029500.0,,,,,
2026-04-28,,,,,,WMT,,,,,,,,,,,,,,,,,,,,,,,,,,,,,,,,,,,,127.34696197509766,129.52281741453146,126.53850730580689,129.0936285622354,16341800.0,,,,,
2026-04-29,,,,,,WMT,,,,,,,,,,,,,,,,,,,,,,,,,,,,,,,,,,,,127.76616668701172,127.83604066435157,125.6701758126882,126.43870579994015,16538800.0,,,,,
2026-04-30,,,,,,WMT,,,,,,,,,,,,,,,,,,,,,,,,,,,,,,,,,,,,131.67869567871094,132.17774329103938,127.70628094889952,127.77615492489326,19867700.0,,,,,
2026-05-01,,,,,,WMT,,,,,,,,,,,,,,,,,,,,,,,,,,,,,,,,,,,,131.34933471679688,133.11595225949642,130.73050533514794,131.6687172620817,10480900.0,,,,,
2026-05-04,,,,,,WMT,,,,,,,,,,,,,,,,,,,,,,,,,,,,,,,,,,,,130.08175659179688,131.49905002829192,129.43298553731375,130.1616060398744,10340700.0,,,,,
2026-05-05,,,,,,WMT,,,,,,,,,,,,,,,,,,,,,,,,,,,,,,,,,,,,130.54086303710938,131.47907495130153,130.0518061416393,130.26139760263393,10637300.0,,,,,
2026-05-06,,,,,,WMT,,,,,,,,,,,,,,,,,,,,,,,,,,,,,,,,,,,,129.8322296142578,130.9001835931079,129.28327419067853,130.6107426768886,16371500.0,,,,,
2026-05-07,,,,,,WMT,,,,,,,,,,,,,,,,,,,,,,,,,,,,,,,,,,,,129.95199584960938,130.35124307928913,128.42491136668013,129.6525642347807,14935400.0,,,,,
2026-05-08,,,,,,WMT,,,,,,,,,,,,,,,,,,,,,,,,,,,,,,,,,,,,130.42999267578125,131.41000366210938,130.25,130.32000732421875,15183700.0,,,,,
2026-05-11,,,,,,WMT,,,,,,,,,,,,,,,,,,,,,,,,,,,,,,,,,,,,127.58999633789062,130.60000610351562,126.37999725341797,130.17999267578125,18699200.0,,,,,
2026-05-12,,,,,,WMT,,,,,,,,,,,,,,,,,,,,,,,,,,,,,,,,,,,,130.35000610351562,131.1199951171875,127.72000122070312,128.0800018310547,17935400.0,,,,,
2026-05-13,,,,,,WMT,,,,,,,,,,,,,,,,,,,,,,,,,,,,,,,,,,,,131.47000122070312,132.52999877929688,128.77000427246094,129.19000244140625,13786600.0,,,,,
2026-05-14,,,,,,WMT,,,,,,,,,,,,,,,,,,,,,,,,,,,,,,,,,,,,132.4600067138672,132.77999877929688,130.8699951171875,131.35499572753906,10478747.0,,,,,
2025-05-15,,,,,,PFE,,,,,,,,,,,,,,,,,,,,,,,,,,,,,,,,,,,,,,,,,21.12384033203125,21.12384033203125,20.647151693873862,20.749967414682327,51800100.0
2025-05-16,,,,,,PFE,,,,,,,,,,,,,,,,,,,,,,,,,,,,,,,,,,,,,,,,,21.338817596435547,21.35751168848506,20.983638761328447,21.170574333523383,37786800.0
2025-05-19,,,,,,PFE,,,,,,,,,,,,,,,,,,,,,,,,,,,,,,,,,,,,,,,,,21.49771499633789,21.525756135955262,21.161228451996777,21.25469713462118,31513700.0
2025-05-20,,,,,,PFE,,,,,,,,,,,,,,,,,,,,,,,,,,,,,,,,,,,,,,,,,21.983749389648438,22.151992651639464,21.647262865666384,21.656609911639965,57047500.0
2025-05-21,,,,,,PFE,,,,,,,,,,,,,,,,,,,,,,,,,,,,,,,,,,,,,,,,,21.53510093688965,21.946360245125398,21.53510093688965,21.93701319956095,42984700.0
2025-05-22,,,,,,PFE,,,,,,,,,,,,,,,,,,,,,,,,,,,,,,,,,,,,,,,,,21.53510093688965,21.647261918129704,21.32012245444067,21.53510093688965,38602800.0
2025-05-23,,,,,,PFE,,,,,,,,,,,,,,,,,,,,,,,,,,,,,,,,,,,,,,,,,21.796812057495117,21.862239596608855,21.385550948080095,21.450980269960567,35405400.0
2025-05-27,,,,,,PFE,,,,,,,,,,,,,,,,,,,,,,,,,,,,,,,,,,,,,,,,,22.067869186401367,22.114602629618147,21.84354544998097,22.01178691522133,36155400.0
2025-05-28,,,,,,PFE,,,,,,,,,,,,,,,,,,,,,,,,,,,,,,,,,,,,,,,,,21.665956497192383,22.095909906239903,21.60052895953443,22.06787055168175,36737200.0
2025-05-29,,,,,,PFE,,,,,,,,,,,,,,,,,,,,,,,,,,,,,,,,,,,,,,,,,21.91832160949707,21.91832160949707,21.64726262754503,21.806158841814604,26091400.0
2025-05-30,,,,,,PFE,,,,,,,,,,,,,,,,,,,,,,,,,,,,,,,,,,,,,,,,,21.955707550048828,22.07721736105536,21.64726217384508,21.946360504373967,56618600.0
2025-06-02,,,,,,PFE,,,,,,,,,,,,,,,,,,,,,,,,,,,,,,,,,,,,,,,,,21.92766761779785,22.021136296915255,21.703343857576147,22.002443987305192,30443900.0
2025-06-03,,,,,,PFE,,,,,,,,,,,,,,,,,,,,,,,,,,,,,,,,,,,,,,,,,21.824853897094727,22.00244421094621,21.55379490317579,21.85289325317821,37887100.0
2025-06-04,,,,,,PFE,,,,,,,,,,,,,,,,,,,,,,,,,,,,,,,,,,,,,,,,,21.862239837646484,22.002443746169412,21.824853436069322,21.880933929818443,24500100.0
2025-06-05,,,,,,PFE,,,,,,,,,,,,,,,,,,,,,,,,,,,,,,,,,,,,,,,,,21.60987663269043,21.908974975105508,21.572488448505172,21.908974975105508,33173600.0
2025-06-06,,,,,,PFE,,,,,,,,,,,,,,,,,,,,,,,,,,,,,,,,,,,,,,,,,21.824853897094727,22.039830613313118,21.731385217027274,21.75007930959412,30426200.0
2025-06-09,,,,,,PFE,,,,,,,,,,,,,,,,,,,,,,,,,,,,,,,,,,,,,,,,,22.404354095458984,22.563250299657984,21.890279084515136,21.908973175071864,42542600.0
2025-06-10,,,,,,PFE,,,,,,,,,,,,,,,,,,,,,,,,,,,,,,,,,,,,,,,,,22.71280288696289,22.824965664467076,22.39501043059571,22.404357477284965,40439200.0
2025-06-11,,,,,,PFE,,,,,,,,,,,,,,,,,,,,,,,,,,,,,,,,,,,,,,,,,22.881044387817383,23.077328787539624,22.731495217917928,22.740842263882485,38558700.0
2025-06-12,,,,,,PFE,,,,,,,,,,,,,,,,,,,,,,,,,,,,,,,,,,,,,,,,,23.217529296875,23.254915695366563,22.927778023190605,22.927778023190605,42465400.0
2025-06-13,,,,,,PFE,,,,,,,,,,,,,,,,,,,,,,,,,,,,,,,,,,,,,,,,,22.937129974365234,23.32035000039266,22.862353595855506,23.170800808907178,46368400.0
2025-06-16,,,,,,PFE,,,,,,,,,,,,,,,,,,,,,,,,,,,,,,,,,,,,,,,,,22.806270599365234,22.983860913360612,22.69410960940684,22.89973927950842,35102100.0
2025-06-17,,,,,,PFE,,,,,,,,,,,,,,,,,,,,,,,,,,,,,,,,,,,,,,,,,22.432397842407227,22.7314961950633,22.348276207876854,22.68476274599834,40408800.0
2025-06-18,,,,,,PFE,,,,,,,,,,,,,,,,,,,,,,,,,,,,,,,,,,,,,,,,,22.320234298706055,22.50717165404997,22.217420357756975,22.39500888429027,37076200.0
2025-06-20,,,,,,PFE,,,,,,,,,,,,,,,,,,,,,,,,,,,,,,,,,,,,,,,,,22.404354095458984,22.51651685603276,22.217418538191495,22.43239523129408,63098100.0
2025-06-23,,,,,,PFE,,,,,,,,,,,,,,,,,,,,,,,,,,,,,,,,,,,,,,,,,22.460437774658203,22.51651826707619,22.217419930491317,22.31088860636577,31959100.0
2025-06-24,,,,,,PFE,,,,,,,,,,,,,,,,,,,,,,,,,,,,,,,,,,,,,,,,,22.72214698791504,22.806268614445795,22.535211426665192,22.56325078033102,34404200.0
2025-06-25,,,,,,PFE,,,,,,,,,,,,,,,,,,,,,,,,,,,,,,,,,,,,,,,,,22.6754150390625,22.7782307633304,22.49782472880888,22.628679808592203,25603300.0
2025-06-26,,,,,,PFE,,,,,,,,,,,,,,,,,,,,,,,,,,,,,,,,,,,,,,,,,22.656721115112305,22.834311426684625,22.581946528571343,22.731495701653266,31835300.0
2025-06-27,,,,,,PFE,,,,,,,,,,,,,,,,,,,,,,,,,,,,,,,,,,,,,,,,,22.6099853515625,22.824962043006053,22.507169637060546,22.759534509329022,39528800.0
2025-06-30,,,,,,PFE,,,,,,,,,,,,,,,,,,,,,,,,,,,,,,,,,,,,,,,,,22.656721115112305,22.787576195867295,22.54456012668425,22.628679976621907,44730900.0
2025-07-01,,,,,,PFE,,,,,,,,,,,,,,,,,,,,,,,,,,,,,,,,,,,,,,,,,23.404468536376953,23.694219833568123,22.675414987595854,22.69410907974154,59259900.0
2025-07-02,,,,,,PFE,,,,,,,,,,,,,,,,,,,,,,,,,,,,,,,,,,,,,,,,,23.66617774963379,23.70356593243111,23.39512055541993,23.488587446879873,36772100.0
2025-07-03,,,,,,PFE,,,,,,,,,,,,,,,,,,,,,,,,,,,,,,,,,,,,,,,,,23.722259521484375,23.853116385571386,23.572710347756455,23.694220165639624,27104600.0
2025-07-07,,,,,,PFE,,,,,,,,,,,,,,,,,,,,,,,,,,,,,,,,,,,,,,,,,23.59140396118164,23.862462947289348,23.497935283807717,23.7035667305837,34905900.0
2025-07-08,,,,,,PFE,,,,,,,,,,,,,,,,,,,,,,,,,,,,,,,,,,,,,,,,,23.946584701538086,24.264375353813485,23.563362944061705,23.591404082247806,51275800.0
2025-07-09,,,,,,PFE,,,,,,,,,,,,,,,,,,,,,,,,,,,,,,,,,,,,,,,,,23.8905029296875,24.152214876651048,23.684873260280504,24.01201274829324,38362200.0
2025-07-10,,,,,,PFE,,,,,,,,,,,,,,,,,,,,,,,,,,,,,,,,,,,,,,,,,24.096134185791016,24.348497301674872,23.87181042569049,23.909196827657194,39499200.0
2025-07-11,,,,,,PFE,,,,,,,,,,,,,,,,,,,,,,,,,,,,,,,,,,,,,,,,,23.974624633789062,24.04005217503074,23.759647917490177,23.974624633789062,34864400.0
2025-07-14,,,,,,PFE,,,,,,,,,,,,,,,,,,,,,,,,,,,,,,,,,,,,,,,,,23.6942195892334,23.95592974550728,23.68487254325694,23.909196298391727,25918000.0
2025-07-15,,,,,,PFE,,,,,,,,,,,,,,,,,,,,,,,,,,,,,,,,,,,,,,,,,23.00255584716797,23.77834289002416,22.927781256872198,23.684874206462734,54458000.0
2025-07-16,,,,,,PFE,,,,,,,,,,,,,,,,,,,,,,,,,,,,,,,,,,,,,,,,,23.00255584716797,23.32969356548268,22.927781256872198,23.06798339083091,44218200.0
2025-07-17,,,,,,PFE,,,,,,,,,,,,,,,,,,,,,,,,,,,,,,,,,,,,,,,,,22.97451400756836,23.161451368997938,22.853005970575897,22.89039237320173,47393900.0
2025-07-18,,,,,,PFE,,,,,,,,,,,,,,,,,,,,,,,,,,,,,,,,,,,,,,,,,22.8716983795166,23.161451469263465,22.796923791174436,23.096022144543106,36309400.0
2025-07-21,,,,,,PFE,,,,,,,,,,,,,,,,,,,,,,,,,,,,,,,,,,,,,,,,,22.6754150390625,23.039940922897042,22.6754150390625,22.98386042909944,33663400.0
2025-07-22,,,,,,PFE,,,,,,,,,,,,,,,,,,,,,,,,,,,,,,,,,,,,,,,,,23.497934341430664,23.497934341430664,22.750188517960847,22.778229654878466,48091600.0
2025-07-23,,,,,,PFE,,,,,,,,,,,,,,,,,,,,,,,,,,,,,,,,,,,,,,,,,23.70356559753418,23.862461806644465,23.600749879060864,23.722257905902065,42073300.0
2025-07-24,,,,,,PFE,,,,,,,,,,,,,,,,,,,,,,,,,,,,,,,,,,,,,,,,,23.6942195892334,23.87180989725263,23.610097958212013,23.731605990372497,25672400.0
2025-07-25,,,,,,PFE,,,,,,,,,,,,,,,,,,,,,,,,,,,,,,,,,,,,,,,,,23.570615768432617,23.74176029918815,23.408977755889463,23.74176029918815,35643400.0
2025-07-28,,,,,,PFE,,,,,,,,,,,,,,,,,,,,,,,,,,,,,,,,,,,,,,,,,23.11422348022461,23.51356432096672,23.047666975689047,23.466024478735243,31096600.0
2025-07-29,,,,,,PFE,,,,,,,,,,,,,,,,,,,,,,,,,,,,,,,,,,,,,,,,,23.104717254638672,23.133242250694323,22.752918037596807,23.114225586657223,38499800.0
2025-07-30,,,,,,PFE,,,,,,,,,,,,,,,,,,,,,,,,,,,,,,,,,,,,,,,,,22.638818740844727,23.19979760733372,22.629310409299123,23.123732768497696,35649500.0
2025-07-31,,,,,,PFE,,,,,,,,,,,,,,,,,,,,,,,,,,,,,,,,,,,,,,,,,22.144399642944336,22.667345217440353,22.00177647396458,22.43915068601324,62768300.0
2025-08-01,,,,,,PFE,,,,,,,,,,,,,,,,,,,,,,,,,,,,,,,,,,,,,,,,,22.334558486938477,22.363083480427672,21.97325097038565,22.153903821897693,51332700.0
2025-08-04,,,,,,PFE,,,,,,,,,,,,,,,,,,,,,,,,,,,,,,,,,,,,,,,,,22.372591018676758,22.51521235401059,22.248984531466412,22.287017854770724,57010700.0
2025-08-05,,,,,,PFE,,,,,,,,,,,,,,,,,,,,,,,,,,,,,,,,,,,,,,,,,23.532583236694336,23.665696258512043,23.07619417886599,23.07619417886599,113955100.0
2025-08-06,,,,,,PFE,,,,,,,,,,,,,,,,,,,,,,,,,,,,,,,,,,,,,,,,,22.75291633605957,23.494548042755866,22.68635983043593,23.466024862362172,65689200.0
2025-08-07,,,,,,PFE,,,,,,,,,,,,,,,,,,,,,,,,,,,,,,,,,,,,,,,,,23.038158416748047,23.266352921554596,22.762424070180067,22.98111024392859,45494400.0
2025-08-08,,,,,,PFE,,,,,,,,,,,,,,,,,,,,,,,,,,,,,,,,,,,,,,,,,23.37094497680664,23.399469972699027,22.97160410195767,23.095210603962457,36377000.0
2025-08-11,,,,,,PFE,,,,,,,,,,,,,,,,,,,,,,,,,,,,,,,,,,,,,,,,,23.37094497680664,23.694221009471466,23.323405130514885,23.389961640734896,38115700.0
2025-08-12,,,,,,PFE,,,,,,,,,,,,,,,,,,,,,,,,,,,,,,,,,,,,,,,,,23.4375,23.551598162801533,23.26635366256209,23.44700833136086,34402700.0
2025-08-13,,,,,,PFE,,,,,,,,,,,,,,,,,,,,,,,,,,,,,,,,,,,,,,,,,23.922412872314453,23.96044619593604,23.52307204193123,23.532580372836627,40176500.0
2025-08-14,,,,,,PFE,,,,,,,,,,,,,,,,,,,,,,,,,,,,,,,,,,,,,,,,,23.874876022338867,23.941432533486097,23.599139832124447,23.855859358145686,32514000.0
2025-08-15,,,,,,PFE,,,,,,,,,,,,,,,,,,,,,,,,,,,,,,,,,,,,,,,,,23.903396606445312,24.0555262763942,23.741758605433535,23.979461441419755,31844800.0
2025-08-18,,,,,,PFE,,,,,,,,,,,,,,,,,,,,,,,,,,,,,,,,,,,,,,,,,23.836841583251953,23.988971262650963,23.77979340685953,23.903398091297916,35623300.0
2025-08-19,,,,,,PFE,,,,,,,,,,,,,,,,,,,,,,,,,,,,,,,,,,,,,,,,,24.074542999267578,24.17913282769462,23.86536515594222,23.903396666761047,29170500.0
2025-08-20,,,,,,PFE,,,,,,,,,,,,,,,,,,,,,,,,,,,,,,,,,,,,,,,,,24.131591796875,24.426344627611638,24.093560285071774,24.141100128208,38111000.0
2025-08-21,,,,,,PFE,,,,,,,,,,,,,,,,,,,,,,,,,,,,,,,,,,,,,,,,,24.47388458251953,24.616505926108317,24.12208538923578,24.160116901212696,37068100.0
2025-08-22,,,,,,PFE,,,,,,,,,,,,,,,,,,,,,,,,,,,,,,,,,,,,,,,,,24.606996536254883,24.82568452144812,24.492900191703253,24.62601319818972,34560500.0
2025-08-25,,,,,,PFE,,,,,,,,,,,,,,,,,,,,,,,,,,,,,,,,,,,,,,,,,23.903396606445312,24.61650511440398,23.874873426785346,24.606996783341085,32684200.0
2025-08-26,,,,,,PFE,,,,,,,,,,,,,,,,,,,,,,,,,,,,,,,,,,,,,,,,,23.694217681884766,23.99847700789153,23.646677842269447,23.903395515132257,43938700.0
2025-08-27,,,,,,PFE,,,,,,,,,,,,,,,,,,,,,,,,,,,,,,,,,,,,,,,,,23.836841583251953,23.931923086258543,23.62766372746052,23.77979340685953,31840300.0
2025-08-28,,,,,,PFE,,,,,,,,,,,,,,,,,,,,,,,,,,,,,,,,,,,,,,,,,23.38996124267578,23.836841956211323,23.304388069983826,23.836841956211323,44306800.0
2025-08-29,,,,,,PFE,,,,,,,,,,,,,,,,,,,,,,,,,,,,,,,,,,,,,,,,,23.542089462280273,23.6561858097639,23.304386622572512,23.46602462611494,37030000.0
2025-09-02,,,,,,PFE,,,,,,,,,,,,,,,,,,,,,,,,,,,,,,,,,,,,,,,,,23.75126838684082,23.836841558103586,23.49454887305252,23.51356553633954,44725000.0
2025-09-03,,,,,,PFE,,,,,,,,,,,,,,,,,,,,,,,,,,,,,,,,,,,,,,,,,23.570615768432617,23.8843834617777,23.504057446244033,23.65618712704596,30957600.0
2025-09-04,,,,,,PFE,,,,,,,,,,,,,,,,,,,,,,,,,,,,,,,,,,,,,,,,,23.332914352416992,23.561108887672958,23.15225966526599,23.561108887672958,41695500.0
2025-09-05,,,,,,PFE,,,,,,,,,,,,,,,,,,,,,,,,,,,,,,,,,,,,,,,,,23.656185150146484,23.66569348109312,23.30438597276449,23.3614341449156,34613200.0
2025-09-08,,,,,,PFE,,,,,,,,,,,,,,,,,,,,,,,,,,,,,,,,,,,,,,,,,23.342418670654297,23.74175952308741,23.114224156910915,23.675203016603355,49242900.0
2025-09-09,,,,,,PFE,,,,,,,,,,,,,,,,,,,,,,,,,,,,,,,,,,,,,,,,,23.494548797607422,23.57061545051124,23.304387605934334,23.342419118857425,32751300.0
2025-09-10,,,,,,PFE,,,,,,,,,,,,,,,,,,,,,,,,,,,,,,,,,,,,,,,,,23.361434936523438,23.43749977314529,23.24733858835503,23.427991441876465,32975900.0
2025-09-11,,,,,,PFE,,,,,,,,,,,,,,,,,,,,,,,,,,,,,,,,,,,,,,,,,23.637170791625977,23.637170791625977,23.33291144914315,23.389959622476496,36784100.0
2025-09-12,,,,,,PFE,,,,,,,,,,,,,,,,,,,,,,,,,,,,,,,,,,,,,,,,,22.69586753845215,23.618153887604624,22.667342545313065,23.58962889446554,81378200.0
2025-09-15,,,,,,PFE,,,,,,,,,,,,,,,,,,,,,,,,,,,,,,,,,,,,,,,,,22.79094696044922,22.933570110980053,22.515212617382232,22.80996362232382,50760200.0
2025-09-16,,,,,,PFE,,,,,,,,,,,,,,,,,,,,,,,,,,,,,,,,,,,,,,,,,22.72439193725586,23.028651292948478,22.695868756115186,22.781440113066022,57010800.0
2025-09-17,,,,,,PFE,,,,,,,,,,,,,,,,,,,,,,,,,,,,,,,,,,,,,,,,,22.86701202392578,23.190288024923863,22.724390685492203,22.80045552022536,46351600.0
2025-09-18,,,,,,PFE,,,,,,,,,,,,,,,,,,,,,,,,,,,,,,,,,,,,,,,,,22.962093353271484,23.047666518413322,22.781438692024416,22.867011857166254,34419000.0
2025-09-19,,,,,,PFE,,,,,,,,,,,,,,,,,,,,,,,,,,,,,,,,,,,,,,,,,22.847997665405273,23.057175512025463,22.64832633649299,23.057175512025463,86577600.0
2025-09-22,,,,,,PFE,,,,,,,,,,,,,,,,,,,,,,,,,,,,,,,,,,,,,,,,,22.857505798339844,23.580120830769125,22.847997467185678,23.085700305453628,67863300.0
2025-09-23,,,,,,PFE,,,,,,,,,,,,,,,,,,,,,,,,,,,,,,,,,,,,,,,,,22.943077087402344,23.16176507627811,22.867012251910822,22.914553907548477,38955200.0
2025-09-24,,,,,,PFE,,,,,,,,,,,,,,,,,,,,,,,,,,,,,,,,,,,,,,,,,22.905046463012695,22.990619632944053,22.80045663009019,22.98111130144848,39669400.0
2025-09-25,,,,,,PFE,,,,,,,,,,,,,,,,,,,,,,,,,,,,,,,,,,,,,,,,,22.43914794921875,22.96209345993363,22.420131287203628,22.905045287416975,56738300.0
2025-09-26,,,,,,PFE,,,,,,,,,,,,,,,,,,,,,,,,,,,,,,,,,,,,,,,,,22.591278076171875,22.638817918644527,22.44865673522517,22.562753082571035,33374500.0
2025-09-29,,,,,,PFE,,,,,,,,,,,,,,,,,,,,,,,,,,,,,,,,,,,,,,,,,22.676851272583008,22.686359603795506,22.477179944178072,22.619803098836776,39184300.0
2025-09-30,,,,,,PFE,,,,,,,,,,,,,,,,,,,,,,,,,,,,,,,,,,,,,,,,,24.226673126220703,24.369294468154674,22.638818075357303,22.6768514004217,164867300.0
2025-10-01,,,,,,PFE,,,,,,,,,,,,,,,,,,,,,,,,,,,,,,,,,,,,,,,,,25.8715763092041,26.09977263216297,24.321754585917958,24.6925704370508,150879900.0
2025-10-02,,,,,,PFE,,,,,,,,,,,,,,,,,,,,,,,,,,,,,,,,,,,,,,,,,25.747974395751953,25.833547572671286,25.310601992412213,25.605353038729383,69684100.0
2025-10-03,,,,,,PFE,,,,,,,,,,,,,,,,,,,,,,,,,,,,,,,,,,,,,,,,,26.02370834350586,26.327967695817577,25.7099406597433,25.86207033589916,70524000.0
2025-10-06,,,,,,PFE,,,,,,,,,,,,,,,,,,,,,,,,,,,,,,,,,,,,,,,,,25.129945755004883,26.014200652899405,25.091912428264592,25.928627481262588,62945600.0
2025-10-07,,,,,,PFE,,,,,,,,,,,,,,,,,,,,,,,,,,,,,,,,,,,,,,,,,24.977815628051758,25.272566650898238,24.768635961781712,25.12043697371755,47744200.0
2025-10-08,,,,,,PFE,,,,,,,,,,,,,,,,,,,,,,,,,,,,,,,,,,,,,,,,,24.41683578491211,25.196500802601598,24.369294129242792,25.12043596705942,48693300.0
2025-10-09,,,,,,PFE,,,,,,,,,,,,,,,,,,,,,,,,,,,,,,,,,,,,,,,,,23.998477935791016,24.626013273325736,23.969952942801726,24.51191692842599,47278700.0
2025-10-10,,,,,,PFE,,,,,,,,,,,,,,,,,,,,,,,,,,,,,,,,,,,,,,,,,23.561105728149414,24.169624407230177,23.408976058379224,24.017494737459987,64963900.0
2025-10-13,,,,,,PFE,,,,,,,,,,,,,,,,,,,,,,,,,,,,,,,,,,,,,,,,,23.513565063476562,23.722744728369488,23.399468713106597,23.618154895923027,45356600.0
2025-10-14,,,,,,PFE,,,,,,,,,,,,,,,,,,,,,,,,,,,,,,,,,,,,,,,,,23.31389617919922,23.57061569482408,23.27586285235309,23.437500864391463,42277000.0
2025-10-15,,,,,,PFE,,,,,,,,,,,,,,,,,,,,,,,,,,,,,,,,,,,,,,,,,23.190288543701172,23.370943210307008,23.019142208340778,23.28537004262681,47729800.0
2025-10-16,,,,,,PFE,,,,,,,,,,,,,,,,,,,,,,,,,,,,,,,,,,,,,,,,,23.038158416748047,23.399467742838286,23.01914175463199,23.237829741909227,44390000.0
2025-10-17,,,,,,PFE,,,,,,,,,,,,,,,,,,,,,,,,,,,,,,,,,,,,,,,,,23.30438804626465,23.323404709849918,22.97160368763785,23.009637014808387,40101900.0
2025-10-20,,,,,,PFE,,,,,,,,,,,,,,,,,,,,,,,,,,,,,,,,,,,,,,,,,23.475534439086914,23.51356595280573,23.304388093530083,23.361436270872737,35856800.0
2025-10-21,,,,,,PFE,,,,,,,,,,,,,,,,,,,,,,,,,,,,,,,,,,,,,,,,,23.627662658691406,23.732250675091795,23.38995981869155,23.504056166315383,40726900.0
2025-10-22,,,,,,PFE,,,,,,,,,,,,,,,,,,,,,,,,,,,,,,,,,,,,,,,,,23.50405502319336,23.703726342117154,23.408975342640623,23.570613338520396,48662900.0
2025-10-23,,,,,,PFE,,,,,,,,,,,,,,,,,,,,,,,,,,,,,,,,,,,,,,,,,23.456518173217773,23.56110801139357,23.3043884887051,23.542091347447265,34219900.0
2025-10-24,,,,,,PFE,,,,,,,,,,,,,,,,,,,,,,,,,,,,,,,,,,,,,,,,,23.542089462280273,23.608645967233848,23.46602462611494,23.485041288538458,27429200.0
2025-10-27,,,,,,PFE,,,,,,,,,,,,,,,,,,,,,,,,,,,,,,,,,,,,,,,,,23.551597595214844,23.580120775081244,23.418482772899623,23.52307260181971,34974900.0
2025-10-28,,,,,,PFE,,,,,,,,,,,,,,,,,,,,,,,,,,,,,,,,,,,,,,,,,23.294879913330078,23.561107765209957,23.18078174437331,23.561107765209957,50152400.0
2025-10-29,,,,,,PFE,,,,,,,,,,,,,,,,,,,,,,,,,,,,,,,,,,,,,,,,,23.0952091217041,23.418483320092193,23.038159133580816,23.323403633610926,65438400.0
2025-10-30,,,,,,PFE,,,,,,,,,,,,,,,,,,,,,,,,,,,,,,,,,,,,,,,,,23.0952091217041,23.48504163956936,22.96209429627854,23.114223970883092,157478000.0
2025-10-31,,,,,,PFE,,,,,,,,,,,,,,,,,,,,,,,,,,,,,,,,,,,,,,,,,23.4375,23.513564837358096,22.97160264449056,23.085700807292092,132697400.0
2025-11-03,,,,,,PFE,,,,,,,,,,,,,,,,,,,,,,,,,,,,,,,,,,,,,,,,,23.447010040283203,23.53258321523911,23.20930717952321,23.38045352943503,140871300.0
2025-11-04,,,,,,PFE,,,,,,,,,,,,,,,,,,,,,,,,,,,,,,,,,,,,,,,,,23.104717254638672,23.960449001019207,23.009637561510967,23.190290429276725,166162000.0
2025-11-05,,,,,,PFE,,,,,,,,,,,,,,,,,,,,,,,,,,,,,,,,,,,,,,,,,23.39946937561035,23.456517552410528,22.971603515786928,23.180781373073465,107240900.0
2025-11-06,,,,,,PFE,,,,,,,,,,,,,,,,,,,,,,,,,,,,,,,,,,,,,,,,,23.627662658691406,23.893888678832845,23.332911644879633,23.532581159985714,124137200.0
2025-11-07,,,,,,PFE,,,,,,,,,,,,,,,,,,,,,,,,,,,,,,,,,,,,,,,,,23.637338638305664,23.830848282915543,23.327721730559983,23.54058289326955,117794500.0
2025-11-10,,,,,,PFE,,,,,,,,,,,,,,,,,,,,,,,,,,,,,,,,,,,,,,,,,23.598636627197266,24.08241352793005,23.13421124540477,23.85987659650395,148958600.0
2025-11-11,,,,,,PFE,,,,,,,,,,,,,,,,,,,,,,,,,,,,,,,,,,,,,,,,,24.682296752929688,24.682296752929688,23.647014520227287,23.69539147026554,139673800.0
2025-11-12,,,,,,PFE,,,,,,,,,,,,,,,,,,,,,,,,,,,,,,,,,,,,,,,,,25.030616760253906,25.108020987782922,24.430732612807283,24.57586530874139,96008000.0
2025-11-13,,,,,,PFE,,,,,,,,,,,,,,,,,,,,,,,,,,,,,,,,,,,,,,,,,24.953210830688477,25.620821555540704,24.837103574583352,25.09834351672321,123083100.0
2025-11-14,,,,,,PFE,,,,,,,,,,,,,,,,,,,,,,,,,,,,,,,,,,,,,,,,,24.246896743774414,24.933860874003727,24.159816757612074,24.837105128771977,96507600.0
2025-11-17,,,,,,PFE,,,,,,,,,,,,,,,,,,,,,,,,,,,,,,,,,,,,,,,,,24.26624870300293,24.740349833247706,24.14046752373896,24.29527598073879,88042200.0
2025-11-18,,,,,,PFE,,,,,,,,,,,,,,,,,,,,,,,,,,,,,,,,,,,,,,,,,24.624244689941406,24.68229740060311,24.169493227614606,24.23722169763033,66511800.0
2025-11-19,,,,,,PFE,,,,,,,,,,,,,,,,,,,,,,,,,,,,,,,,,,,,,,,,,24.072736740112305,24.672620883398363,23.91792828612797,24.52748818847084,62000200.0
2025-11-20,,,,,,PFE,,,,,,,,,,,,,,,,,,,,,,,,,,,,,,,,,,,,,,,,,23.608312606811523,24.188845262196732,23.492207183011942,24.082413752495086,51983200.0
2025-11-21,,,,,,PFE,,,,,,,,,,,,,,,,,,,,,,,,,,,,,,,,,,,,,,,,,24.227548599243164,24.69197399109424,23.79214864096874,23.79214864096874,73079400.0
2025-11-24,,,,,,PFE,,,,,,,,,,,,,,,,,,,,,,,,,,,,,,,,,,,,,,,,,24.401704788208008,24.64359322449443,24.237220577714748,24.295275131156355,63074900.0
2025-11-25,,,,,,PFE,,,,,,,,,,,,,,,,,,,,,,,,,,,,,,,,,,,,,,,,,24.885480880737305,25.127369309441658,24.53716279831737,24.546838556921017,39130300.0
2025-11-26,,,,,,PFE,,,,,,,,,,,,,,,,,,,,,,,,,,,,,,,,,,,,,,,,,24.875804901123047,24.972560640837607,24.750023731317686,24.866130988067606,33461000.0
2025-11-28,,,,,,PFE,,,,,,,,,,,,,,,,,,,,,,,,,,,,,,,,,,,,,,,,,24.90483283996582,25.020940099808023,24.827428615225116,25.011264341032646,22627600.0
2025-12-01,,,,,,PFE,,,,,,,,,,,,,,,,,,,,,,,,,,,,,,,,,,,,,,,,,24.450084686279297,25.098345798604196,24.411381648904726,24.924185821343418,53198600.0
2025-12-02,,,,,,PFE,,,,,,,,,,,,,,,,,,,,,,,,,,,,,,,,,,,,,,,,,24.33397674560547,24.498460958966653,24.227547086698124,24.498460958966653,43827000.0
2025-12-03,,,,,,PFE,,,,,,,,,,,,,,,,,,,,,,,,,,,,,,,,,,,,,,,,,24.74034881591797,25.049965717186097,24.47910886342462,24.498460381119454,56121200.0
2025-12-04,,,,,,PFE,,,,,,,,,,,,,,,,,,,,,,,,,,,,,,,,,,,,,,,,,24.866132736206055,24.904833927535307,24.527488546128858,24.79840242182072,35454000.0
2025-12-05,,,,,,PFE,,,,,,,,,,,,,,,,,,,,,,,,,,,,,,,,,,,,,,,,,25.1854248046875,25.27250478992068,24.808077586856285,24.93386060795413,47443700.0
2025-12-08,,,,,,PFE,,,,,,,,,,,,,,,,,,,,,,,,,,,,,,,,,,,,,,,,,24.933860778808594,25.340233430860575,24.924185019776125,25.195100736298226,45209300.0
2025-12-09,,,,,,PFE,,,,,,,,,,,,,,,,,,,,,,,,,,,,,,,,,,,,,,,,,24.508136749267578,25.28217902168149,24.314625258432926,25.15639784446261,43483800.0
2025-12-10,,,,,,PFE,,,,,,,,,,,,,,,,,,,,,,,,,,,,,,,,,,,,,,,,,24.94353675842285,24.953212517540884,24.4017053205871,24.662945280386943,43635400.0
2025-12-11,,,,,,PFE,,,,,,,,,,,,,,,,,,,,,,,,,,,,,,,,,,,,,,,,,24.962886810302734,25.195101341737423,24.779052920655314,24.962886810302734,35570200.0
2025-12-12,,,,,,PFE,,,,,,,,,,,,,,,,,,,,,,,,,,,,,,,,,,,,,,,,,25.011266708374023,25.195102451581793,24.88548367785096,25.00159094868283,51599700.0
2025-12-15,,,,,,PFE,,,,,,,,,,,,,,,,,,,,,,,,,,,,,,,,,,,,,,,,,25.572446823120117,25.785307991372882,24.9725626646443,24.982238423946118,60360000.0
2025-12-16,,,,,,PFE,,,,,,,,,,,,,,,,,,,,,,,,,,,,,,,,,,,,,,,,,24.701648712158203,25.649850975351264,24.11144031474957,25.582122505903527,111695500.0
2025-12-17,,,,,,PFE,,,,,,,,,,,,,,,,,,,,,,,,,,,,,,,,,,,,,,,,,24.227548599243164,24.662946712055128,24.21787283956346,24.575866720400242,61255300.0
2025-12-18,,,,,,PFE,,,,,,,,,,,,,,,,,,,,,,,,,,,,,,,,,,,,,,,,,24.227548599243164,24.411382496770177,24.169494041164935,24.198521320204048,47062500.0
2025-12-19,,,,,,PFE,,,,,,,,,,,,,,,,,,,,,,,,,,,,,,,,,,,,,,,,,24.3726806640625,24.691973343265833,24.169493407044516,24.198520685322062,87590000.0
2025-12-22,,,,,,PFE,,,,,,,,,,,,,,,,,,,,,,,,,,,,,,,,,,,,,,,,,24.39202880859375,24.57586453523747,24.31462458350097,24.382354895236663,38758900.0
2025-12-23,,,,,,PFE,,,,,,,,,,,,,,,,,,,,,,,,,,,,,,,,,,,,,,,,,24.072736740112305,24.517812429414025,24.02435979029058,24.44040820242186,43692900.0
2025-12-24,,,,,,PFE,,,,,,,,,,,,,,,,,,,,,,,,,,,,,,,,,,,,,,,,,24.217870712280273,24.32430036848339,24.101763451785065,24.111439210614858,19328500.0
2025-12-26,,,,,,PFE,,,,,,,,,,,,,,,,,,,,,,,,,,,,,,,,,,,,,,,,,24.275924682617188,24.295276201283425,24.111440464878935,24.20819621274774,21617800.0
2025-12-29,,,,,,PFE,,,,,,,,,,,,,,,,,,,,,,,,,,,,,,,,,,,,,,,,,24.1888427734375,24.382354253809897,24.159815497742965,24.237219720799477,33067700.0
2025-12-30,,,,,,PFE,,,,,,,,,,,,,,,,,,,,,,,,,,,,,,,,,,,,,,,,,24.179166793823242,24.237219499219336,24.11143832995076,24.198518310776016,28821700.0
2025-12-31,,,,,,PFE,,,,,,,,,,,,,,,,,,,,,,,,,,,,,,,,,,,,,,,,,24.09208869934082,24.208195964686112,24.072737180872878,24.159817168516252,29409200.0
2026-01-02,,,,,,PFE,,,,,,,,,,,,,,,,,,,,,,,,,,,,,,,,,,,,,,,,,24.363004684448242,24.47911010558425,24.024360489453816,24.169493188605028,35976700.0
2026-01-05,,,,,,PFE,,,,,,,,,,,,,,,,,,,,,,,,,,,,,,,,,,,,,,,,,24.353328704833984,24.575865631217155,24.140467537701696,24.382355982586635,52620900.0
2026-01-06,,,,,,PFE,,,,,,,,,,,,,,,,,,,,,,,,,,,,,,,,,,,,,,,,,24.60489273071289,25.16607384496182,24.372680046761165,24.372680046761165,50977300.0
2026-01-07,,,,,,PFE,,,,,,,,,,,,,,,,,,,,,,,,,,,,,,,,,,,,,,,,,24.459758758544922,24.972561050151388,24.3242999825394,24.759699895660237,51395800.0
2026-01-08,,,,,,PFE,,,,,,,,,,,,,,,,,,,,,,,,,,,,,,,,,,,,,,,,,24.46943473815918,24.73067284292817,24.304950530101962,24.363003237221484,42977300.0
2026-01-09,,,,,,PFE,,,,,,,,,,,,,,,,,,,,,,,,,,,,,,,,,,,,,,,,,24.653270721435547,24.720999193096574,24.411382268096197,24.517813778113496,34190200.0
2026-01-12,,,,,,PFE,,,,,,,,,,,,,,,,,,,,,,,,,,,,,,,,,,,,,,,,,24.450084686279297,24.93386158068706,24.27592470901852,24.75002584408264,50256300.0
2026-01-13,,,,,,PFE,,,,,,,,,,,,,,,,,,,,,,,,,,,,,,,,,,,,,,,,,24.33397674560547,24.566189427033784,24.159816773168643,24.498460958966653,47656100.0
2026-01-14,,,,,,PFE,,,,,,,,,,,,,,,,,,,,,,,,,,,,,,,,,,,,,,,,,24.750024795532227,24.87580597074599,24.382355183362336,24.411380614701187,53738100.0
2026-01-15,,,,,,PFE,,,,,,,,,,,,,,,,,,,,,,,,,,,,,,,,,,,,,,,,,25.04996681213379,25.04996681213379,24.430732982530483,24.720998378791435,55263200.0
2026-01-16,,,,,,PFE,,,,,,,,,,,,,,,,,,,,,,,,,,,,,,,,,,,,,,,,,24.817752838134766,25.049965512185512,24.72099709591472,25.049965512185512,59470600.0
2026-01-20,,,,,,PFE,,,,,,,,,,,,,,,,,,,,,,,,,,,,,,,,,,,,,,,,,24.691972732543945,24.817753911044118,24.275924314834928,24.60489274532753,55425400.0
2026-01-21,,,,,,PFE,,,,,,,,,,,,,,,,,,,,,,,,,,,,,,,,,,,,,,,,,25.04996681213379,25.078994089944835,24.556514162120262,24.643594150091022,47264100.0
2026-01-22,,,,,,PFE,,,,,,,,,,,,,,,,,,,,,,,,,,,,,,,,,,,,,,,,,25.25315284729004,25.456338245775473,24.914508671018684,25.059641362145754,49883900.0
2026-01-23,,,,,,PFE,,,,,,,,,,,,,,,,,,,,,,,,,,,,,,,,,,,,,,,,,25.233476638793945,25.272827990938232,25.095750659040434,25.16461364891719,45402300.0
2026-01-26,,,,,,PFE,,,,,,,,,,,,,,,,,,,,,,,,,,,,,,,,,,,,,,,,,25.459741592407227,25.49909294502743,25.18428962956888,25.213801267658265,41441900.0
2026-01-27,,,,,,PFE,,,,,,,,,,,,,,,,,,,,,,,,,,,,,,,,,,,,,,,,,26.06967544555664,26.394316611899104,25.479418267740567,25.518769621903697,75575400.0
2026-01-28,,,,,,PFE,,,,,,,,,,,,,,,,,,,,,,,,,,,,,,,,,,,,,,,,,25.440067291259766,25.96145956857475,25.341690788023215,25.843409265791472,44976700.0
2026-01-29,,,,,,PFE,,,,,,,,,,,,,,,,,,,,,,,,,,,,,,,,,,,,,,,,,25.676170349121094,25.804058492734143,25.459741661871018,25.4794173382348,44373800.0
2026-01-30,,,,,,PFE,,,,,,,,,,,,,,,,,,,,,,,,,,,,,,,,,,,,,,,,,26.010648727416992,26.04016036488981,25.479416736397443,25.705681380109148,51599400.0
2026-02-02,,,,,,PFE,,,,,,,,,,,,,,,,,,,,,,,,,,,,,,,,,,,,,,,,,26.227075576782227,26.256589090679846,25.9221101053431,25.990973094728478,52129500.0
2026-02-03,,,,,,PFE,,,,,,,,,,,,,,,,,,,,,,,,,,,,,,,,,,,,,,,,,25.351530075073242,25.686009079370837,24.849811568626848,24.94818807748658,91964900.0
2026-02-04,,,,,,PFE,,,,,,,,,,,,,,,,,,,,,,,,,,,,,,,,,,,,,,,,,26.345129013061523,26.54188015263981,25.4400685171491,25.45974231764385,83025800.0
2026-02-05,,,,,,PFE,,,,,,,,,,,,,,,,,,,,,,,,,,,,,,,,,,,,,,,,,26.059837341308594,26.748471021135312,26.030323825987168,26.32545335007397,72650700.0
2026-02-06,,,,,,PFE,,,,,,,,,,,,,,,,,,,,,,,,,,,,,,,,,,,,,,,,,26.777982711791992,26.92554841230827,26.089350907011276,26.236914731151728,50691600.0
2026-02-09,,,,,,PFE,,,,,,,,,,,,,,,,,,,,,,,,,,,,,,,,,,,,,,,,,26.610742568969727,26.925547762953347,26.354966280695194,26.738632589482776,49288200.0
2026-02-10,,,,,,PFE,,,,,,,,,,,,,,,,,,,,,,,,,,,,,,,,,,,,,,,,,27.161649703979492,27.279700007516382,26.650093384984324,26.73863205082486,43760600.0
2026-02-11,,,,,,PFE,,,,,,,,,,,,,,,,,,,,,,,,,,,,,,,,,,,,,,,,,27.279701232910156,27.48629208794331,26.866521399219675,27.10262389327483,41699300.0
2026-02-12,,,,,,PFE,,,,,,,,,,,,,,,,,,,,,,,,,,,,,,,,,,,,,,,,,27.023921966552734,27.43710178349565,26.96489681452539,27.20099929901052,58805100.0
2026-02-13,,,,,,PFE,,,,,,,,,,,,,,,,,,,,,,,,,,,,,,,,,,,,,,,,,27.132137298583984,27.48629197641765,27.102623783305905,27.151812975436037,36986700.0
2026-02-17,,,,,,PFE,,,,,,,,,,,,,,,,,,,,,,,,,,,,,,,,,,,,,,,,,26.925548553466797,27.41742922076423,26.758309051530638,27.38791570523108,32119900.0
2026-02-18,,,,,,PFE,,,,,,,,,,,,,,,,,,,,,,,,,,,,,,,,,,,,,,,,,26.925548553466797,27.033761024336663,26.768145013665848,26.994411546668303,24779800.0
2026-02-19,,,,,,PFE,,,,,,,,,,,,,,,,,,,,,,,,,,,,,,,,,,,,,,,,,26.423830032348633,26.955060177006636,26.148376183326366,26.925548537866423,40316800.0
2026-02-20,,,,,,PFE,,,,,,,,,,,,,,,,,,,,,,,,,,,,,,,,,,,,,,,,,26.217239379882812,26.345129405068693,25.931949566517737,26.276264534996994,44786900.0
2026-02-23,,,,,,PFE,,,,,,,,,,,,,,,,,,,,,,,,,,,,,,,,,,,,,,,,,26.620580673217773,26.66976986482042,26.069674861898722,26.1287000154461,34166100.0
2026-02-24,,,,,,PFE,,,,,,,,,,,,,,,,,,,,,,,,,,,,,,,,,,,,,,,,,26.699281692504883,26.97473553830322,26.64025653853946,26.699281692504883,34686100.0
2026-02-25,,,,,,PFE,,,,,,,,,,,,,,,,,,,,,,,,,,,,,,,,,,,,,,,,,26.650094985961914,26.846848005510793,26.295940301324272,26.620581470116825,32680300.0
2026-02-26,,,,,,PFE,,,,,,,,,,,,,,,,,,,,,,,,,,,,,,,,,,,,,,,,,26.659931182861328,26.82717067626653,26.43366653777657,26.817332838257315,30508300.0
2026-02-27,,,,,,PFE,,,,,,,,,,,,,,,,,,,,,,,,,,,,,,,,,,,,,,,,,27.201000213623047,27.220675890418992,26.6500943979673,26.71895739037729,41879700.0
2026-03-02,,,,,,PFE,,,,,,,,,,,,,,,,,,,,,,,,,,,,,,,,,,,,,,,,,26.817333221435547,27.161650051174924,26.72879455446326,27.122298698575786,41321700.0
2026-03-03,,,,,,PFE,,,,,,,,,,,,,,,,,,,,,,,,,,,,,,,,,,,,,,,,,26.14837646484375,26.512368987957124,25.92211180591223,26.286102452649747,41486100.0
2026-03-04,,,,,,PFE,,,,,,,,,,,,,,,,,,,,,,,,,,,,,,,,,,,,,,,,,26.187726974487305,26.34512863443814,25.92211096967935,26.33529079614424,30893500.0
2026-03-05,,,,,,PFE,,,,,,,,,,,,,,,,,,,,,,,,,,,,,,,,,,,,,,,,,26.177888870239258,26.276263499427245,25.774546886166018,25.96146018272382,38908600.0
2026-03-06,,,,,,PFE,,,,,,,,,,,,,,,,,,,,,,,,,,,,,,,,,,,,,,,,,26.610742568969727,26.689443398371687,25.804058598505698,26.1090259542671,53181800.0
2026-03-09,,,,,,PFE,,,,,,,,,,,,,,,,,,,,,,,,,,,,,,,,,,,,,,,,,26.3746395111084,26.669769022273197,25.931948058924814,26.473016014829998,42789500.0
2026-03-10,,,,,,PFE,,,,,,,,,,,,,,,,,,,,,,,,,,,,,,,,,,,,,,,,,26.718957901000977,26.846847926242898,26.089351242504907,26.384478894580976,42814600.0
2026-03-11,,,,,,PFE,,,,,,,,,,,,,,,,,,,,,,,,,,,,,,,,,,,,,,,,,26.8566837310791,26.96489807851495,26.561556080732412,26.758309098547432,40560100.0
2026-03-12,,,,,,PFE,,,,,,,,,,,,,,,,,,,,,,,,,,,,,,,,,,,,,,,,,26.423830032348633,26.679608204360203,26.197563499477276,26.669770365854855,38542800.0
2026-03-13,,,,,,PFE,,,,,,,,,,,,,,,,,,,,,,,,,,,,,,,,,,,,,,,,,26.14837646484375,26.83701015662544,26.14837646484375,26.58123198186012,34270800.0
2026-03-16,,,,,,PFE,,,,,,,,,,,,,,,,,,,,,,,,,,,,,,,,,,,,,,,,,26.177888870239258,26.453340834166866,26.089350202869447,26.26642753760907,28551500.0
2026-03-17,,,,,,PFE,,,,,,,,,,,,,,,,,,,,,,,,,,,,,,,,,,,,,,,,,27.004249572753906,27.309215063211404,26.384478876883676,26.384478876883676,60097500.0
2026-03-18,,,,,,PFE,,,,,,,,,,,,,,,,,,,,,,,,,,,,,,,,,,,,,,,,,26.876358032226562,26.935383183998997,26.4041530652956,26.699280700533517,47478300.0
2026-03-19,,,,,,PFE,,,,,,,,,,,,,,,,,,,,,,,,,,,,,,,,,,,,,,,,,26.96489715576172,27.279700472392342,26.807495497446407,26.846846850213122,47939600.0
2026-03-20,,,,,,PFE,,,,,,,,,,,,,,,,,,,,,,,,,,,,,,,,,,,,,,,,,26.532041549682617,27.10262302785722,26.364802053853385,26.964897046483415,66805700.0
2026-03-23,,,,,,PFE,,,,,,,,,,,,,,,,,,,,,,,,,,,,,,,,,,,,,,,,,26.335290908813477,26.74847073704606,26.197563048485414,26.591069076421817,42945200.0
2026-03-24,,,,,,PFE,,,,,,,,,,,,,,,,,,,,,,,,,,,,,,,,,,,,,,,,,26.52220344543457,26.689442939585895,26.010649001303236,26.168050657401455,35605300.0
2026-03-25,,,,,,PFE,,,,,,,,,,,,,,,,,,,,,,,,,,,,,,,,,,,,,,,,,26.83700942993164,27.08294975942611,26.60090693878205,26.738632922858695,37603900.0
2026-03-26,,,,,,PFE,,,,,,,,,,,,,,,,,,,,,,,,,,,,,,,,,,,,,,,,,27.122299194335938,27.358401685119098,26.797658034962115,26.80749587329172,28835000.0
2026-03-27,,,,,,PFE,,,,,,,,,,,,,,,,,,,,,,,,,,,,,,,,,,,,,,,,,26.600906372070312,27.319051668564438,26.581230695799736,27.279700316023284,29124600.0
2026-03-30,,,,,,PFE,,,,,,,,,,,,,,,,,,,,,,,,,,,,,,,,,,,,,,,,,27.31905174255371,27.3682390569876,26.709118911144316,26.97473491238917,46696000.0
2026-03-31,,,,,,PFE,,,,,,,,,,,,,,,,,,,,,,,,,,,,,,,,,,,,,,,,,27.6240177154541,27.850282368108846,27.33872790914503,27.53547904678471,44841500.0
2026-04-01,,,,,,PFE,,,,,,,,,,,,,,,,,,,,,,,,,,,,,,,,,,,,,,,,,28.086383819580078,28.174922484972512,27.584667217523947,27.81093186180428,44208500.0
2026-04-02,,,,,,PFE,,,,,,,,,,,,,,,,,,,,,,,,,,,,,,,,,,,,,,,,,27.86012077331543,28.283138448592776,27.761744264306024,28.037198114257187,30920600.0
2026-04-06,,,,,,PFE,,,,,,,,,,,,,,,,,,,,,,,,,,,,,,,,,,,,,,,,,27.378076553344727,27.77158069303041,27.358400877266508,27.732231217249712,25169300.0
2026-04-07,,,,,,PFE,,,,,,,,,,,,,,,,,,,,,,,,,,,,,,,,,,,,,,,,,26.659931182861328,27.230512652765707,26.34512787206936,27.210836976747277,46620500.0
2026-04-08,,,,,,PFE,,,,,,,,,,,,,,,,,,,,,,,,,,,,,,,,,,,,,,,,,27.023921966552734,27.0435976426871,26.532041321448112,26.80749515820197,33789100.0
2026-04-09,,,,,,PFE,,,,,,,,,,,,,,,,,,,,,,,,,,,,,,,,,,,,,,,,,26.777982711791992,27.053436559529775,26.738633234329924,26.768144873332517,27047600.0
2026-04-10,,,,,,PFE,,,,,,,,,,,,,,,,,,,,,,,,,,,,,,,,,,,,,,,,,26.48285484313965,26.915710349875443,26.335291020227118,26.876358996365003,27882400.0
2026-04-13,,,,,,PFE,,,,,,,,,,,,,,,,,,,,,,,,,,,,,,,,,,,,,,,,,26.896034240722656,27.122298890642686,26.246751929245146,26.394315749785346,44156200.0
2026-04-14,,,,,,PFE,,,,,,,,,,,,,,,,,,,,,,,,,,,,,,,,,,,,,,,,,26.669769287109375,26.866520420130612,26.640255772787096,26.75830795370045,24558900.0
2026-04-15,,,,,,PFE,,,,,,,,,,,,,,,,,,,,,,,,,,,,,,,,,,,,,,,,,26.748470306396484,26.915709802664164,26.532041619240797,26.73863246821888,29648900.0
2026-04-16,,,,,,PFE,,,,,,,,,,,,,,,,,,,,,,,,,,,,,,,,,,,,,,,,,26.777982711791992,27.033760882610828,26.709119718951502,26.768144873332517,21905300.0
2026-04-17,,,,,,PFE,,,,,,,,,,,,,,,,,,,,,,,,,,,,,,,,,,,,,,,,,27.11246109008789,27.2206754342764,26.679607466085415,26.886196439853535,30080400.0
2026-04-20,,,,,,PFE,,,,,,,,,,,,,,,,,,,,,,,,,,,,,,,,,,,,,,,,,27.07311248779297,27.39775365446623,27.06327464924216,27.141975481272773,25023000.0
2026-04-21,,,,,,PFE,,,,,,,,,,,,,,,,,,,,,,,,,,,,,,,,,,,,,,,,,26.866519927978516,27.171487274594917,26.758307463530635,27.073110771698524,29833000.0
2026-04-22,,,,,,PFE,,,,,,,,,,,,,,,,,,,,,,,,,,,,,,,,,,,,,,,,,26.364803314208984,26.945222658282038,26.305778158852224,26.905873180169483,35246800.0
2026-04-23,,,,,,PFE,,,,,,,,,,,,,,,,,,,,,,,,,,,,,,,,,,,,,,,,,26.236913681030273,26.394315337330262,25.951622006251696,26.325452347245985,38718400.0
2026-04-24,,,,,,PFE,,,,,,,,,,,,,,,,,,,,,,,,,,,,,,,,,,,,,,,,,26.561555862426758,26.856683510347835,26.148376029511752,26.2565903760582,42500200.0
2026-04-27,,,,,,PFE,,,,,,,,,,,,,,,,,,,,,,,,,,,,,,,,,,,,,,,,,26.35496711730957,26.90587294061129,26.35496711730957,26.620581252237997,34764200.0
2026-04-28,,,,,,PFE,,,,,,,,,,,,,,,,,,,,,,,,,,,,,,,,,,,,,,,,,26.049999237060547,27.132137061585325,25.89259757637067,27.082949746260663,58079000.0
2026-04-29,,,,,,PFE,,,,,,,,,,,,,,,,,,,,,,,,,,,,,,,,,,,,,,,,,25.833572387695312,26.118862193668157,25.774547234110553,25.931948894587116,29969700.0
2026-04-30,,,,,,PFE,,,,,,,,,,,,,,,,,,,,,,,,,,,,,,,,,,,,,,,,,26.266427993774414,26.473016970307924,25.85324816433159,25.96146063359284,39082900.0
2026-05-01,,,,,,PFE,,,,,,,,,,,,,,,,,,,,,,,,,,,,,,,,,,,,,,,,,25.902435302734375,26.177889145938778,25.863085825919914,26.168051307641214,29318700.0
2026-05-04,,,,,,PFE,,,,,,,,,,,,,,,,,,,,,,,,,,,,,,,,,,,,,,,,,25.872920989990234,26.07951183511678,25.72535717282884,25.813895838400825,34583400.0
2026-05-05,,,,,,PFE,,,,,,,,,,,,,,,,,,,,,,,,,,,,,,,,,,,,,,,,,26.02048683166504,26.315614467668027,25.587631339335008,26.158212811616334,57656100.0
2026-05-06,,,,,,PFE,,,,,,,,,,,,,,,,,,,,,,,,,,,,,,,,,,,,,,,,,26.09918785095215,26.246751670035025,25.784382660166045,26.128699488943266,40357100.0
2026-05-07,,,,,,PFE,,,,,,,,,,,,,,,,,,,,,,,,,,,,,,,,,,,,,,,,,26.049999237060547,26.286101728095367,25.735195915680787,26.079512752080827,48346000.0
2026-05-08,,,,,,PFE,,,,,,,,,,,,,,,,,,,,,,,,,,,,,,,,,,,,,,,,,25.68000030517578,26.200000762939453,25.600000381469727,26.15999984741211,38903400.0
2026-05-11,,,,,,PFE,,,,,,,,,,,,,,,,,,,,,,,,,,,,,,,,,,,,,,,,,25.809999465942383,26.18000030517578,25.68000030517578,25.790000915527344,43558000.0
2026-05-12,,,,,,PFE,,,,,,,,,,,,,,,,,,,,,,,,,,,,,,,,,,,,,,,,,25.8700008392334,26.09000015258789,25.739999771118164,25.81999969482422,26819500.0
2026-05-13,,,,,,PFE,,,,,,,,,,,,,,,,,,,,,,,,,,,,,,,,,,,,,,,,,25.959999084472656,26.09000015258789,25.639999389648438,25.799999237060547,39420000.0
2026-05-14,,,,,,PFE,,,,,,,,,,,,,,,,,,,,,,,,,,,,,,,,,,,,,,,,,25.75,26.100000381469727,25.719999313354492,26.06999969482422,19664781.0
