Date,Close,High,Low,Open,Volume,Symbol
2025-05-15,210.61444091796875,212.11848379882832,208.71198473801002,210.11641669484823,45029500,AAPL
2025-05-16,210.42520141601562,211.73003772257164,208.94109887256835,211.52086084946143,54737900,AAPL
2025-05-19,207.9550018310547,208.65223273202483,203.45285841572866,207.0884445111699,46140500,AAPL
2025-05-20,206.04258728027344,207.64622592622177,204.2198167548668,206.84938410987283,42496600,AAPL
2025-05-21,201.2914276123047,206.22186440009241,199.91689108628387,204.3592586621154,59211800,AAPL
2025-05-22,200.56431579589844,201.94882252859867,198.91087172706415,199.91689038506837,46742400,AAPL
2025-05-23,194.4983673095703,196.91875752656549,192.69552221161257,192.90468385583864,78432900,AAPL
2025-05-27,199.41885375976562,199.94675818770216,196.64982526808055,197.51639769762102,56288500,AAPL
2025-05-28,199.62803649902344,201.9289060786693,199.11008702875665,199.79736291846774,45339700,AAPL
2025-05-29,199.15988159179688,203.0046291598645,197.72556941325453,202.77554227533128,51396800,AAPL
2025-05-30,200.05633544921875,201.1619498266407,196.00241099917397,198.5821728136608,70819900,AAPL
2025-06-02,200.90298461914062,201.3312933884623,199.3292261245183,199.4885975362889,35423300,AAPL
2025-06-03,202.46676635742188,202.9647905668523,200.16589694161215,200.55435521702816,46381600,AAPL
2025-06-04,202.01856994628906,205.42505409163678,201.30141378953226,202.10821066626008,43604000,AAPL
2025-06-05,199.8372039794922,203.94091870107042,199.35908978394463,202.69585814733983,55126100,AAPL
2025-06-06,203.11419677734375,204.8871617909174,201.2515910514923,202.19783403313102,46607700,AAPL
2025-06-09,200.65394592285156,205.18596915505242,199.22960401477,203.58233063284266,72862600,AAPL
2025-06-10,201.869140625,203.54250994980842,199.77744796710627,199.8073282051838,54672600,AAPL
2025-06-11,197.99452209472656,203.69192080198684,197.62598900862739,202.6958722895077,60989900,AAPL
2025-06-12,198.412841796875,198.8909407818671,196.58011635566137,198.29332085025015,43904600,AAPL
2025-06-13,195.67372131347656,199.57822954037988,194.92668495173118,198.94075911963023,51447300,AAPL
2025-06-16,197.63592529296875,197.90486262143017,195.78327462738756,196.52035592822918,43020700,AAPL
2025-06-17,194.86692810058594,197.6060614779548,194.43863454049264,196.4207613301707,38856200,AAPL
2025-06-18,195.80320739746094,196.7893008408277,194.2991796996429,195.16573699325735,45394700,AAPL
2025-06-20,200.20574951171875,200.90298042554332,196.08210930882012,197.45666110928434,96813500,AAPL
2025-06-23,200.70376586914062,201.50060768152076,198.17380945321412,200.83325703321927,55814300,AAPL
2025-06-24,199.50851440429688,202.63610603642124,199.4089034764897,201.78945874554142,54064000,AAPL
2025-06-25,200.76351928710938,202.8651820841085,199.82723133036671,200.65395335177794,39525700,AAPL
2025-06-26,200.20574951171875,201.8392684520338,198.67184150130464,200.63404307360597,50799100,AAPL
2025-06-27,200.28543090820312,202.41697405518968,199.20969672208463,201.09222774816857,73188600,AAPL
2025-06-30,204.3592529296875,206.57048164253425,198.4726031076903,201.211736268348,91912800,AAPL
2025-07-01,206.99879455566406,209.35942450018746,205.3254252695324,205.85332972802502,78788900,AAPL
2025-07-02,211.6005401611328,212.49697770796604,207.31752868499885,208.08449026524102,67941800,AAPL
2025-07-03,212.70616149902344,213.80180573654258,210.97303162710094,211.31168447150716,34955800,AAPL
2025-07-07,209.12039184570312,215.37557557805084,207.9749420826709,211.8396001551979,50229000,AAPL
2025-07-08,209.1801300048828,210.59451698338924,207.6262968509882,209.26978591644843,42848900,AAPL
2025-07-09,210.3056640625,210.49491569520316,206.40115605631001,208.70202548866368,48749400,AAPL
2025-07-10,211.57066345214844,212.63642743345136,209.2000631819418,209.67816220166208,44443600,AAPL
2025-07-11,210.3256072998047,211.29177557167307,209.03074119537857,209.73794232575938,39765800,AAPL
2025-07-14,207.79562377929688,210.07658325197187,206.71988962428105,209.10044482334126,38840100,AAPL
2025-07-15,208.28370666503906,211.05272033528996,208.09445501444372,208.39327261019983,42296300,AAPL
2025-07-16,209.3295440673828,211.5606828488181,207.8155461810567,209.4689902412225,47490500,AAPL
2025-07-17,209.19009399414062,210.96305897069354,208.761785269157,209.7379236663323,48068100,AAPL
2025-07-18,210.3455047607422,210.95309492429405,208.87135730762196,210.0367321724359,48974600,AAPL
2025-07-21,211.64036560058594,214.92732845073886,210.7937335563828,211.2618775331451,51377400,AAPL
2025-07-22,213.5527801513672,214.1006098348481,211.39135685335447,212.29776458434165,46404100,AAPL
2025-07-23,213.3037872314453,214.29983576430007,211.5706725113145,214.15043456376964,46989300,AAPL
2025-07-24,212.91531372070312,214.83769515517375,212.68622683006964,213.05475989741393,46022600,AAPL
2025-07-25,213.03485107421875,214.38947759784276,212.5567368669443,213.85160291428238,40268800,AAPL
2025-07-28,213.2041778564453,214.00101967144602,212.2180844005514,213.18425263148458,37858000,AAPL
2025-07-29,210.43516540527344,213.96117031669576,209.9869466315705,213.33365491441555,51411700,AAPL
2025-07-30,208.2239227294922,211.55072076453234,206.89917652304968,211.06265157316113,45512500,AAPL
2025-07-31,206.74978637695312,209.01080544085684,206.3414028602417,207.66614913739534,80698400,AAPL
2025-08-01,201.58030700683594,212.7360475386617,200.7037794341265,210.03674932642843,104434500,AAPL
2025-08-04,202.54644775390625,207.05854577965718,200.88303355505576,203.70185234439666,75109300,AAPL
2025-08-05,202.11814880371094,204.52858421879685,201.36115745633876,202.59624780213056,44155100,AAPL
2025-08-06,212.4073486328125,214.5289368613384,204.77761325937152,204.81746371165528,108483100,AAPL
2025-08-07,219.16053771972656,219.97730473834642,215.7241736307253,218.01508808955717,90224800,AAPL
2025-08-08,228.44374084472656,230.08721487155407,218.38364441813084,219.95740294972967,113854000,AAPL
2025-08-11,226.53909301757812,228.91238364576833,224.12592192869855,227.27701087414155,61806100,AAPL
2025-08-12,229.0021209716797,230.14888579943394,226.429412881848,227.36674823663387,55626200,AAPL
2025-08-13,232.6717529296875,234.33703985510917,229.77992501054072,230.4181341091737,69878500,AAPL
2025-08-14,232.12330627441406,234.4567012802976,230.19875827485632,233.39969406647393,51916300,AAPL
2025-08-15,230.93667602539062,233.61908991261305,228.6930233233153,233.33988101583648,56038700,AAPL
2025-08-18,230.23863220214844,232.46233685580373,229.46083388892833,231.04634466466607,37476200,AAPL
2025-08-19,229.90957641601562,232.21305735738468,228.70299840660482,230.6275464777077,39402600,AAPL
2025-08-20,225.3723907470703,229.81981519856654,225.13307755654054,229.33119207499826,42263900,AAPL
2025-08-21,224.26551818847656,225.88095827873425,223.14868274098328,225.63166356522294,30621200,AAPL
2025-08-22,227.11746215820312,228.44371192910324,224.77410085849388,225.53195134940427,42477800,AAPL
2025-08-25,226.5191650390625,228.65312729963858,225.59178073979155,225.84107546750252,30983100,AAPL
2025-08-26,228.6630859375,228.84258604761433,224.05612439304167,226.22996704217394,54575100,AAPL
2025-08-27,229.8397674560547,230.24859923631865,227.6160475796746,227.96506627689797,31259500,AAPL
2025-08-28,231.90391540527344,232.7515235304584,228.692998228932,230.16883391080088,38074700,AAPL
2025-08-29,231.485107421875,232.7216147258446,230.71727541448905,231.85405874294378,39418400,AAPL
2025-09-02,229.07192993164062,230.19874691737337,226.3296880547272,228.60325464814514,44075600,AAPL
2025-09-03,237.7972412109375,238.1761740423919,233.69883553511272,236.54080133953738,66427800,AAPL
2025-09-04,239.10354614257812,239.2232027368954,236.0721290991865,237.77729643117493,47549400,AAPL
2025-09-05,239.01380920410156,240.63921565449175,237.8171975861315,239.3229322237051,54870400,AAPL
2025-09-08,237.20892333984375,239.47250850410185,235.6732593017711,238.62491556233425,48999500,AAPL
2025-09-09,233.6888885498047,238.10638391026913,232.70167593051625,236.33140663047269,66313900,AAPL
2025-09-10,226.1501922607422,231.76431424305812,225.31256565050364,231.53496736029473,83440800,AAPL
2025-09-11,229.3810577392578,229.7998710451417,226.010588238333,226.23995033725743,50208600,AAPL
2025-09-12,233.40966796875,233.84841389514688,228.3739115767776,228.5733443098202,55824200,AAPL
2025-09-15,236.03224182128906,237.5180438551372,234.36695488957946,236.33139853346725,42699500,AAPL
2025-09-16,237.4781494140625,240.53949594661788,235.65332541334,236.51088466190768,63421100,AAPL
2025-09-17,238.3157958984375,239.42266510979977,237.05934071942244,238.2958480596019,46508000,AAPL
2025-09-18,237.20892333984375,240.51954939992544,235.98238232851827,239.29302360434258,44249600,AAPL
2025-09-19,244.80740356445312,245.60514967420656,239.53233423145286,240.54944568604057,163741300,AAPL
2025-09-22,255.35755920410156,255.9160073848096,247.42002368458668,247.5995237986898,105517400,AAPL
2025-09-23,253.7122344970703,256.6140289111009,252.86464151383097,255.15815615601056,60275200,AAPL
2025-09-24,251.59820556640625,255.01853710208397,250.33178410429736,254.49999981420794,42303700,AAPL
2025-09-25,256.1453552246094,256.44452717224715,250.99992334214926,252.4956917858775,55202100,AAPL
2025-09-26,254.73931884765625,256.87328100426123,253.06405044687503,253.38315498635407,46076300,AAPL
2025-09-29,253.7122344970703,254.28063380560434,252.29624220529692,253.8418726304012,40127700,AAPL
2025-09-30,253.9116668701172,255.1980209495745,252.39595068950493,254.1410137555297,37704300,AAPL
2025-10-01,254.72933959960938,258.0599285933123,254.21080232618834,254.32049261064776,48713900,AAPL
2025-10-02,256.40460205078125,257.45162766856953,253.43299812845933,255.85613542550084,42630200,AAPL
2025-10-03,257.2920837402344,258.5086431914624,253.23357360959045,253.9515436206674,49155600,AAPL
2025-10-06,255.96585083007812,258.3391414491699,254.33047806472084,257.2621712100349,44664100,AAPL
2025-10-07,255.7564697265625,256.67385732493904,254.7094135633123,256.08552539236376,31955800,AAPL
2025-10-08,257.33197021484375,257.7906639625656,255.3874592951906,255.7963062732735,36496900,AAPL
2025-10-09,253.32330322265625,257.27213808351553,252.42584836214985,257.08267167133846,38322000,AAPL
2025-10-10,244.57806396484375,255.6567217403356,243.3116425485481,254.2207817432353,61999100,AAPL
2025-10-13,246.96131896972656,248.98559082884384,244.86723728717817,248.6764678182016,38142900,AAPL
2025-10-14,247.07101440429688,248.14796941642882,244.00966795095763,245.90431694508948,35478000,AAPL
2025-10-15,248.63658142089844,251.10959602979932,246.77186176083558,248.78616738422895,33893600,AAPL
2025-10-16,246.75192260742188,248.33743345063007,244.43847540742667,247.54966879270205,39777000,AAPL
2025-10-17,251.57826232910156,252.66519891282977,246.57243512001992,247.32031930793073,49147000,AAPL
2025-10-20,261.5001525878906,263.6341297765207,254.90881548292631,255.16807648712648,90483000,AAPL
2025-10-21,262.0286865234375,264.5415968076956,261.0913359303388,261.141213133835,46695900,AAPL
2025-10-22,257.72088623046875,262.1084670888602,254.70938662410154,261.9090191460537,45015300,AAPL
2025-10-23,258.84771728515625,259.88479198943105,257.2821693476752,259.20671755765045,32754900,AAPL
2025-10-24,262.07855224609375,263.3848541030092,258.44880663072195,260.4531458541269,38253700,AAPL
2025-10-27,268.0516357421875,268.3607587413759,263.9033682058253,264.13273028939324,44888200,AAPL
2025-10-28,268.2410888671875,269.12859257872884,267.39348082722177,268.23110734142335,41534800,AAPL
2025-10-29,268.93914794921875,270.6443152614699,266.35642794866993,268.5203194424725,51086700,AAPL
2025-10-30,270.63433837890625,273.36662916750566,267.72259312931254,271.2226702585742,69886500,AAPL
2025-10-31,269.60723876953125,276.53764389728985,268.4006608909581,276.2085578376442,86167100,AAPL
2025-11-03,268.2909851074219,270.08592548154905,265.4988962118729,269.6571458353552,50194600,AAPL
2025-11-04,269.2781982421875,270.72408938596277,266.86501191822913,267.5730004152706,49274800,AAPL
2025-11-05,269.3778991699219,270.93349568379296,266.17693326929896,267.8521863717013,43683100,AAPL
2025-11-06,269.0089416503906,272.6287059365568,267.1342708755924,267.1342708755924,51204000,AAPL
2025-11-07,267.7126159667969,271.5218466038475,266.0173996929098,269.03885049148494,48227400,AAPL
2025-11-10,268.9303283691406,273.2223721938244,266.9639805623884,268.46119877683986,41312400,AAPL
2025-11-11,274.73956298828125,275.3983427074405,269.2996575494418,269.3096487524697,46208300,AAPL
2025-11-12,272.962890625,275.2187095291286,271.19618380015726,274.49005224267427,48398000,AAPL
2025-11-13,272.4438171386719,276.1868626363035,271.58539619817094,273.6016390736082,49602800,AAPL
2025-11-14,271.90484619140625,275.4482508823214,269.10005949599775,270.5473523374902,47431300,AAPL
2025-11-17,266.9639892578125,269.98836893107386,265.237217022597,268.3214829895084,45018300,AAPL
2025-11-18,266.94403076171875,270.20795552947055,264.8279672087311,269.48928956232544,45677300,AAPL
2025-11-19,268.0619812011719,271.70520656667077,265.0076580872151,265.0376012369211,40424500,AAPL
2025-11-20,265.7562561035156,274.91922505965954,265.42688147061517,270.327749378444,45823600,AAPL
2025-11-21,270.98651123046875,272.8230952896135,265.17732758833057,265.4568071090486,59030800,AAPL
2025-11-24,275.4083557128906,276.48633959077114,270.397645153795,270.397645153795,65585800,AAPL
2025-11-25,276.45635986328125,279.8600396675645,274.7395483878858,274.75950033189645,46914200,AAPL
2025-11-26,277.0353088378906,279.0116481613461,276.11703191175064,276.4464065684995,33431400,AAPL
2025-11-28,278.3328857421875,278.4826014787427,275.4781737009374,276.7458380127342,20135600,AAPL
2025-12-01,282.57501220703125,282.89442609469603,275.62792768573877,277.4944549964911,46587700,AAPL
2025-12-02,285.6592712402344,286.86701880065203,282.10587559562896,282.47518456741903,53669500,AAPL
2025-12-03,283.623046875,288.0847586222564,282.77461708045536,285.6692634925469,43538700,AAPL
2025-12-04,280.179443359375,284.20196835267484,278.07334059490756,283.5731318378766,43989100,AAPL
2025-12-05,278.26300048828125,280.6186397013617,277.53434330937836,280.01974631085085,47265800,AAPL
2025-12-08,277.3746643066406,279.15136205700173,275.6378704438954,277.6142094762677,38211800,AAPL
2025-12-09,276.6659851074219,279.5107061083118,276.4064879695729,277.6441787437343,32193300,AAPL
2025-12-10,278.26300048828125,279.2312028389952,275.92734368017386,277.23491184461454,33038300,AAPL
2025-12-11,277.514404296875,279.07150890817053,273.3022288840155,278.5824273392719,33248000,AAPL
2025-12-12,277.763916015625,278.70217518025987,276.30663218031253,277.38461586894516,39532900,AAPL
2025-12-15,273.6016540527344,279.63046152672615,272.33402020742307,279.63046152672615,50409100,AAPL
2025-12-16,274.1007385253906,274.9891026980292,271.2859911871425,272.3140798989353,37648600,AAPL
2025-12-17,271.33587646484375,275.6478724530811,271.13626563598973,274.50001118897205,50138700,AAPL
2025-12-18,271.68524169921875,273.12257373871984,266.4549687260805,273.1025913325419,51630700,AAPL
2025-12-19,273.1625061035156,274.09077415448866,269.399477884542,271.6453053723066,144632000,AAPL
2025-12-22,270.4674987792969,273.37210596231955,270.00836035897595,272.3539780142796,36571800,AAPL
2025-12-23,271.85491943359375,271.99467443806464,269.06012395403746,270.3377490962612,29642000,AAPL
2025-12-24,273.3022155761719,274.9192064044749,271.69521595033444,271.8349404799371,17910600,AAPL
2025-12-26,272.89300537109375,274.8593534534055,272.35399820928086,273.65160578690546,21521800,AAPL
2025-12-29,273.2523498535156,273.8512128461511,271.8449608988494,272.1843267483383,23715200,AAPL
2025-12-30,272.57354736328125,273.57169281796894,271.77504318392386,272.30405905646904,22139600,AAPL
2025-12-31,271.3558349609375,273.17246717497864,271.24605357156486,272.553621806917,27293600,AAPL
2026-01-02,270.5074462890625,277.32476727085935,268.5011639041959,271.7551282774649,37838100,AAPL
2026-01-05,266.764404296875,271.00652312062255,265.64648609237463,270.1381413175191,45647200,AAPL
2026-01-06,261.87347412109375,267.05385240251036,261.63392891626114,266.5048844877732,52352100,AAPL
2026-01-07,259.84722900390625,263.1910228349833,259.3282042611396,262.7119324450406,48309800,AAPL
2026-01-08,258.55963134765625,258.80916773471864,255.22581364132833,256.5433578451618,50419300,AAPL
2026-01-09,258.8890075683594,259.7274461787287,255.74485516422806,258.5995368285105,39997000,AAPL
2026-01-12,259.7673645019531,260.81540508500296,256.32375036738995,258.679389570116,45263800,AAPL
2026-01-13,260.5658874511719,261.3244878277737,257.9108470550362,258.24022168851656,45730800,AAPL
2026-01-14,259.4779052734375,261.33447181199796,256.23393227813756,259.0087756526009,40019400,AAPL
2026-01-15,257.7311706542969,260.55593980217856,256.57331808587395,260.16664839115424,39388600,AAPL
2026-01-16,255.05612182617188,258.41986733264514,254.4572284259222,257.4217218192236,72142800,AAPL
2026-01-20,246.2425079345703,254.31750190322293,242.9685916985444,252.26132447540706,80267500,AAPL
2026-01-21,247.1907501220703,251.09350304772093,244.72532928784554,248.23880604127606,54641700,AAPL
2026-01-22,247.8894500732422,250.53452965267718,247.68980878155546,248.737864640942,39708300,AAPL
2026-01-23,247.58001708984375,248.94748685874615,244.22624741136653,246.86136630134166,41689000,AAPL
2026-01-26,254.93637084960938,256.08423219515316,249.33677343540953,251.01365072947274,55969200,AAPL
2026-01-27,257.7910461425781,261.4642450011371,257.73115984508394,258.6894015269614,49648300,AAPL
2026-01-28,255.96444702148438,258.3799421919039,254.03801819206552,257.1721946066941,41288000,AAPL
2026-01-29,257.801025390625,259.16847988830324,253.93820707645818,257.52154586161765,67253000,AAPL
2026-01-30,258.99884033203125,261.4143357105436,251.71235892004358,254.6968198516284,92443400,AAPL
2026-02-02,269.50927734375,269.98836769074944,258.72928762151224,259.5477742456141,73913400,AAPL
2026-02-03,268.98028564453125,271.3758289780004,267.11372779647115,268.70080609664296,64394700,AAPL
2026-02-04,275.97723388671875,278.432693698261,271.7850411492978,271.7850411492978,90545700,AAPL
2026-02-05,275.3983459472656,278.98168486317746,272.72332314901723,277.6142303156022,52977400,AAPL
2026-02-06,277.6042175292969,280.3890519626743,276.4164219647768,276.6060720438839,50453400,AAPL
2026-02-09,274.3672180175781,277.9439398399519,271.4499228389202,277.6541982366954,44623400,AAPL
2026-02-10,273.4280700683594,275.11651686144285,272.68876099546605,274.6369782150198,34376900,AAPL
2026-02-11,275.24639892578125,279.92208361183503,274.1973776592452,274.44714753122867,51931300,AAPL
2026-02-12,261.4891052246094,275.46621856633783,259.94051360693726,275.3363333447182,81077200,AAPL
2026-02-13,255.5445556640625,261.9886306947134,255.21485759663088,261.7688319830923,56290700,AAPL
2026-02-17,263.6371154785156,266.0449008431299,255.30478047881587,257.8124646511843,58469100,AAPL
2026-02-18,264.106689453125,266.57441720150126,262.20844437502524,263.35737977838915,34203300,AAPL
2026-02-19,260.3401184082031,264.2365527856389,259.81060750150084,262.35827847824623,30845300,AAPL
2026-02-20,264.3364562988281,264.5063132392292,257.9223826043077,258.73163460792017,42070500,AAPL
2026-02-23,265.9349670410156,269.1819753311392,263.13755670993424,263.24744081710827,37308200,AAPL
2026-02-24,271.8895263671875,274.6369951599546,267.46358073991865,267.61343657617186,47014600,AAPL
2026-02-25,273.97760009765625,274.6869380517792,270.8005039088116,271.5298429675081,33714300,AAPL
2026-02-26,272.6987609863281,275.8558253670768,270.55071567552415,274.6969199809464,32345100,AAPL
2026-02-27,263.93682861328125,272.5588900215503,262.6480379442022,272.5588900215503,72366500,AAPL
2026-03-02,264.476318359375,266.2846497598317,259.960490133898,262.16844722421786,41827900,AAPL
2026-03-03,263.5072326660156,265.31556422164516,259.8905695547566,263.23749216234586,38568900,AAPL
2026-03-04,262.2783508300781,265.9050144519466,261.179387723623,264.4063951364299,39803100,AAPL
2026-03-05,260.0504150390625,261.3192350446657,257.01320478174756,260.54995479568396,49658600,AAPL
2026-03-06,257.2229919433594,258.53178361058343,254.13584003818684,258.39192833924307,41120000,AAPL
2026-03-09,259.6407775878906,260.9095975388004,253.44647267699952,255.45463216869055,38218500,AAPL
2026-03-10,260.58990478515625,262.2384104290217,256.71350175461305,257.4128391437035,30590800,AAPL
2026-03-11,260.5699157714844,261.888707997661,259.3110658747261,260.8496568052655,26218900,AAPL
2026-03-12,255.52456665039062,258.71164792954545,253.94601921584928,258.4219063383753,40794000,AAPL
2026-03-13,249.8897705078125,256.0940459350445,249.29033192864068,255.24483747003174,36930000,AAPL
2026-03-16,252.58729553222656,253.6563027081548,249.6499992581203,251.87794235419486,32074200,AAPL
2026-03-17,253.99598693847656,254.89516767044782,251.94787083452104,252.72716690012706,32361600,AAPL
2026-03-18,249.70994567871094,254.70534343896443,248.7708084606242,252.3974721128864,35757900,AAPL
2026-03-19,248.73085021972656,251.5982036354298,247.0723745163624,249.17043241392184,34864100,AAPL
2026-03-20,247.76173400878906,248.97061168291066,245.77356028907465,247.7517334570195,88331100,AAPL
2026-03-23,251.25851440429688,254.3656523266213,250.0496214753341,253.73622734962268,40546100,AAPL
2026-03-24,251.4083709716797,254.5954370944537,249.32029842391177,250.1195650925759,45152300,AAPL
2026-03-25,252.38746643066406,254.76528059453105,251.3684162845015,253.86611511385965,28476700,AAPL
2026-03-26,252.6572265625,256.76344411909713,250.53918279672283,251.88793104116345,41796700,AAPL
2026-03-27,248.57098388671875,255.2548282141602,247.8416601166152,253.666280215245,47900000,AAPL
2026-03-30,246.40298461914062,250.63907198816298,245.28400520065438,249.83982057534305,39446200,AAPL
2026-03-31,253.55638122558594,255.24482803058763,246.87255213324852,247.6818040942864,49598100,AAPL
2026-04-01,255.3946990966797,255.94418062939917,253.096813183035,253.8461228128272,40059400,AAPL
2026-04-02,255.68443298339844,255.89424639361263,250.4192795609811,253.96601496217014,31289400,AAPL
2026-04-06,258.6217041015625,261.9186847371787,256.2239194053331,256.27389167390277,29329900,AAPL
2026-04-07,253.26666259765625,255.96418954301222,245.47383916108728,255.92421782448065,62148000,AAPL
2026-04-08,258.66168212890625,259.51090582044134,256.29386854025813,258.2121146377317,41032800,AAPL
2026-04-09,260.2502136230469,260.879638597066,255.8342992320816,258.7615948993736,28121600,AAPL
2026-04-10,260.240234375,261.94865175168746,258.78155637925676,259.7406946341393,31291500,AAPL
2026-04-13,258.96142578125,259.9405042051452,256.4237552437805,259.49093671136296,36234700,AAPL
2026-04-14,258.59173583984375,261.68888841493145,256.9532612999924,259.01136264890187,48370700,AAPL
2026-04-15,266.18475341796875,266.3146386359468,257.57269269729437,257.92237663273806,49913500,AAPL
2026-04-16,263.15753173828125,266.91408037974617,261.0294875448873,266.55439590858066,43323100,AAPL
2026-04-17,269.98126220703125,272.0493335842862,266.47448343207725,266.7142527536172,61436200,AAPL
2026-04-20,272.79864501953125,274.0275237795767,270.04120633500696,270.08114756253855,36590200,AAPL
2026-04-21,265.9250183105469,272.5488901425708,265.1557075406741,271.250098918132,50209800,AAPL
2026-04-22,272.9185791015625,273.48803128351057,266.62435952726383,267.5734973129919,43249200,AAPL
2026-04-23,273.1783142089844,275.5161566987003,271.39995382845746,274.79681820267325,33399600,AAPL
2026-04-24,270.81048583984375,272.80864483253174,269.4017800912603,272.50893317942314,38157100,AAPL
2026-04-27,267.3636474609375,268.1129570778125,264.8260075108844,265.84505761361925,41466800,AAPL
2026-04-28,270.4608154296875,272.97851539952296,268.4127145556596,272.0893199684016,40018900,AAPL
2026-04-29,269.92132568359375,270.7905199823619,266.7942019267937,267.3037117460274,30047900,AAPL
2026-04-30,271.1002502441406,275.7459641951834,267.893213328058,270.25102650288807,91848200,AAPL
2026-05-01,279.88214111328125,286.95561044034525,278.1137509144006,278.6032901046287,79915400,AAPL
2026-05-04,276.5751647949219,280.3716851917065,274.60697695873915,279.4025768563376,46668400,AAPL
2026-05-05,283.9184265136719,284.30808218316156,276.2455026895375,276.6750995896243,49311700,AAPL
2026-05-06,287.245361328125,287.76487170009636,280.8112868075762,281.66051049385584,58336100,AAPL
2026-05-07,287.1754150390625,291.8611003514943,285.5169394038565,289.00371711581823,45224300,AAPL
2026-05-08,293.0500183105469,294.4886952888782,289.7330669166447,289.7430674686918,52692800,AAPL
2026-05-11,292.67999267578125,293.8800048828125,290.2300109863281,291.9800109863281,42247300,AAPL
2026-05-12,294.79998779296875,295.2699890136719,292.55999755859375,292.55999755859375,45748100,AAPL
2026-05-13,298.8699951171875,300.9200134277344,293.5,293.5,52684300,AAPL
2026-05-14,298.2099914550781,300.3500061035156,295.3800048828125,299.82000732421875,33673067,AAPL
2025-05-15,450.512939453125,453.55526390744575,447.82852124457236,448.16655392379437,21992300,MSFT
2025-05-16,451.6463317871094,451.73580834700897,446.1383501578063,449.43915228561843,23849800,MSFT
2025-05-19,456.2197570800781,456.9355998797858,448.1963586877965,448.27591363294266,21336500,MSFT
2025-05-20,455.5238342285156,455.69283539558984,451.69606398891386,452.9587181303489,15441800,MSFT
2025-05-21,449.9561767578125,455.1360777634671,449.20055644956204,451.94462570262056,19216900,MSFT
2025-05-22,452.2329406738281,457.5918252828005,451.27849365115543,452.32244757902833,18025600,MSFT
2025-05-23,447.5799560546875,451.06969358680703,446.3173019248347,447.3811293692874,16883500,MSFT
2025-05-27,458.0292663574219,458.2877744248074,453.48565331857327,453.8435898996704,20974300,MSFT
2025-05-28,454.7184753417969,459.84867709346275,454.2909661144885,458.55619745791415,17086300,MSFT
2025-05-29,456.0308837890625,459.05333474747385,452.68035209769624,458.884303233251,13974800,MSFT
2025-05-30,457.7011413574219,459.0135248792732,452.90900269221845,457.0648535034259,34770500,MSFT
2025-06-02,459.3018798828125,459.44105553120437,454.2512329224997,454.49978904014216,16626500,MSFT
2025-06-03,460.29608154296875,461.4593374660713,458.19825223653834,458.8047449110186,15743800,MSFT
2025-06-04,461.1908874511719,463.00038321907994,460.3457906064832,461.3201414833542,14162700,MSFT
2025-06-05,464.9788818359375,466.93750520910584,461.3499686746429,462.2745901279283,20131700,MSFT
2025-06-06,467.663330078125,470.6062261334739,466.07256479314685,467.37499647452495,15285600,MSFT
2025-06-09,470.0196228027344,470.69568816704816,465.9134708467471,466.98725027602023,16469900,MSFT
2025-06-10,468.2002258300781,470.06934244703956,464.26307487233004,468.4686555284736,15375900,MSFT
2025-06-11,469.8903503417969,472.72389606625393,466.9474544926898,467.30536072753216,16399200,MSFT
2025-06-12,476.104248046875,477.6453141185156,470.7851412769109,472.2764779222473,18950600,MSFT
2025-06-13,472.2168273925781,476.4124557062983,470.0295518485209,473.6584649544854,16814500,MSFT
2025-06-16,476.3727111816406,477.91374692205306,472.25660744971805,472.4653860858625,15626100,MSFT
2025-06-17,475.279052734375,475.97499162724574,471.3419021646973,472.65428568792316,15414100,MSFT
2025-06-18,477.4663391113281,478.2219594008936,471.71972301658775,475.2392860574369,17526500,MSFT
2025-06-20,474.64276123046875,480.667759158903,474.1158234691147,479.44488246554124,37576200,MSFT
2025-06-23,483.1930847167969,484.932977511559,469.7810065395394,475.44806772339973,24864000,MSFT
2025-06-24,487.2793273925781,489.009298556199,483.9884469122188,486.1260537385937,22305600,MSFT
2025-06-25,489.4268798828125,491.7036624656625,486.56353883181055,489.1982276680394,17495100,MSFT
2025-06-26,494.57696533203125,495.1635541172166,489.9637493151316,490.13278082199906,21578900,MSFT
2025-06-27,493.07568359375,496.4162632322767,490.1824867596744,494.6763704185467,34539200,MSFT
2025-06-30,494.5372009277344,497.86785899517616,492.4691970236715,494.1693427257206,28369000,MSFT
2025-07-01,489.2080993652344,495.1734457101395,488.1443023264632,493.60258452282886,19945400,MSFT
2025-07-02,488.2536926269531,490.6497772469701,485.87751191483574,487.1600396387865,16319600,MSFT
2025-07-03,495.9589538574219,497.2415119784696,490.59014753996934,490.9580057562307,13984800,MSFT
2025-07-07,494.84539794921875,495.8694479262707,492.36978876052433,494.50736527479916,13981600,MSFT
2025-07-08,493.7517395019531,495.3226311177228,491.25622643335066,494.36815380384166,11846600,MSFT
2025-07-09,500.6019592285156,503.8530622357068,496.85371365827956,497.41047691930333,18659500,MSFT
2025-07-10,498.58367919921875,501.52657502305914,494.87521114411277,500.14458849842043,16492100,MSFT
2025-07-11,500.41302490234375,502.1131401056752,494.9248868769196,495.59103056526646,16459500,MSFT
2025-07-14,500.1147766113281,501.05930198422453,498.1362796464767,498.6234399223271,12058800,MSFT
2025-07-15,502.89862060546875,505.36427783294863,499.88612172349406,500.11477392946824,14927200,MSFT
2025-07-16,502.69976806640625,503.793421043838,498.99133023831314,502.2623068754336,15154400,MSFT
2025-07-17,508.7446594238281,510.40499725185873,502.6997578215743,502.75940886082554,17503100,MSFT
2025-07-18,507.1041564941406,511.66767331118785,504.4992933518648,511.5085634207008,21209700,MSFT
2025-07-21,507.1141357421875,509.1324405638626,502.6301736290422,503.7834776665751,14066800,MSFT
2025-07-22,502.3517761230469,508.2475501614973,502.3517761230469,508.01886761548803,13868600,MSFT
2025-07-23,502.94830322265625,503.8630030405687,497.80817995491657,503.8232255681408,16396600,MSFT
2025-07-24,507.9294128417969,510.703277326071,504.37007217269974,505.83158338819493,16107000,MSFT
2025-07-25,510.74310302734375,515.2966076642933,507.41241445610984,509.51021364184703,19125700,MSFT
2025-07-28,509.5400390625,512.0256002286585,507.17377997770546,511.110930710653,14308000,MSFT
2025-07-29,509.6096496582031,514.6304711522027,508.60547322287385,512.5525759685828,16469200,MSFT
2025-07-30,510.2757568359375,512.9701269930791,506.49771598970693,512.1946027794743,26380400,MSFT
2025-07-31,530.4187622070312,552.2420017670738,528.8280273057109,552.0232408256204,51617300,MSFT
2025-08-01,521.0829467773438,532.7054326872741,517.8517174087783,531.9100652869249,28977600,MSFT
2025-08-04,532.54638671875,535.141297909759,525.0797515616827,525.218957545317,25349000,MSFT
2025-08-05,524.701904296875,534.196734767709,524.194840165689,534.077432699505,19171600,MSFT
2025-08-06,521.908203125,528.6291703469228,521.0034855448089,527.8338028961505,21355700,MSFT
2025-08-07,517.8318481445312,525.0399748350125,514.56081112672,523.7573865594029,16079100,MSFT
2025-08-08,519.0249633789062,521.629826851029,516.4101479520375,519.5817267008259,15531000,MSFT
2025-08-11,518.7565307617188,524.5429245664681,516.7183220142601,519.2834381856256,20194400,MSFT
2025-08-12,526.183349609375,527.9132904806338,519.6811434112465,520.7250669698358,18667000,MSFT
2025-08-13,517.5733642578125,529.6233593434064,516.3703308668756,529.0367402367135,19619200,MSFT
2025-08-14,519.4623413085938,522.9123315064297,517.1358902118243,519.5418962511537,20269100,MSFT
2025-08-15,517.1657104492188,523.0614541020369,516.0820397908819,519.7507304052322,25213300,MSFT
2025-08-18,514.1134033203125,519.8003983365775,511.0512359172718,518.5775217659684,23760600,MSFT
2025-08-19,506.8258056640625,512.1846598699071,505.61285057663105,512.0256106523992,21481000,MSFT
2025-08-20,502.7991943359375,508.0486982628479,501.52658824278717,506.925219770199,27723000,MSFT
2025-08-21,502.15185546875,505.5278315490841,500.6381609615915,501.6041452591809,18443300,MSFT
2025-08-22,505.1295166015625,508.6150227226763,500.32946944945456,502.1618461633245,24324200,MSFT
2025-08-25,502.17181396484375,506.0855321115255,502.0323791323648,504.5319946732823,21638600,MSFT
2025-08-26,499.96099853515625,502.88882606141556,496.4456179190968,502.2713680297872,30835700,MSFT
2025-08-27,504.6415100097656,505.1892506185915,497.82983904056124,499.9211487290224,17277900,MSFT
2025-08-28,507.5295104980469,508.9734875719172,503.4066403395377,504.9900522378754,18015600,MSFT
2025-08-29,504.59173583984375,507.4896888132377,502.40083415821226,506.5535790393771,20961600,MSFT
2025-09-02,503.0282287597656,503.90458943006223,494.75264396148896,498.3974910813857,18128000,MSFT
2025-09-03,503.2572937011719,505.68719181229375,500.2398424947412,501.70375627159575,16345100,MSFT
2025-09-04,505.866455078125,506.04570238922344,501.0664078062513,502.2116394820944,15509500,MSFT
2025-09-05,492.9501647949219,509.8498918622262,490.3310509759443,506.9619070760115,31994800,MSFT
2025-09-08,496.13690185546875,499.1244784694731,492.9800158612091,496.04724781279185,16771000,MSFT
2025-09-09,496.3460388183594,500.17013335375145,495.6389875077243,499.3535217605099,14410500,MSFT
2025-09-10,498.29791259765625,501.1460848531792,494.6630336933239,500.8971201283455,21611800,MSFT
2025-09-11,498.9352722167969,501.08633106619584,495.8182290284252,500.17012751524385,18881600,MSFT
2025-09-12,507.7884521484375,510.42747218178897,501.7635178992086,504.55191069082485,23624900,MSFT
2025-09-15,513.225830078125,513.3353599697668,504.9004642300766,506.68306017742736,17143800,MSFT
2025-09-16,506.9320068359375,515.0880630075219,506.4938265025834,514.7395367165727,19711900,MSFT
2025-09-17,507.9079284667969,509.1726886784055,503.8348693472275,508.5054498653079,15816600,MSFT
2025-09-18,506.3444519042969,510.9453149965379,505.55771489166153,509.37184097126715,18913700,MSFT
2025-09-19,515.78515625,517.1494779837726,508.1967168320822,508.44568153944795,52474100,MSFT
2025-09-22,512.319580078125,515.5959337012963,510.4174557013089,513.4548737162081,20009300,MSFT
2025-09-23,507.1212463378906,512.4590659268906,505.2091838485409,511.67229848312854,19799600,MSFT
2025-09-24,508.0373840332031,510.35772177145367,504.82077941210207,508.26644250853604,13533700,MSFT
2025-09-25,504.9303283691406,507.89799878212006,502.94857891661616,506.1950582100621,15786500,MSFT
2025-09-26,509.34197998046875,511.8117209714621,504.52202659403474,507.94778361103766,16213100,MSFT
2025-09-29,512.4689331054688,514.7096154882738,506.77264973451184,509.3817950243417,17617800,MSFT
2025-09-30,515.8051147460938,516.0142062084105,507.54943619028296,511.11459757878936,19728200,MSFT
2025-10-01,517.557861328125,518.3545363078492,509.5710533372991,512.6681599915194,22632300,MSFT
2025-10-02,513.604248046875,519.439966484546,508.5652045551738,515.496404228155,21222900,MSFT
2025-10-03,515.20751953125,518.3345307125708,512.8672756929882,514.9585548343116,15112300,MSFT
2025-10-06,526.3811645507812,528.8309994124726,516.0541122577388,516.4623876768178,21388600,MSFT
2025-10-07,521.8101196289062,527.6060256392368,519.2806599401652,526.1022689962125,14615200,MSFT
2025-10-08,522.676513671875,524.7678538085896,520.923853084141,521.1130687043808,13363400,MSFT
2025-10-09,520.2366943359375,522.158694647609,515.2574000210162,520.1769452354545,18343600,MSFT
2025-10-10,508.84405517578125,521.4118200258811,507.5195762105422,517.4881335274953,24133800,MSFT
2025-10-13,511.9212341308594,514.2714464494894,509.56105349845876,514.2714464494894,14284200,MSFT
2025-10-14,511.4432373046875,513.1461778212379,503.9045785101632,508.11707238992415,14684300,MSFT
2025-10-15,511.3038024902344,515.0482414945574,507.888013925759,512.8274957075639,14694700,MSFT
2025-10-16,509.4913330078125,514.7096236704256,506.02576365101777,510.4573477017149,15559600,MSFT
2025-10-17,511.4532470703125,513.3453425707617,505.2091921192977,506.93203901166436,19867800,MSFT
2025-10-20,514.6498413085938,516.5519656323323,511.30377036778043,512.4788764440519,14665600,MSFT
2025-10-21,515.5162963867188,516.5420602391357,510.91543308707116,515.3569857054445,15586200,MSFT
2025-10-22,518.3843994140625,523.0549803520576,515.5661623300699,518.9919195722497,18962700,MSFT
2025-10-23,518.404296875,521.7802730707533,516.4623598997719,520.2964530626382,14023500,MSFT
2025-10-24,521.441650390625,523.1744351060786,518.5536961256696,520.6250388201142,15532400,MSFT
2025-10-27,529.3189697265625,532.3662956890146,526.819354031342,529.577902779321,18734700,MSFT
2025-10-28,539.8252563476562,551.4269763883988,538.5306518978505,547.7224103521172,29986700,MSFT
2025-10-29,539.307373046875,544.0078586434945,534.507325873603,542.6833492925585,36023000,MSFT
2025-10-30,523.582763671875,532.7545848667123,519.9578228356851,528.2831883129468,41023100,MSFT
2025-10-31,515.6656494140625,527.1279940743384,512.9668501497666,526.6898137654194,34006400,MSFT
2025-11-03,514.888916015625,522.7860691817526,512.4590180581705,517.657371934483,22374700,MSFT
2025-11-04,512.2001342773438,513.4150529816625,505.73698923396887,509.6407695643784,20958700,MSFT
2025-11-05,505.0597839355469,512.6980347767452,504.4821687767013,511.17434154282535,23024300,MSFT
2025-11-06,495.04144287109375,503.6058351018555,493.75677643867937,503.5659922381216,27406500,MSFT
2025-11-07,494.7626037597656,497.31199999791255,491.2073803526309,494.89207027354036,24019800,MSFT
2025-11-10,503.9045715332031,504.7510576229119,496.73437575016374,497.9692613740871,26101500,MSFT
2025-11-11,506.573486328125,507.48968986721945,500.26971300797675,502.70954902224156,17980000,MSFT
2025-11-12,509.0233154296875,509.5511194130969,497.05307240824305,507.2506574723947,26574900,MSFT
2025-11-13,501.205810546875,511.3735209246628,499.2140928412288,508.1967287528611,25273100,MSFT
2025-11-14,508.0672607421875,509.4813936811572,495.3800287197931,496.166765720741,28505700,MSFT
2025-11-17,505.3883972167969,509.9992285471841,502.8190947602184,506.34444359286346,19092800,MSFT
2025-11-18,491.74517822265625,500.89712400975867,484.76419755903834,493.31862192366924,33815100,MSFT
2025-11-19,485.1027526855469,493.13934080841636,480.8305097576304,488.0704229659532,23245300,MSFT
2025-11-20,477.3404846191406,492.4460215630244,474.41716428973194,491.5879641710541,26802500,MSFT
2025-11-21,471.04486083984375,477.8293938228302,467.20362215472323,477.4103368698009,31769200,MSFT
2025-11-24,472.92059326171875,475.8139832068258,466.9542001322548,473.9183160323131,34421000,MSFT
2025-11-25,475.90374755859375,478.0588322743821,463.8313270788984,472.9904142849383,28019800,MSFT
2025-11-26,484.3943786621094,487.1979770584782,480.10418316215106,485.2025316262965,25709100,MSFT
2025-11-28,490.88958740234375,491.5081706450152,485.54177754838196,486.48962635446395,14386700,MSFT
2025-12-01,485.6315612792969,488.7444513856018,483.5463243869077,487.32770213243884,23964000,MSFT
2025-12-02,488.8841552734375,492.3761849539621,485.2125428025972,485.6116258193264,19562700,MSFT
2025-12-03,476.64208984375,483.13724409881166,474.1178525596479,475.23529714339696,34615100,MSFT
2025-12-04,479.7449951171875,480.2239129901724,475.40489514051177,478.6674679630734,22318200,MSFT
2025-12-05,482.0597229003906,482.299166614698,477.78947078944657,481.4211657314621,22608700,MSFT
2025-12-08,489.9018249511719,491.17890888246444,483.2769615726175,483.7858099301447,21965900,MSFT
2025-12-09,490.8995361328125,490.99931449735556,487.3875630167038,487.9862027558801,14696100,MSFT
2025-12-10,477.4701843261719,483.14722906115725,473.99809828560024,482.92772884397027,35756200,MSFT
2025-12-11,482.3690185546875,484.92318635563356,474.7763326037194,475.5445986070271,24669200,MSFT
2025-12-12,477.4402770996094,481.3513637649093,475.2552617920193,478.72734800157895,21248100,MSFT
2025-12-15,473.73870849609375,479.6252664455081,471.44392797474177,479.0066832317436,23727700,MSFT
2025-12-16,475.3051452636719,476.80172935648005,469.8076832860371,470.8353364785088,20705600,MSFT
2025-12-17,475.0357360839844,478.9069051052783,473.9182915104317,475.8239455574328,24527200,MSFT
2025-12-18,482.87786865234375,488.4850656489584,476.8017407441929,477.10104539067044,28573500,MSFT
2025-12-19,484.8134460449219,486.73904362092316,481.39123391446003,486.2501387748106,70836100,MSFT
2025-12-22,483.81573486328125,487.6170561484318,481.5908021440126,485.01298390813173,16963000,MSFT
2025-12-23,485.7413330078125,486.71908182827985,483.63612214595605,483.8755963136496,14683600,MSFT
2025-12-24,486.90863037109375,488.04604888584674,483.7258924615979,484.5739628623746,5855900,MSFT
2025-12-26,486.599365234375,487.00843522519267,484.85335038112265,485.601642461088,8842200,MSFT
2025-12-29,485.9907531738281,487.23790659993216,483.0773893732932,483.7558335295542,10893400,MSFT
2025-12-30,486.3699035644531,488.56487537463653,484.39440153201394,484.82341501264875,13944500,MSFT
2025-12-31,482.5186767578125,487.0284031238816,482.1993981667827,486.7290680267604,15601600,MSFT
2026-01-02,471.8630065917969,483.5563186075122,469.0893385249197,483.2869444224563,25571600,MSFT
2026-01-05,471.773193359375,474.9858617296903,468.4308161640092,472.98042932285466,25250300,MSFT
2026-01-06,477.4203186035156,477.64977534720424,468.68025764779384,472.72102257015473,23037700,MSFT
2026-01-07,482.3690185546875,488.5848422406915,476.86159994291296,478.6674756822987,25564200,MSFT
2026-01-08,477.0212097167969,481.5608665012806,474.7763335277468,480.14408679814625,18162600,MSFT
2026-01-09,478.1885681152344,478.72734693664125,471.1247042989064,472.9804540365218,18491000,MSFT
2026-01-12,476.09332275390625,479.89464390147504,474.59673866594744,475.5845048686955,23519900,MSFT
2026-01-13,469.5981750488281,474.6965236309785,464.888922501957,473.5990225282599,28545800,MSFT
2026-01-14,458.3338928222656,467.13381499707015,456.1289340170423,465.39775666549855,28184300,MSFT
2026-01-15,455.6200866699219,463.1927988881192,454.8618076165624,463.0630900555096,23225800,MSFT
2026-01-16,458.8127746582031,462.13520850615447,455.4404972994736,456.78739866953146,34246700,MSFT
2026-01-20,453.48492431640625,455.7597309230742,448.2568669541529,450.1924514863621,26130000,MSFT
2026-01-21,443.0986328125,451.65911099901973,437.68100562513575,451.56931960591265,37980500,MSFT
2026-01-22,450.1126403808594,451.8087507279656,443.6873036586902,446.600636936346,25349400,MSFT
2026-01-23,464.888916015625,470.0271819611143,449.50401819491054,450.8409629929935,38000200,MSFT
2026-01-26,469.20904541015625,473.1700058760031,460.94790240319116,464.25036221183507,29291200,MSFT
2026-01-27,479.485595703125,481.7703893732875,472.0825097961169,472.62128861771004,29213900,MSFT
2026-01-28,480.533203125,482.63838346935967,476.9114647448887,482.10959164059926,36875400,MSFT
2026-01-29,432.5128173828125,441.49232224197124,420.06122635013605,438.98802836564175,128855300,MSFT
2026-01-30,429.31011962890625,438.5989157576861,425.47886802078926,438.1699022937122,58566800,MSFT
2026-02-02,422.4058837890625,429.7590957240154,421.28843915961005,429.2602343395754,42219900,MSFT
2026-02-03,410.2735595703125,421.0888704228976,407.6296003977664,421.0489834358989,61424100,MSFT
2026-02-04,413.2467956542969,418.84400576689177,408.3080557741746,410.0640575889883,45012400,MSFT
2026-02-05,392.7735290527344,407.37018733348754,391.4265972483441,406.51216038211834,66289200,MSFT
2026-02-06,400.22650146484375,400.87501513504304,392.0252195920243,398.2609865133262,53515300,MSFT
2026-02-09,412.65814208984375,413.94521298339265,399.9571203178888,403.9280678877113,45480500,MSFT
2026-02-10,412.328857421875,422.7151545880433,411.76017861216997,418.66440278178237,44857900,MSFT
2026-02-11,403.4491271972656,415.51159110220135,400.096793508188,415.2322299614449,42491000,MSFT
2026-02-12,400.9248962402344,405.2749831551046,397.1036315998776,404.07770370563327,40802400,MSFT
2026-02-13,400.4060974121094,404.61648859375555,397.1435245648219,403.528974460687,34091600,MSFT
2026-02-17,395.95623779296875,399.60790672873594,393.6315571718042,398.31087932693146,32078800,MSFT
2026-02-18,398.69000244140625,401.6432531481791,395.41747315874426,397.2233488345012,23223400,MSFT
2026-02-19,398.4599914550781,404.42999267578125,396.6700134277344,400.69000244140625,28234000,MSFT
2026-02-20,397.2300109863281,400.1199951171875,395.1600036621094,396.1099853515625,34015200,MSFT
2026-02-23,384.4700012207031,395.3599853515625,383.1000061035156,395.0,43238300,MSFT
2026-02-24,389.0,389.3599853515625,381.7099914550781,384.1400146484375,33884700,MSFT
2026-02-25,400.6000061035156,401.4700012207031,390.1600036621094,390.5299987792969,43625500,MSFT
2026-02-26,401.7200012207031,407.489990234375,398.739990234375,404.7099914550781,34405900,MSFT
2026-02-27,392.739990234375,396.82000732421875,389.8800048828125,390.8800048828125,51367200,MSFT
2026-03-02,398.54998779296875,401.19000244140625,390.6300048828125,392.8599853515625,35474900,MSFT
2026-03-03,403.92999267578125,406.70001220703125,392.6700134277344,393.1400146484375,38199200,MSFT
2026-03-04,405.20001220703125,411.0299987792969,400.30999755859375,401.2699890136719,35808000,MSFT
2026-03-05,410.67999267578125,411.6099853515625,404.3999938964844,404.4200134277344,39001300,MSFT
2026-03-06,408.9599914550781,413.04998779296875,408.510009765625,409.20001220703125,31123900,MSFT
2026-03-09,409.4100036621094,410.2099914550781,403.5,404.9200134277344,30131900,MSFT
2026-03-10,405.760009765625,410.20001220703125,402.92999267578125,410.0299987792969,31706400,MSFT
2026-03-11,404.8800048828125,409.010009765625,401.5899963378906,405.57000732421875,25512100,MSFT
2026-03-12,401.8599853515625,406.1199951171875,401.7099914550781,404.6300048828125,27263900,MSFT
2026-03-13,395.54998779296875,404.79998779296875,394.25,401.0,26848000,MSFT
2026-03-16,399.95001220703125,400.6300048828125,394.7900085449219,398.07000732421875,27733700,MSFT
2026-03-17,399.4100036621094,404.3999938964844,397.75,400.2699890136719,26228300,MSFT
2026-03-18,391.7900085449219,398.0,391.0,397.1300048828125,25908500,MSFT
2026-03-19,389.0199890136719,392.489990234375,387.05999755859375,390.1000061035156,25138800,MSFT
2026-03-20,381.8699951171875,387.0,380.1199951171875,386.7900085449219,50853200,MSFT
2026-03-23,383.0,387.2099914550781,381.67999267578125,383.8999938964844,29680100,MSFT
2026-03-24,372.739990234375,382.4700012207031,371.8500061035156,382.3599853515625,42733600,MSFT
2026-03-25,371.0400085449219,377.05999755859375,369.6300048828125,376.9200134277344,31181200,MSFT
2026-03-26,365.9700012207031,374.7200012207031,365.19000244140625,370.82000732421875,36836600,MSFT
2026-03-27,356.7699890136719,362.45001220703125,356.510009765625,361.8999938964844,37883400,MSFT
2026-03-30,358.9599914550781,365.3599853515625,356.2799987792969,361.8999938964844,44797000,MSFT
2026-03-31,370.1700134277344,372.8999938964844,363.07000732421875,364.54998779296875,45244400,MSFT
2026-04-01,369.3699951171875,373.989990234375,368.20001220703125,373.489990234375,29417200,MSFT
2026-04-02,373.4599914550781,373.6400146484375,364.1499938964844,367.2099914550781,24099100,MSFT
2026-04-06,372.8800048828125,373.7300109863281,369.5,373.489990234375,16146600,MSFT
2026-04-07,372.2900085449219,372.45001220703125,366.55999755859375,370.3399963378906,21443300,MSFT
2026-04-08,374.3299865722656,385.0,371.4100036621094,384.9800109863281,33064800,MSFT
2026-04-09,373.07000732421875,373.5,367.04998779296875,372.5,30435300,MSFT
2026-04-10,370.8699951171875,375.6400146484375,370.0299987792969,372.9800109863281,28111100,MSFT
2026-04-13,384.3699951171875,384.5400085449219,371.0199890136719,373.6099853515625,35745800,MSFT
2026-04-14,393.1099853515625,394.69000244140625,386.5199890136719,387.9200134277344,37504500,MSFT
2026-04-15,411.2200012207031,414.3699951171875,396.7300109863281,398.0,45063400,MSFT
2026-04-16,420.260009765625,420.82000732421875,412.1400146484375,419.8599853515625,41642400,MSFT
2026-04-17,422.7900085449219,431.5799865722656,420.69000244140625,424.82000732421875,48568200,MSFT
2026-04-20,418.07000732421875,423.3299865722656,416.29998779296875,421.1499938964844,27582200,MSFT
2026-04-21,424.1600036621094,427.17999267578125,417.20001220703125,420.239990234375,32048500,MSFT
2026-04-22,432.9200134277344,433.70001220703125,423.6700134277344,426.19000244140625,29378200,MSFT
2026-04-23,415.75,423.6600036621094,411.4100036621094,419.8900146484375,38308000,MSFT
2026-04-24,424.6199951171875,424.95001220703125,415.79998779296875,416.9700012207031,27457400,MSFT
2026-04-27,424.82000732421875,427.1099853515625,417.07000732421875,422.3800048828125,30867300,MSFT
2026-04-28,429.25,429.9200134277344,421.8999938964844,424.57000732421875,30438100,MSFT
2026-04-29,424.4599914550781,426.82000732421875,420.2900085449219,424.5799865722656,38288300,MSFT
2026-04-30,407.7799987792969,414.4200134277344,398.010009765625,410.80999755859375,70909400,MSFT
2026-05-01,414.44000244140625,417.1099853515625,410.44000244140625,412.79998779296875,31372400,MSFT
2026-05-04,413.6199951171875,420.7799987792969,410.79998779296875,411.5400085449219,28066500,MSFT
2026-05-05,411.3800048828125,416.7799987792969,408.79998779296875,415.32000732421875,25700900,MSFT
2026-05-06,413.9599914550781,418.4200134277344,405.1099853515625,408.0,30285900,MSFT
2026-05-07,420.7699890136719,427.9800109863281,418.760009765625,420.1099853515625,34942400,MSFT
2026-05-08,415.1199951171875,418.6300048828125,414.0,417.3900146484375,33383800,MSFT
2026-05-11,412.6600036621094,412.69000244140625,405.5,407.8699951171875,35657900,MSFT
2026-05-12,407.7699890136719,415.5,406.6400146484375,414.4800109863281,38594200,MSFT
2026-05-13,405.2099914550781,406.30999755859375,401.0299987792969,403.20001220703125,29667100,MSFT
2026-05-14,409.42999267578125,411.8349914550781,400.8800048828125,404.4800109863281,25106919,MSFT
2025-05-15,163.39344787597656,165.6356730691148,161.80893051621783,165.26694125278715,33146700,GOOGL
2025-05-16,165.61572265625,168.76480673115492,165.04768502743337,167.15039440077075,42846900,GOOGL
2025-05-19,165.96450805664062,166.06416858529283,163.65253281131433,163.94152401470697,30426100,GOOGL
2025-05-20,163.41336059570312,167.91774593119885,162.337090725838,165.8548915457752,46607700,GOOGL
2025-05-21,167.9775390625,172.54171471286378,162.9948165454298,163.1243721968136,73416000,GOOGL
2025-05-22,170.279541015625,176.15916224613377,170.12010546424852,171.25616550038472,74864400,GOOGL
2025-05-23,167.8878631591797,169.37272002705043,167.30986548992928,168.47582079984258,35211400,GOOGL
2025-05-27,172.30255126953125,172.5716225630013,169.4125780788469,169.57202886061165,37995700,GOOGL
2025-05-28,171.76441955566406,174.66436785084326,171.31597754856884,172.56165823831284,34784000,GOOGL
2025-05-29,171.26614379882812,173.81729536660228,170.04039828273065,173.39874848808273,29317300,GOOGL
2025-05-30,171.14654541015625,171.6149225074488,166.86140133176752,170.75789369177105,52639900,GOOGL
2025-06-02,168.4459228515625,169.28301661805224,166.81159040962694,167.26003241267054,38612300,GOOGL
2025-06-03,165.6057586669922,167.89781407143477,164.70887469424017,166.91124474262,45084900,GOOGL
2025-06-04,167.4693145751953,167.63872532387313,165.78515185366567,166.1638436483944,26900800,GOOGL
2025-06-05,167.62876892089844,170.33935616350743,167.01090094696792,169.75139851627495,36379100,GOOGL
2025-06-06,173.07984924316406,173.897023068816,170.239706414102,170.239706414102,35731800,GOOGL
2025-06-09,175.69395446777344,176.07310468622353,173.97782168090652,174.14743750903665,28935900,GOOGL
2025-06-10,178.19833374023438,180.70268325607967,174.5166301339373,175.80372221831115,61766100,GOOGL
2025-06-11,176.9511260986328,179.96432281914957,176.3524694759701,179.3656814209572,31646800,GOOGL
2025-06-12,175.30484008789062,176.32255032681226,174.3569797237004,175.78375628436552,20941900,GOOGL
2025-06-13,174.27716064453125,176.73163473712606,172.00228964381978,172.05218023736916,27663100,GOOGL
2025-06-16,176.3724365234375,176.5420523549515,174.25719419482596,174.33701609632743,27389200,GOOGL
2025-06-17,175.5542755126953,176.96110799729416,174.1873615915514,175.30483777675101,24973000,GOOGL
2025-06-18,172.93020629882812,176.16290971424257,172.81046582918458,175.6141436330853,28707500,GOOGL
2025-06-20,166.26522827148438,173.94790803011588,165.08788938336605,173.55878574385125,75659900,GOOGL
2025-06-23,164.8184814453125,166.9636398925432,161.63565348702906,165.8960542954959,57671000,GOOGL
2025-06-24,166.3949432373047,167.84167918331357,165.75638318822968,166.5445998017471,40524300,GOOGL
2025-06-25,170.29612731933594,171.97235685648238,167.17317715297744,167.25299905707695,35479000,GOOGL
2025-06-26,173.14968872070312,173.29936049404486,169.55779452756443,172.04218458564608,31796700,GOOGL
2025-06-27,178.12847900390625,178.27813555923768,171.3437693802371,173.14969619543672,108140200,GOOGL
2025-06-30,175.83364868164062,180.82240351749414,174.1873656755976,180.3734186271616,63378900,GOOGL
2025-07-01,175.44451904296875,175.6939567742825,173.139716841545,175.3447530851258,35904500,GOOGL
2025-07-02,178.23822021484375,178.4577266308603,174.67625741761273,175.14518633422566,29128900,GOOGL
2025-07-03,179.126220703125,179.265905222364,176.65180269468908,178.09853847776557,21689700,GOOGL
2025-07-07,176.3923797607422,178.89674433224096,175.28487562232132,178.65727862884938,34175600,GOOGL
2025-07-08,173.9678497314453,177.54977185383785,172.42133277200756,177.4500058972594,40442500,GOOGL
2025-07-09,176.2227783203125,179.03644347316074,172.3814460707259,174.85586430994886,43025600,GOOGL
2025-07-10,177.22052001953125,178.02869585837095,173.98781666417247,175.2350053597822,29252400,GOOGL
2025-07-11,179.7847442626953,181.0219456842772,176.08308157759498,176.39238193299045,34282900,GOOGL
2025-07-14,181.15164184570312,183.25689674766613,179.27586537633238,180.60287583344362,32536600,GOOGL
2025-07-15,181.59068298339844,183.8056914333515,181.19158867102598,182.39885886185957,33448300,GOOGL
2025-07-16,182.55848693847656,183.91542879782378,181.62059863833602,182.82788394956327,33104200,GOOGL
2025-07-17,183.1671142578125,183.64603043273615,180.07408034072432,181.73035050857078,31992600,GOOGL
2025-07-18,184.64378356933594,186.00072543502688,183.2968289565469,184.98301522964096,34014500,GOOGL
2025-07-21,189.67245483398438,189.86201471908177,185.73132654425748,185.83110772544197,45803100,GOOGL
2025-07-22,190.90966796875,191.21896833519165,187.03840453704987,191.0693117786785,44660200,GOOGL
2025-07-23,189.8021697998047,192.09700016081177,188.75452819755446,191.06931784155387,58681900,GOOGL
2025-07-24,191.73780822753906,197.50480780114538,190.57044138213487,196.58687870624138,74881700,GOOGL
2025-07-25,192.74551391601562,193.8929365997576,190.82983399147875,191.54821586623893,39785900,GOOGL
2025-07-28,192.14688110351562,193.61357622809174,190.41078895772904,193.2144667106556,38139500,GOOGL
2025-07-29,195.3097381591797,195.47935398479527,191.64799419278697,191.9971978721824,41389200,GOOGL
2025-07-30,196.08799743652344,197.155598285003,194.2521393007246,195.1600963397073,32445400,GOOGL
2025-07-31,191.46839904785156,195.54921195775628,190.66022322341527,195.26984291287636,51329200,GOOGL
2025-08-01,188.70465087890625,190.40082452841267,187.39759950913643,188.60486968944682,34832200,GOOGL
2025-08-04,194.60133361816406,194.830827292421,189.69240089649873,189.86201672672937,31547400,GOOGL
2025-08-05,194.232177734375,197.4150057356091,193.45393320281906,194.2720962985156,31602300,GOOGL
2025-08-06,195.6489715576172,196.18776557270928,193.23441619136784,194.06255127051267,21562900,GOOGL
2025-08-07,196.07801818847656,197.09571318148866,193.8929412029117,196.6167969951023,26321800,GOOGL
2025-08-08,200.9669952392578,202.15432130991044,196.72655368662487,196.7764442791972,39161800,GOOGL
2025-08-11,200.54794311523438,201.02685931355308,198.62229106869012,200.48808049350347,25832400,GOOGL
2025-08-12,202.88267517089844,204.04006993048975,200.1388600495838,200.91710457512625,30397900,GOOGL
2025-08-13,201.50579833984375,204.0700104890599,197.06579421729333,203.67091617948037,28342900,GOOGL
2025-08-14,202.48358154296875,203.98020797768137,200.77742070862897,201.0468177297292,25230400,GOOGL
2025-08-15,203.44140625,205.97570210941166,200.82730371462006,203.39153088363753,34931400,GOOGL
2025-08-18,203.04232788085938,204.80835140832636,202.03460485474218,203.74075053383524,18526600,GOOGL
2025-08-19,201.11668395996094,202.98247352847122,199.5103041804206,202.57339194917532,24240200,GOOGL
2025-08-20,198.87171936035156,200.82730262485018,196.15783565803162,200.27853657760338,28955500,GOOGL
2025-08-21,199.3007354736328,202.02459107482636,198.98144788878304,199.3007354736328,19774600,GOOGL
2025-08-22,205.62648010253906,208.07096677186306,200.84725997228378,202.27403645691825,42827000,GOOGL
2025-08-25,208.02110290527344,210.04653613391585,204.81831562838462,205.96572314134983,29928900,GOOGL
2025-08-26,206.6741180419922,207.38252787024734,205.23735432936843,207.04328099820484,28464100,GOOGL
2025-08-27,207.0133514404297,208.44014313706415,205.18746547556665,205.23735606521282,23022900,GOOGL
2025-08-28,211.1640167236328,211.742714118765,206.43467159929352,206.78389053195886,32339300,GOOGL
2025-08-29,212.43115234375,214.167229203444,209.72724064780297,210.0365409975429,39728400,GOOGL
2025-09-02,210.87466430664062,211.20390871469678,205.73623790289355,207.97120545801465,47523000,GOOGL
2025-09-03,230.1412353515625,230.78976737242826,224.28442698424496,225.7012467158241,103336100,GOOGL
2025-09-04,231.7775421142578,231.84737676203946,225.60146147412655,229.13349303754427,51684200,GOOGL
2025-09-05,234.4714813232422,235.22976659054154,231.37844718195538,231.677775522156,46588900,GOOGL
2025-09-08,233.72247314453125,237.8069358559837,233.3529799966882,235.15054099905157,32474700,GOOGL
2025-09-09,239.30491638183594,240.14377315813266,232.91358965088386,233.85231685973005,38061000,GOOGL
2025-09-10,238.84552001953125,241.33214736167037,237.5273187664355,238.5758820575914,35141100,GOOGL
2025-09-11,240.0438995361328,241.9213539288796,235.92949376965038,239.55457404217233,30599300,GOOGL
2025-09-12,240.4733123779297,241.75157459718335,237.67710805902945,240.04388783032,26771600,GOOGL
2025-09-15,251.26864624023438,252.06756394348793,244.32807821701437,244.32807821701437,58383800,GOOGL
2025-09-16,250.8192596435547,252.696698721273,249.13154999644232,251.73800966841424,34109700,GOOGL
2025-09-17,249.19146728515625,251.25866627901078,245.94587648389523,250.87917693990602,34108000,GOOGL
2025-09-18,251.68807983398438,253.64542748570952,249.46110945180462,251.338548569648,31239500,GOOGL
2025-09-19,254.3744354248047,255.65269769422878,251.4683796180924,252.90642848071656,55571400,GOOGL
2025-09-22,252.18739318847656,255.4329839373953,249.96042287972912,254.0848093772248,32290500,GOOGL
2025-09-23,251.31858825683594,254.01492224497756,250.1401811840686,252.69670571321294,26628000,GOOGL
2025-09-24,246.80470275878906,252.00764101873446,246.10565550148698,251.31857470864836,28201000,GOOGL
2025-09-25,245.45654296875,246.1556055061487,240.41340622781078,244.06842931794486,31020400,GOOGL
2025-09-26,246.2055206298828,249.08161830530747,245.63630185383965,246.73481561544992,18503200,GOOGL
2025-09-29,243.71890258789062,250.80926093832198,242.4406403715287,247.51375020937843,32505800,GOOGL
2025-09-30,242.77020263671875,242.9599320717839,238.92541967317948,242.48058753408858,34724300,GOOGL
2025-10-01,244.5677490234375,245.96585884887978,238.2862890899911,240.42338523813993,31658200,GOOGL
2025-10-02,245.35667419433594,246.47514981131818,241.97127402542458,244.81739828037135,25483300,GOOGL
2025-10-03,245.01715087890625,245.96585900937905,241.3321544964398,244.15831699237452,30249600,GOOGL
2025-10-06,250.09024047851562,250.97904766602093,244.24818617214953,244.44791178946252,28894700,GOOGL
2025-10-07,245.42657470703125,250.1002333278666,245.18691006468788,247.93317917084852,23181300,GOOGL
2025-10-08,244.2881317138672,245.67624536262252,243.48922922331397,244.62768203424937,21307100,GOOGL
2025-10-09,241.2023162841797,244.42792989328805,238.82554034163272,244.13833003954065,27892100,GOOGL
2025-10-10,236.2490692138672,243.75885638035138,235.5200485827795,241.10246136059908,33180300,GOOGL
2025-10-13,243.81875610351562,244.16828735447277,239.38479264234815,239.88411429337978,24995000,GOOGL
2025-10-14,245.1169891357422,246.78472157869837,240.1836889124138,240.9027132904423,22111600,GOOGL
2025-10-15,250.68942260742188,251.7679591837619,245.65626715592245,246.91455220927548,27007700,GOOGL
2025-10-16,251.1188507080078,256.6113736152233,249.76069521164578,251.42842769264908,27997200,GOOGL
2025-10-17,252.9563446044922,253.87509458891947,247.4737875390444,250.4197821526697,29671600,GOOGL
2025-10-20,256.2019348144531,256.98087539491434,253.88509020638818,254.3444728441902,22350200,GOOGL
2025-10-21,250.12020874023438,254.53421031738455,243.81875668908756,254.39440086428343,47312100,GOOGL
2025-10-22,251.34854125976562,256.01218852739623,248.95178813355238,254.02489806023604,35029400,GOOGL
2025-10-23,252.73666381835938,254.69399627404513,251.50833675008087,252.63679338694976,19901400,GOOGL
2025-10-24,259.5673828125,261.32497431611404,254.9736174865258,256.23188733462473,28655100,GOOGL
2025-10-27,268.9046630859375,269.7735083332291,263.92144290721717,264.4607188078389,35235200,GOOGL
2025-10-28,267.1071472167969,270.3627344019799,266.1384619149823,269.3241367489819,29738600,GOOGL
2025-10-29,274.197509765625,274.96645416764926,267.3068768000952,267.38675485794886,43580300,GOOGL
2025-10-30,281.09814453125,291.1944142933695,279.6800575475708,291.1944142933695,74876000,GOOGL
2025-10-31,280.8085021972656,285.6119738650845,276.6541425566326,282.82575062167336,39267900,GOOGL
2025-11-03,283.3350830078125,285.14262497278366,279.42038779718166,281.797163766903,29786000,GOOGL
2025-11-04,277.1634521484375,280.88837191256465,275.8851900258856,276.374515458966,30078400,GOOGL
2025-11-05,283.92425537109375,286.0314084420774,276.96371081227676,278.49163374098424,31010300,GOOGL
2025-11-06,284.3636779785156,287.9587999323025,280.7585903155872,284.9428776795432,37173600,GOOGL
2025-11-07,278.45172119140625,283.3950181298404,274.8166751233446,282.8257840870045,34479600,GOOGL
2025-11-10,289.7064208984375,290.40545290698407,282.47622284552773,284.03413439651047,29557300,GOOGL
2025-11-11,290.914794921875,291.52398321941854,286.9302176656824,287.35962699643375,19842100,GOOGL
2025-11-12,286.3210144042969,291.613842224268,283.30512258449664,291.2842728658537,24829900,GOOGL
2025-11-13,278.19207763671875,282.45627365196606,276.8638649512614,281.9569519907634,29494000,GOOGL
2025-11-14,276.0350036621094,278.1820807042813,270.3327588398133,271.04178706348836,31647200,GOOGL
2025-11-17,284.63330078125,293.55120856159544,283.1852862901624,285.392279437324,52670200,GOOGL
2025-11-18,283.8943176269531,288.4081743957296,277.8225797399186,287.52939388700526,49158700,GOOGL
2025-11-19,292.4127502441406,303.39782684502376,286.2411417953812,286.77042153983126,68198900,GOOGL
2025-11-20,289.05731201171875,306.0042898345543,288.2783714658303,304.1268355762142,62025200,GOOGL
2025-11-21,299.25347900390625,303.50770955644725,293.4513634023398,296.0178842040454,74137700,GOOGL
2025-11-24,318.14776611328125,319.0465694557707,309.17996886834777,310.70789188393536,85165100,GOOGL
2025-11-25,323.0011901855469,328.3838617048627,317.2190369667809,325.767421144808,88632100,GOOGL
2025-11-26,319.5159606933594,324.0597758686898,316.36024396458464,320.2449508538883,51373400,GOOGL
2025-11-28,319.7456359863281,326.40660086319315,316.36025071335513,322.9313108653273,26018600,GOOGL
2025-12-01,314.46282958984375,319.41609223758667,313.464186206563,317.2690150587685,41183000,GOOGL
2025-12-02,315.38153076171875,317.948051296999,313.4841146313127,316.3102616947243,35854700,GOOGL
2025-12-03,319.19635009765625,321.1436861691208,313.6738540884245,315.4614340573081,41838300,GOOGL
2025-12-04,317.1890869140625,321.92264650582644,314.27306548179905,321.7928484740126,31240900,GOOGL
2025-12-05,320.8341064453125,322.72155681925386,318.73697999805336,319.05652267664885,28851700,GOOGL
2025-12-08,313.49932861328125,320.21460294317257,311.0010871288888,319.82486263347363,33909400,GOOGL
2025-12-09,316.85693359375,317.7662971049956,311.6805848338384,312.15025542764414,30194000,GOOGL
2025-12-10,319.9847412109375,321.0839735202244,314.45863248382005,315.6078174223929,33428900,GOOGL
2025-12-11,312.210205078125,320.8940942947929,308.3829128168011,319.85481737290655,42353700,GOOGL
2025-12-12,309.07244873046875,314.6485102459599,305.34506149685063,313.47935032153816,35940200,GOOGL
2025-12-15,308.003173828125,311.2009348824072,304.66552711937686,311.1009991314403,29151900,GOOGL
2025-12-16,306.3543395996094,310.5513666605185,302.37712849550337,304.7354841263937,30585000,GOOGL
2025-12-17,296.5112609863281,307.87325739956634,295.9116769824828,307.7933270972379,43930400,GOOGL
2025-12-18,302.2472229003906,303.7461677101471,299.0195145942255,301.50775321966603,33518000,GOOGL
2025-12-19,306.9439392089844,307.03387224107576,300.7582909786616,301.5177661333593,59943200,GOOGL
2025-12-22,309.56207275390625,309.9118326328777,305.0852133945127,309.66200850448513,26429900,GOOGL
2025-12-23,314.1288757324219,314.7184570357758,309.1024153195162,309.41219480947996,25478700,GOOGL
2025-12-24,313.8690490722656,314.8583428959372,311.70059264113144,314.5485634057752,10097400,GOOGL
2025-12-26,313.2894592285156,314.86833429915043,312.0603135401851,314.25877806497726,10899000,GOOGL
2025-12-29,313.33941650390625,313.79908436732376,310.4014822754237,311.15095467052413,19621800,GOOGL
2025-12-30,313.6292419433594,316.72706748217655,312.24020504037514,312.28018544302313,17380900,GOOGL
2025-12-31,312.7798156738281,314.3586907819443,311.22091551782626,312.62992729269524,16377700,GOOGL
2026-01-02,314.9283142089844,322.2731502440002,310.11169732658084,316.67708324131615,32009400,GOOGL
2026-01-05,316.3173522949219,318.79558832967825,314.4086921415047,317.4365596004392,30195600,GOOGL
2026-01-06,314.1188659667969,320.71422913013345,311.5606693028291,316.17741436833177,31212100,GOOGL
2026-01-07,321.7535095214844,325.9205589972494,313.96898096999803,314.13884430323384,35104400,GOOGL
2026-01-08,325.2110595703125,330.0876314322289,321.2738288701313,328.7385750407063,31896100,GOOGL
2026-01-09,328.3388671875,330.5972566011106,325.5707962902668,326.8598973489763,26214200,GOOGL
2026-01-12,331.62652587890625,333.80501545240315,324.77136644379436,325.57079145505844,33923900,GOOGL
2026-01-13,335.7336730957031,340.25048265726696,333.38532003422745,334.7144015630273,33517600,GOOGL
2026-01-14,335.603759765625,336.2832741209541,330.2475447349911,334.8243096530742,28525600,GOOGL
2026-01-15,332.5458984375,337.4524480652932,330.507324974913,337.4124676651339,28442400,GOOGL
2026-01-16,329.7678527832031,334.4145755186536,327.46948297740045,334.1747541117482,40341600,GOOGL
2026-01-20,321.77349853515625,327.49947891315526,320.20459558658575,320.6442885211675,35361000,GOOGL
2026-01-21,328.1490173339844,332.24613943011235,319.12537039479025,320.6942733516965,35386600,GOOGL
2026-01-22,330.3074951171875,334.9142376434696,328.5187457270175,334.2147483456718,26253600,GOOGL
2026-01-23,327.6993103027344,333.45526818914374,327.21966747627397,332.25610013077164,27280000,GOOGL
2026-01-26,333.02557373046875,335.60374537803585,326.7699676491338,327.5793954045391,26042100,GOOGL
2026-01-27,334.31463623046875,337.6722883721735,333.2454121385867,335.1340666902067,21636200,GOOGL
2026-01-28,335.7736511230469,337.30257365930305,331.7065067534381,335.82360375323316,27434400,GOOGL
2026-01-29,338.0120544433594,342.0492210013424,326.3103005061971,340.06060015063264,39785600,GOOGL
2026-01-30,337.7622375488281,339.76083067041884,332.0562627255977,339.76083067041884,31024000,GOOGL
2026-02-02,343.4482421875,344.5874244246442,335.3939142353609,335.983495554882,32006100,GOOGL
2026-02-03,339.47100830078125,348.7544814019383,337.2325938809106,347.09564553860224,36506700,GOOGL
2026-02-04,332.80572509765625,343.0684894885568,328.2888852617291,342.7187296036167,70618400,GOOGL
2026-02-05,331.0169677734375,332.45595718246585,306.24439883874277,312.0003564748562,88205800,GOOGL
2026-02-06,322.63287353515625,330.147603202773,319.694969697787,326.94984200428365,56380500,GOOGL
2026-02-09,324.09185791015625,327.4694850607409,317.03682684844796,320.70422803551696,39640100,GOOGL
2026-02-10,318.3558654785156,321.4437184993816,314.38865715458337,320.7441987510988,39170000,GOOGL
2026-02-11,310.7412414550781,320.8341425405983,309.44216816023624,318.7456164455411,45406400,GOOGL
2026-02-12,308.7826232910156,316.0175203045161,306.9839017615506,311.87044586439265,47761300,GOOGL
2026-02-13,305.50494384765625,308.41290048065196,303.4963480144474,307.5135396808651,38499700,GOOGL
2026-02-17,301.8075256347656,304.22583664461854,296.04159566157676,299.82893803190484,39247600,GOOGL
2026-02-18,303.1166076660156,305.1651838815364,301.0380842700908,301.87748970860525,28482100,GOOGL
2026-02-19,302.636962890625,305.25511494304027,299.828942056139,301.6076886754516,25834400,GOOGL
2026-02-20,314.7584228515625,316.2773425544253,303.68620054308417,304.1059184917761,53210800,GOOGL
2026-02-23,311.2708740234375,319.29522413676915,309.65201848441603,318.82555353627805,31423000,GOOGL
2026-02-24,310.6813049316406,312.05033638585,305.71479964031533,310.3015673465962,25615600,GOOGL
2026-02-25,312.67987060546875,313.4193707572093,309.22231323387047,311.84046520002283,29963600,GOOGL
2026-02-26,307.1637878417969,312.9197459051382,302.1373272609355,312.42009761480955,36431200,GOOGL
2026-02-27,311.54071044921875,312.1502667227519,303.5862877430576,303.92607541564644,44640600,GOOGL
2026-03-02,306.3043518066406,308.27296712894787,301.088022863519,303.0166882830762,34790200,GOOGL
2026-03-03,303.3664245605469,303.72618716624237,296.5012623376298,298.37994467731505,35497000,GOOGL
2026-03-04,302.9167785644531,305.2551289128473,300.5384478137644,302.6769571429086,29536200,GOOGL
2026-03-05,300.6683349609375,303.08661540637286,297.78035344585857,302.82681905445145,35752300,GOOGL
2026-03-06,298.30999755859375,300.31859339921897,294.97235071392555,295.88171424137005,25576900,GOOGL
2026-03-09,306.3599853515625,306.79998779296875,294.0799865722656,294.3599853515625,29312100,GOOGL
2026-03-10,307.0400085449219,309.510009765625,305.57000732421875,306.1700134277344,23239700,GOOGL
2026-03-11,308.70001220703125,311.4200134277344,305.9200134277344,306.75,24125700,GOOGL
2026-03-12,303.54998779296875,308.94000244140625,301.0299987792969,306.82000732421875,24928300,GOOGL
2026-03-13,302.2799987792969,307.69000244140625,300.44000244140625,307.010009765625,23693100,GOOGL
2026-03-16,305.55999755859375,306.489990234375,303.0199890136719,304.3500061035156,23519700,GOOGL
2026-03-17,310.9200134277344,311.4200134277344,305.5,305.8599853515625,21955200,GOOGL
2026-03-18,307.69000244140625,312.4700012207031,306.92999267578125,309.2699890136719,20009800,GOOGL
2026-03-19,307.1300048828125,308.05999755859375,302.3500061035156,304.010009765625,25075800,GOOGL
2026-03-20,301.0,306.0,298.2699890136719,305.4599914550781,44364100,GOOGL
2026-03-23,302.05999755859375,305.9800109863281,300.92999267578125,302.1099853515625,29326900,GOOGL
2026-03-24,290.44000244140625,299.9200134277344,290.3299865722656,299.20001220703125,36864300,GOOGL
2026-03-25,290.92999267578125,296.0,289.239990234375,293.44000244140625,29460700,GOOGL
2026-03-26,280.9200134277344,287.95001220703125,278.5,287.9100036621094,39080600,GOOGL
2026-03-27,274.3399963378906,279.3699951171875,273.95001220703125,277.2799987792969,35890600,GOOGL
2026-03-30,273.5,277.0899963378906,272.1099853515625,276.4200134277344,35141200,GOOGL
2026-03-31,287.55999755859375,288.0799865722656,277.0899963378906,278.0400085449219,43875400,GOOGL
2026-04-01,297.3900146484375,300.5199890136719,290.4100036621094,290.8399963378906,37684500,GOOGL
2026-04-02,295.7699890136719,298.0799865722656,289.45001220703125,290.69000244140625,21666500,GOOGL
2026-04-06,299.989990234375,300.6199951171875,295.17999267578125,295.8699951171875,16945500,GOOGL
2026-04-07,305.4599914550781,305.6300048828125,297.7200012207031,302.7300109863281,23205400,GOOGL
2026-04-08,317.32000732421875,322.0799865722656,315.0199890136719,320.45001220703125,33547100,GOOGL
2026-04-09,318.489990234375,319.5400085449219,311.05999755859375,315.9100036621094,23739200,GOOGL
2026-04-10,317.239990234375,321.8299865722656,316.32000732421875,320.0199890136719,19152600,GOOGL
2026-04-13,321.30999755859375,321.6300048828125,315.4700012207031,317.1400146484375,18866400,GOOGL
2026-04-14,332.9100036621094,333.2900085449219,323.75,324.7900085449219,27721400,GOOGL
2026-04-15,337.1199951171875,337.4800109863281,330.8999938964844,332.8900146484375,24918800,GOOGL
2026-04-16,336.0199890136719,339.8800048828125,334.5199890136719,338.75,20541500,GOOGL
2026-04-17,341.67999267578125,342.32000732421875,336.239990234375,337.6499938964844,25581900,GOOGL
2026-04-20,337.4200134277344,341.3999938964844,336.6099853515625,340.760009765625,18784200,GOOGL
2026-04-21,332.2900085449219,339.3399963378906,331.3500061035156,337.69000244140625,23123800,GOOGL
2026-04-22,339.32000732421875,339.82000732421875,335.1700134277344,337.0199890136719,20293000,GOOGL
2026-04-23,338.8900146484375,341.9599914550781,336.17999267578125,341.17999267578125,18650300,GOOGL
2026-04-24,344.3999938964844,345.2699890136719,335.3900146484375,338.7300109863281,26426100,GOOGL
2026-04-27,350.3399963378906,353.17999267578125,342.7300109863281,345.9800109863281,28576900,GOOGL
2026-04-28,349.7799987792969,352.4200134277344,346.1199951171875,348.54998779296875,27824100,GOOGL
2026-04-29,349.94000244140625,355.7900085449219,344.2099914550781,347.57000732421875,35376300,GOOGL
2026-04-30,384.79998779296875,385.8399963378906,365.82000732421875,374.07000732421875,72040000,GOOGL
2026-05-01,385.69000244140625,386.760009765625,379.04998779296875,381.6300048828125,30105200,GOOGL
2026-05-04,383.25,387.3800048828125,379.7900085449219,385.6300048828125,26298600,GOOGL
2026-05-05,388.42999267578125,392.82000732421875,384.0199890136719,386.2300109863281,23878600,GOOGL
2026-05-06,398.0400085449219,399.8500061035156,392.760009765625,394.25,31308500,GOOGL
2026-05-07,397.989990234375,400.1000061035156,392.67999267578125,399.9200134277344,24433500,GOOGL
2026-05-08,400.79998779296875,402.0,396.3599853515625,397.0,21461800,GOOGL
2026-05-11,388.6400146484375,397.44000244140625,388.4700012207031,393.6499938964844,30753700,GOOGL
2026-05-12,387.3500061035156,388.5199890136719,382.7699890136719,387.3399963378906,26017500,GOOGL
2026-05-13,402.6199951171875,403.70001220703125,385.0,385.6000061035156,28144600,GOOGL
2026-05-14,401.07000732421875,402.92999267578125,395.8399963378906,397.2799987792969,20996229,GOOGL
2025-05-15,205.1699981689453,206.8800048828125,202.6699981689453,206.4499969482422,64347300,AMZN
2025-05-16,205.58999633789062,206.85000610351562,204.3699951171875,206.85000610351562,43318500,AMZN
2025-05-19,206.16000366210938,206.6199951171875,201.25999450683594,201.64999389648438,34314800,AMZN
2025-05-20,204.07000732421875,205.58999633789062,202.64999389648438,204.6300048828125,29470400,AMZN
2025-05-21,201.1199951171875,203.4600067138672,200.05999755859375,201.61000061035156,42460900,AMZN
2025-05-22,203.10000610351562,205.75999450683594,200.16000366210938,201.3800048828125,38938900,AMZN
2025-05-23,200.99000549316406,202.3699951171875,197.85000610351562,198.89999389648438,33393500,AMZN
2025-05-27,206.02000427246094,206.69000244140625,202.19000244140625,203.08999633789062,34892000,AMZN
2025-05-28,204.72000122070312,207.66000366210938,204.41000366210938,205.9199981689453,28549800,AMZN
2025-05-29,205.6999969482422,208.80999755859375,204.22999572753906,208.02999877929688,34650000,AMZN
2025-05-30,205.00999450683594,205.99000549316406,201.6999969482422,204.83999633789062,51679400,AMZN
2025-06-02,206.64999389648438,207.0,202.67999267578125,204.97999572753906,29113300,AMZN
2025-06-03,205.7100067138672,208.9499969482422,205.02999877929688,207.11000061035156,33139100,AMZN
2025-06-04,207.22999572753906,208.17999267578125,205.17999267578125,206.5500030517578,29915600,AMZN
2025-06-05,207.91000366210938,212.80999755859375,207.55999755859375,209.5500030517578,51864200,AMZN
2025-06-06,213.57000732421875,213.8699951171875,210.5,212.39999389648438,39832500,AMZN
2025-06-09,216.97999572753906,217.85000610351562,212.8800048828125,214.75,38102500,AMZN
2025-06-10,217.61000061035156,217.69000244140625,214.14999389648438,216.77999877929688,31303300,AMZN
2025-06-11,213.1999969482422,218.39999389648438,212.88999938964844,217.41000366210938,39326000,AMZN
2025-06-12,213.24000549316406,213.5800018310547,211.3300018310547,211.77999877929688,27640000,AMZN
2025-06-13,212.10000610351562,214.0500030517578,209.6199951171875,209.9600067138672,29337800,AMZN
2025-06-16,216.10000610351562,217.05999755859375,211.60000610351562,212.30999755859375,33284200,AMZN
2025-06-17,214.82000732421875,217.41000366210938,214.55999755859375,215.1999969482422,32086300,AMZN
2025-06-18,212.52000427246094,217.9600067138672,212.33999633789062,215.08999633789062,44360500,AMZN
2025-06-20,209.69000244140625,214.88999938964844,208.27000427246094,214.67999267578125,75350700,AMZN
2025-06-23,208.47000122070312,210.38999938964844,207.30999755859375,209.7899932861328,37311700,AMZN
2025-06-24,212.77000427246094,214.33999633789062,211.0500030517578,212.13999938964844,38378800,AMZN
2025-06-25,211.99000549316406,216.02999877929688,211.11000061035156,214.6199951171875,31755700,AMZN
2025-06-26,217.1199951171875,218.0399932861328,212.00999450683594,213.1199951171875,50480800,AMZN
2025-06-27,223.3000030517578,223.3000030517578,216.74000549316406,219.9199981689453,119217100,AMZN
2025-06-30,219.38999938964844,223.82000732421875,219.1199951171875,223.52000427246094,58887800,AMZN
2025-07-01,220.4600067138672,221.8800048828125,217.92999267578125,219.5,39256800,AMZN
2025-07-02,219.9199981689453,221.60000610351562,219.05999755859375,219.72999572753906,30894200,AMZN
2025-07-03,223.41000366210938,224.00999450683594,221.36000061035156,221.82000732421875,29632400,AMZN
2025-07-07,223.47000122070312,224.2899932861328,222.3699951171875,223.0,36604100,AMZN
2025-07-08,219.36000061035156,224.0,218.42999267578125,223.9199981689453,45692000,AMZN
2025-07-09,222.5399932861328,224.2899932861328,220.47000122070312,221.07000732421875,38155100,AMZN
2025-07-10,222.25999450683594,222.7899932861328,219.6999969482422,221.5500030517578,30370600,AMZN
2025-07-11,225.02000427246094,226.67999267578125,222.3699951171875,223.5800018310547,50518300,AMZN
2025-07-14,225.69000244140625,226.66000366210938,224.24000549316406,225.07000732421875,35702600,AMZN
2025-07-15,226.35000610351562,227.27000427246094,225.4600067138672,226.1999969482422,34907300,AMZN
2025-07-16,223.19000244140625,226.10000610351562,222.17999267578125,225.8800048828125,39535900,AMZN
2025-07-17,223.8800048828125,224.5,222.50999450683594,223.32000732421875,31855800,AMZN
2025-07-18,226.1300048828125,226.39999389648438,222.97999572753906,225.13999938964844,37833800,AMZN
2025-07-21,229.3000030517578,229.69000244140625,225.64999389648438,225.83999633789062,40297600,AMZN
2025-07-22,227.47000122070312,230.0,226.35000610351562,229.67999267578125,37483700,AMZN
2025-07-23,228.2899932861328,228.7899932861328,227.08999633789062,228.47000122070312,28294900,AMZN
2025-07-24,232.22999572753906,236.0,228.63999938964844,229.1699981689453,42902300,AMZN
2025-07-25,231.44000244140625,232.47999572753906,231.17999267578125,232.22000122070312,28712100,AMZN
2025-07-28,232.7899932861328,234.2899932861328,232.25,233.35000610351562,26300100,AMZN
2025-07-29,231.00999450683594,234.72000122070312,230.30999755859375,234.14999389648438,33716200,AMZN
2025-07-30,230.19000244140625,231.8000030517578,229.2899932861328,231.63999938964844,32993300,AMZN
2025-07-31,234.11000061035156,236.52999877929688,231.39999389648438,235.77000427246094,104357300,AMZN
2025-08-01,214.75,220.44000244140625,212.8000030517578,217.2100067138672,122258800,AMZN
2025-08-04,211.64999389648438,217.44000244140625,211.4199981689453,217.39999389648438,77890100,AMZN
2025-08-05,213.75,216.3000030517578,212.8699951171875,213.0500030517578,51505100,AMZN
2025-08-06,222.30999755859375,222.64999389648438,213.74000549316406,214.6999969482422,54823000,AMZN
2025-08-07,223.1300048828125,226.22000122070312,220.82000732421875,221.0,40603500,AMZN
2025-08-08,222.69000244140625,223.8000030517578,221.8800048828125,223.13999938964844,32970500,AMZN
2025-08-11,221.3000030517578,223.0500030517578,220.39999389648438,221.77999877929688,31646200,AMZN
2025-08-12,221.47000122070312,223.5,219.0500030517578,222.22999572753906,37185800,AMZN
2025-08-13,224.55999755859375,224.9199981689453,222.0,222.0,36508300,AMZN
2025-08-14,230.97999572753906,233.11000061035156,227.02000427246094,227.39999389648438,61545800,AMZN
2025-08-15,231.02999877929688,234.0800018310547,229.80999755859375,232.5800018310547,39649200,AMZN
2025-08-18,231.49000549316406,231.91000366210938,228.3300018310547,230.22999572753906,25248900,AMZN
2025-08-19,228.00999450683594,230.52999877929688,227.1199951171875,230.08999633789062,29891000,AMZN
2025-08-20,223.80999755859375,227.27000427246094,220.9199981689453,227.1199951171875,36604300,AMZN
2025-08-21,221.9499969482422,222.77999877929688,220.5,222.64999389648438,32140500,AMZN
2025-08-22,228.83999633789062,229.13999938964844,220.82000732421875,222.7899932861328,37315300,AMZN
2025-08-25,227.94000244140625,229.60000610351562,227.30999755859375,227.35000610351562,22633700,AMZN
2025-08-26,228.7100067138672,229.0,226.02000427246094,227.11000061035156,26105400,AMZN
2025-08-27,229.1199951171875,229.8699951171875,227.80999755859375,228.57000732421875,21254500,AMZN
2025-08-28,231.60000610351562,232.7100067138672,228.02000427246094,229.00999450683594,33679600,AMZN
2025-08-29,229.0,231.80999755859375,228.16000366210938,231.32000732421875,26199200,AMZN
2025-09-02,225.33999633789062,226.1699981689453,221.8300018310547,223.52000427246094,38843900,AMZN
2025-09-03,225.99000549316406,227.1699981689453,224.36000061035156,225.2100067138672,29223100,AMZN
2025-09-04,235.67999267578125,235.77000427246094,230.77999877929688,231.19000244140625,59391800,AMZN
2025-09-05,232.3300018310547,236.0,231.92999267578125,235.19000244140625,36721800,AMZN
2025-09-08,235.83999633789062,237.60000610351562,233.75,234.94000244140625,33947100,AMZN
2025-09-09,238.24000549316406,238.85000610351562,235.0800018310547,236.36000061035156,27033800,AMZN
2025-09-10,230.3300018310547,237.67999267578125,229.10000610351562,237.52000427246094,60907700,AMZN
2025-09-11,229.9499969482422,231.52999877929688,229.33999633789062,231.49000549316406,37485600,AMZN
2025-09-12,228.14999389648438,230.7899932861328,226.2899932861328,230.35000610351562,38496200,AMZN
2025-09-15,231.42999267578125,233.72999572753906,230.32000732421875,230.6300048828125,33243300,AMZN
2025-09-16,234.0500030517578,235.89999389648438,232.22999572753906,232.94000244140625,38203900,AMZN
2025-09-17,231.6199951171875,234.3000030517578,228.7100067138672,233.77000427246094,42815200,AMZN
2025-09-18,231.22999572753906,233.47999572753906,228.7899932861328,232.5,37931700,AMZN
2025-09-19,231.47999572753906,234.16000366210938,229.6999969482422,232.3699951171875,97943200,AMZN
2025-09-22,227.6300048828125,230.57000732421875,227.50999450683594,230.55999755859375,45914500,AMZN
2025-09-23,220.7100067138672,227.86000061035156,220.07000732421875,227.8300018310547,70956200,AMZN
2025-09-24,220.2100067138672,224.55999755859375,219.4499969482422,224.14999389648438,49509000,AMZN
2025-09-25,218.14999389648438,220.6699981689453,216.47000122070312,220.05999755859375,52226300,AMZN
2025-09-26,219.77999877929688,221.0500030517578,218.02000427246094,219.0800018310547,41650100,AMZN
2025-09-29,222.1699981689453,222.60000610351562,219.3000030517578,220.0800018310547,44259200,AMZN
2025-09-30,219.57000732421875,222.24000549316406,217.88999938964844,222.02999877929688,48396400,AMZN
2025-10-01,220.6300048828125,222.14999389648438,216.61000061035156,217.36000061035156,43933800,AMZN
2025-10-02,222.41000366210938,222.80999755859375,218.9499969482422,221.00999450683594,41258600,AMZN
2025-10-03,219.50999450683594,224.1999969482422,219.33999633789062,223.44000244140625,43639000,AMZN
2025-10-06,220.89999389648438,221.72999572753906,216.02999877929688,221.0,43690900,AMZN
2025-10-07,221.77999877929688,222.88999938964844,220.1699981689453,220.8800048828125,31194700,AMZN
2025-10-08,225.22000122070312,226.72999572753906,221.19000244140625,222.9199981689453,46686000,AMZN
2025-10-09,227.74000549316406,228.2100067138672,221.75,225.0,46412100,AMZN
2025-10-10,216.3699951171875,228.25,216.0,226.2100067138672,72367500,AMZN
2025-10-13,220.07000732421875,220.67999267578125,217.0399932861328,217.6999969482422,37809700,AMZN
2025-10-14,216.38999938964844,219.32000732421875,212.60000610351562,215.55999755859375,45665600,AMZN
2025-10-15,215.57000732421875,217.7100067138672,212.66000366210938,216.6199951171875,45909500,AMZN
2025-10-16,214.47000122070312,218.58999633789062,212.80999755859375,215.6699981689453,42414600,AMZN
2025-10-17,213.0399932861328,214.8000030517578,211.02999877929688,214.55999755859375,45986900,AMZN
2025-10-20,216.47999572753906,216.69000244140625,213.58999633789062,213.8800048828125,38882800,AMZN
2025-10-21,222.02999877929688,223.32000732421875,217.99000549316406,218.42999267578125,50494600,AMZN
2025-10-22,217.9499969482422,220.00999450683594,216.52000427246094,219.3000030517578,44308500,AMZN
2025-10-23,221.08999633789062,221.3000030517578,218.17999267578125,219.0,31540000,AMZN
2025-10-24,224.2100067138672,225.39999389648438,221.89999389648438,221.97000122070312,38685100,AMZN
2025-10-27,226.97000122070312,228.39999389648438,225.5399932861328,227.66000366210938,38267000,AMZN
2025-10-28,229.25,231.49000549316406,226.2100067138672,228.22000122070312,47100000,AMZN
2025-10-29,230.3000030517578,232.82000732421875,227.75999450683594,231.6699981689453,52036200,AMZN
2025-10-30,222.86000061035156,228.44000244140625,222.75,227.05999755859375,102252900,AMZN
2025-10-31,244.22000122070312,250.5,243.97999572753906,250.10000610351562,166340800,AMZN
2025-11-03,254.0,258.6000061035156,252.89999389648438,255.36000061035156,95997800,AMZN
2025-11-04,249.32000732421875,257.010009765625,248.66000366210938,250.3800048828125,51546300,AMZN
2025-11-05,250.1999969482422,251.0,246.16000366210938,249.02999877929688,40610700,AMZN
2025-11-06,243.0399932861328,250.3800048828125,242.1699981689453,249.16000366210938,46004200,AMZN
2025-11-07,244.41000366210938,244.89999389648438,238.49000549316406,242.89999389648438,46374300,AMZN
2025-11-10,248.39999389648438,251.75,245.58999633789062,248.33999633789062,36476500,AMZN
2025-11-11,249.10000610351562,249.75,247.22999572753906,248.41000366210938,23564100,AMZN
2025-11-12,244.1999969482422,250.3699951171875,243.75,250.24000549316406,31190100,AMZN
2025-11-13,237.5800018310547,243.75,236.5,243.0500030517578,41401700,AMZN
2025-11-14,234.69000244140625,238.72999572753906,232.88999938964844,235.05999755859375,38956700,AMZN
2025-11-17,232.8699951171875,234.60000610351562,229.19000244140625,233.25,59919000,AMZN
2025-11-18,222.5500030517578,230.1999969482422,222.4199981689453,228.10000610351562,60608400,AMZN
2025-11-19,222.69000244140625,223.74000549316406,218.52000427246094,223.74000549316406,58335600,AMZN
2025-11-20,217.13999938964844,227.41000366210938,216.74000549316406,227.0500030517578,50309000,AMZN
2025-11-21,220.69000244140625,222.2100067138672,215.17999267578125,216.35000610351562,68490500,AMZN
2025-11-24,226.27999877929688,227.3300018310547,222.27000427246094,222.55999755859375,54318400,AMZN
2025-11-25,229.6699981689453,230.52000427246094,223.8000030517578,226.3800048828125,39379300,AMZN
2025-11-26,229.16000366210938,231.75,228.77000427246094,230.74000549316406,38497900,AMZN
2025-11-28,233.22000122070312,233.2899932861328,230.22000122070312,231.24000549316406,20292300,AMZN
2025-12-01,233.8800048828125,235.8000030517578,232.25,233.22000122070312,42904000,AMZN
2025-12-02,234.4199981689453,238.97000122070312,233.5500030517578,235.00999450683594,45785400,AMZN
2025-12-03,232.3800048828125,233.3800048828125,230.61000061035156,233.35000610351562,35495100,AMZN
2025-12-04,229.11000061035156,233.5,226.8000030517578,232.77000427246094,45683200,AMZN
2025-12-05,229.52999877929688,231.24000549316406,228.5500030517578,230.32000732421875,33117400,AMZN
2025-12-08,226.88999938964844,230.8300018310547,226.27000427246094,229.58999633789062,35019200,AMZN
2025-12-09,227.9199981689453,228.57000732421875,225.11000061035156,226.83999633789062,25841700,AMZN
2025-12-10,231.77999877929688,232.4199981689453,228.4600067138672,228.80999755859375,38790700,AMZN
2025-12-11,230.27999877929688,232.11000061035156,228.69000244140625,230.7100067138672,28249600,AMZN
2025-12-12,226.19000244140625,230.0800018310547,225.1199951171875,229.8699951171875,35639100,AMZN
2025-12-15,222.5399932861328,227.92999267578125,221.5,227.92999267578125,47286100,AMZN
2025-12-16,222.55999755859375,223.66000366210938,221.1300048828125,223.0399932861328,39298900,AMZN
2025-12-17,221.27000427246094,225.19000244140625,220.99000549316406,224.66000366210938,44034400,AMZN
2025-12-18,226.75999450683594,229.22999572753906,224.41000366210938,225.7100067138672,50272400,AMZN
2025-12-19,227.35000610351562,229.1300048828125,225.5800018310547,226.75999450683594,85544400,AMZN
2025-12-22,228.42999267578125,229.47999572753906,226.7100067138672,228.61000061035156,32261300,AMZN
2025-12-23,232.13999938964844,232.4499969482422,228.72999572753906,229.05999755859375,29230200,AMZN
2025-12-24,232.3800048828125,232.9499969482422,231.3300018310547,232.1300048828125,11420500,AMZN
2025-12-26,232.52000427246094,232.99000549316406,231.17999267578125,232.0399932861328,15994700,AMZN
2025-12-29,232.07000732421875,232.60000610351562,230.77000427246094,231.94000244140625,19797900,AMZN
2025-12-30,232.52999877929688,232.77000427246094,230.1999969482422,231.2100067138672,21910500,AMZN
2025-12-31,230.82000732421875,232.99000549316406,230.1199951171875,232.91000366210938,24383700,AMZN
2026-01-02,226.5,235.4600067138672,224.6999969482422,231.33999633789062,51456200,AMZN
2026-01-05,233.05999755859375,234.0,227.17999267578125,228.83999633789062,49733300,AMZN
2026-01-06,240.92999267578125,243.17999267578125,232.07000732421875,232.10000610351562,53764700,AMZN
2026-01-07,241.55999755859375,245.2899932861328,239.52000427246094,239.61000061035156,42236500,AMZN
2026-01-08,246.2899932861328,246.41000366210938,241.8800048828125,243.05999755859375,39509800,AMZN
2026-01-09,247.3800048828125,247.86000061035156,242.24000549316406,244.57000732421875,34560000,AMZN
2026-01-12,246.47000122070312,248.94000244140625,245.9600067138672,246.72999572753906,35867800,AMZN
2026-01-13,242.60000610351562,247.66000366210938,240.25,246.52999877929688,38371800,AMZN
2026-01-14,236.64999389648438,241.27999877929688,236.22000122070312,241.14999389648438,41410600,AMZN
2026-01-15,238.17999267578125,240.64999389648438,236.6300048828125,239.30999755859375,43003600,AMZN
2026-01-16,239.1199951171875,239.57000732421875,236.41000366210938,239.08999633789062,45888300,AMZN
2026-01-20,231.0,235.08999633789062,229.33999633789062,233.75999450683594,47737900,AMZN
2026-01-21,231.30999755859375,232.3000030517578,226.8800048828125,231.08999633789062,47276100,AMZN
2026-01-22,234.33999633789062,235.72000122070312,230.89999389648438,234.0500030517578,31913300,AMZN
2026-01-23,239.16000366210938,240.4499969482422,234.57000732421875,234.9600067138672,33778500,AMZN
2026-01-26,238.4199981689453,240.9499969482422,237.5399932861328,239.97999572753906,32825500,AMZN
2026-01-27,244.67999267578125,244.8800048828125,238.0800018310547,239.69000244140625,38029200,AMZN
2026-01-28,243.00999450683594,247.77999877929688,241.52999877929688,246.3699951171875,40882700,AMZN
2026-01-29,241.72999572753906,243.0,236.74000549316406,242.82000732421875,47229600,AMZN
2026-01-30,239.3000030517578,243.32000732421875,237.63999938964844,239.88999938964844,46585000,AMZN
2026-02-02,242.9600067138672,245.6300048828125,238.1699981689453,238.30999755859375,37546100,AMZN
2026-02-03,238.6199951171875,246.35000610351562,235.4499969482422,244.97999572753906,53831300,AMZN
2026-02-04,232.99000549316406,238.86000061035156,231.82000732421875,238.86000061035156,51299900,AMZN
2026-02-05,222.69000244140625,226.30999755859375,220.3800048828125,224.91000366210938,103509200,AMZN
2026-02-06,210.32000732421875,211.44000244140625,200.30999755859375,202.6999969482422,179210900,AMZN
2026-02-09,208.72000122070312,212.80999755859375,203.35000610351562,208.97000122070312,91178400,AMZN
2026-02-10,206.9600067138672,212.64999389648438,206.41000366210938,208.8000030517578,67175000,AMZN
2026-02-11,204.0800018310547,208.57000732421875,202.49000549316406,208.05999755859375,65545500,AMZN
2026-02-12,199.60000610351562,203.9600067138672,197.55999755859375,203.9600067138672,83975400,AMZN
2026-02-13,198.7899932861328,201.16000366210938,197.27999877929688,198.8800048828125,66321600,AMZN
2026-02-17,201.14999389648438,201.74000549316406,196.0,198.1300048828125,69879200,AMZN
2026-02-18,204.7899932861328,206.86000061035156,201.50999450683594,202.07000732421875,51003300,AMZN
2026-02-19,204.86000061035156,205.63999938964844,202.80999755859375,203.8000030517578,35669600,AMZN
2026-02-20,210.11000061035156,211.1699981689453,203.75,204.75999450683594,65881600,AMZN
2026-02-23,205.27000427246094,208.42999267578125,203.11000061035156,208.10000610351562,53581500,AMZN
2026-02-24,208.55999755859375,210.36000061035156,203.25,205.47000122070312,41137200,AMZN
2026-02-25,210.63999938964844,211.58999633789062,208.92999267578125,210.4600067138672,41346400,AMZN
2026-02-26,207.9199981689453,211.0500030517578,205.35000610351562,210.72999572753906,47756800,AMZN
2026-02-27,210.0,210.3300018310547,205.1999969482422,206.8300018310547,57422800,AMZN
2026-03-02,208.38999938964844,209.72999572753906,203.4600067138672,204.5500030517578,46001000,AMZN
2026-03-03,208.72999572753906,209.17999267578125,202.47999572753906,203.10000610351562,43184900,AMZN
2026-03-04,216.82000732421875,217.5399932861328,210.14999389648438,210.47000122070312,54731100,AMZN
2026-03-05,218.94000244140625,220.47000122070312,215.58999633789062,215.97999572753906,60943400,AMZN
2026-03-06,213.2100067138672,217.32000732421875,212.52999877929688,214.99000549316406,51152700,AMZN
2026-03-09,213.49000549316406,213.82000732421875,207.11000061035156,210.4499969482422,54642900,AMZN
2026-03-10,214.3300018310547,215.64999389648438,212.42999267578125,214.19000244140625,35678800,AMZN
2026-03-11,212.64999389648438,217.0,211.35000610351562,215.7100067138672,34199300,AMZN
2026-03-12,209.52999877929688,211.7100067138672,208.14999389648438,210.38999938964844,44349500,AMZN
2026-03-13,207.6699981689453,210.55999755859375,206.22000122070312,209.61000061035156,35662100,AMZN
2026-03-16,211.74000549316406,212.72000122070312,207.4499969482422,208.35000610351562,42209300,AMZN
2026-03-17,215.1999969482422,215.6999969482422,212.42999267578125,212.82000732421875,44969900,AMZN
2026-03-18,209.8699951171875,215.13999938964844,208.8300018310547,213.92999267578125,37846600,AMZN
2026-03-19,208.75999450683594,209.1199951171875,206.0500030517578,207.05999755859375,36440600,AMZN
2026-03-20,205.3699951171875,207.5399932861328,204.32000732421875,207.39999389648438,63694600,AMZN
2026-03-23,210.13999938964844,212.8000030517578,209.50999450683594,209.7899932861328,44277400,AMZN
2026-03-24,207.24000549316406,209.35000610351562,206.63999938964844,207.9499969482422,35351400,AMZN
2026-03-25,211.7100067138672,213.07000732421875,209.89999389648438,211.55999755859375,36388800,AMZN
2026-03-26,207.5399932861328,212.88999938964844,207.1199951171875,210.61000061035156,46746000,AMZN
2026-03-27,199.33999633789062,206.60000610351562,199.13999938964844,206.4600067138672,56009800,AMZN
2026-03-30,200.9499969482422,203.8000030517578,199.97999572753906,201.47999572753906,46373800,AMZN
2026-03-31,208.27000427246094,210.27999877929688,204.13999938964844,204.85000610351562,58470100,AMZN
2026-04-01,210.57000732421875,213.5800018310547,208.19000244140625,210.44000244140625,45955400,AMZN
2026-04-02,209.77000427246094,212.2100067138672,204.89999389648438,206.5399932861328,31453000,AMZN
2026-04-06,212.7899932861328,212.9499969482422,209.58999633789062,209.8000030517578,25385500,AMZN
2026-04-07,213.77000427246094,213.97000122070312,209.0800018310547,211.24000549316406,28154600,AMZN
2026-04-08,221.25,226.10000610351562,219.6199951171875,223.7899932861328,51092700,AMZN
2026-04-09,233.64999389648438,233.8000030517578,223.27000427246094,225.22999572753906,65964200,AMZN
2026-04-10,238.3800048828125,240.42999267578125,235.2100067138672,235.3000030517578,56912800,AMZN
2026-04-13,239.88999938964844,240.0,235.75,237.4499969482422,42166200,AMZN
2026-04-14,249.02000427246094,252.17999267578125,241.77999877929688,241.77999877929688,72685000,AMZN
2026-04-15,248.5,250.44000244140625,247.1999969482422,249.25,43045200,AMZN
2026-04-16,249.6999969482422,250.0,244.1999969482422,248.50999450683594,41895700,AMZN
2026-04-17,250.55999755859375,256.17999267578125,250.11000061035156,254.99000549316406,52029300,AMZN
2026-04-20,248.27999877929688,250.17999267578125,245.3699951171875,249.19000244140625,39463100,AMZN
2026-04-21,249.91000366210938,255.08999633789062,249.10000610351562,255.08999633789062,42922400,AMZN
2026-04-22,255.36000061035156,255.94000244140625,250.3300018310547,252.44000244140625,36065100,AMZN
2026-04-23,255.0800018310547,258.7900085449219,253.07000732421875,255.38999938964844,39091400,AMZN
2026-04-24,263.989990234375,264.5,257.69000244140625,259.9800109863281,53777400,AMZN
2026-04-27,261.1199951171875,264.1499938964844,260.3399963378906,263.4599914550781,44906800,AMZN
2026-04-28,259.70001220703125,261.0299987792969,256.6300048828125,258.3900146484375,42204400,AMZN
2026-04-29,263.0400085449219,265.9100036621094,257.70001220703125,257.989990234375,72367900,AMZN
2026-04-30,265.05999755859375,273.8800048828125,256.1600036621094,273.1700134277344,100974900,AMZN
2026-05-01,268.260009765625,273.32000732421875,262.739990234375,265.5799865722656,50825200,AMZN
2026-05-04,272.04998779296875,276.1000061035156,268.79998779296875,268.79998779296875,49083700,AMZN
2026-05-05,273.54998779296875,278.55999755859375,272.3800048828125,276.0799865722656,41908500,AMZN
2026-05-06,274.989990234375,277.79998779296875,272.2099914550781,272.8900146484375,44552000,AMZN
2026-05-07,271.1700134277344,276.6300048828125,270.489990234375,275.0199890136719,35892900,AMZN
2026-05-08,272.67999267578125,274.0,269.95001220703125,271.6300048828125,34732700,AMZN
2026-05-11,268.989990234375,273.6300048828125,268.4800109863281,269.8399963378906,38176700,AMZN
2026-05-12,265.82000732421875,267.6499938964844,262.6300048828125,266.7099914550781,36776200,AMZN
2026-05-13,270.1300048828125,270.7200012207031,263.20001220703125,264.42999267578125,39670900,AMZN
2026-05-14,267.2200012207031,270.7799072265625,266.6300048828125,269.1499938964844,29206139,AMZN
2025-05-15,641.8775634765625,655.2657894050994,636.5940584364806,652.2452442251054,14341800,META
2025-05-16,638.3485107421875,638.448175394899,624.2026405076157,635.9759078924747,18519000,META
2025-05-19,638.438232421875,641.0002469311114,625.8475073073743,626.2961199602966,9592400,META
2025-05-20,635.1185913085938,637.3615937967512,630.2936778074568,634.0320152877193,6743500,META
2025-05-21,633.5235595703125,644.5989922480402,628.2101191307713,629.8250759728282,11464600,META
2025-05-22,634.5902099609375,641.2494271811771,628.7484497588706,632.078027946325,8228400,META
2025-05-23,625.1097412109375,630.4829920563529,620.7134837844421,622.0592607315479,8454100,META
2025-05-27,640.3223266601562,641.0799727179783,630.7820830337338,633.4337833907804,9508400,META
2025-05-28,641.5784301757812,648.8557144048555,640.5516043549418,640.6014366817531,9042900,META
2025-05-29,643.0438232421875,651.2881222551338,637.5110964196524,649.6233331448041,8858800,META
2025-05-30,645.4762573242188,647.3902689717587,630.8120452521741,640.501786260345,16241000,META
2025-06-02,668.8134765625,671.166122188044,642.256314296396,642.3859148545713,15766300,META
2025-06-03,664.7760620117188,673.4789529536675,662.9617757833167,669.3617924489035,11585000,META
2025-06-04,685.8104248046875,686.857147039673,666.4906935079915,667.238360939457,14031900,META
2025-06-05,682.4907836914062,692.2204392102127,680.1281594087234,689.5088669424362,13083100,META
2025-06-06,695.5401000976562,700.6242144400436,689.7182360915449,694.0048506531133,11728000,META
2025-06-09,691.9014892578125,702.9968801187655,691.7818673222771,696.2878297119079,12773200,META
2025-06-10,700.2155151367188,701.0428899746662,689.4092014623567,699.1687320280228,10850100,META
2025-06-11,691.981201171875,706.6653705943312,689.8378634515371,701.5214452489874,9582500,META
2025-06-12,691.2035522460938,693.2172892731859,684.8633472153633,691.143741287137,7322700,META
2025-06-13,680.7462158203125,692.409840070813,678.8920151692206,685.8104336581752,9274400,META
2025-06-16,700.4749145507812,705.4931583928874,691.8851025594383,697.6914734952734,13720300,META
2025-06-17,695.5963745117188,704.3158869977019,694.4291328649981,700.3552179138009,10066100,META
2025-06-18,694.1398315429688,699.9462025997926,693.2718748228809,696.5441581244662,10068300,META
2025-06-20,680.7511596679688,700.1755711266569,677.0797895921414,699.10807093925,22538600,META
2025-06-23,696.8933715820312,697.4121118139869,677.1596869463602,682.0881149489193,11080100,META
2025-06-24,710.5313110351562,711.5189816994163,700.4649253469852,703.2384409706419,13823200,META
2025-06-25,707.0194702148438,714.9009839215107,703.7272146901875,711.6486127508716,9320400,META
2025-06-26,724.3887329101562,726.5136861086672,709.3839340058294,712.686175943774,13964800,META
2025-06-27,731.9111328125,733.7069032905775,724.1593181930845,724.8178059334097,18775700,META
2025-06-30,736.3606567382812,746.1476691378697,732.5296271967599,742.8054817668852,15402100,META
2025-07-01,717.5348510742188,736.0214648412638,713.6938959127618,735.1535081071979,13431200,META
2025-07-02,711.8980712890625,718.6122830220947,711.1298559583659,713.6539572494278,9336700,META
2025-07-03,717.3253784179688,727.3219211703462,712.7461059372963,724.9075473573512,8601700,META
2025-07-07,716.6668701171875,725.29662738586,711.8382444141125,715.9186273791692,9457100,META
2025-07-08,718.9814453125,721.2161872254258,713.1351899702655,719.8793609595846,7770700,META
2025-07-09,731.0631103515625,735.8019810021477,721.0266226856489,721.0266226856489,11418000,META
2025-07-10,725.5360107421875,734.0759515650559,717.9138972384281,729.8359096434607,9913600,META
2025-07-11,715.8289184570312,723.4609583411119,708.037219345619,720.807217385224,10873900,META
2025-07-14,719.2308349609375,726.2942632522581,714.8710789388857,715.9186065632238,8939400,META
2025-07-15,708.7255249023438,722.7724907094275,708.1568531421487,722.2038798413794,11529500,META
2025-07-16,701.2630004882812,712.2970836136572,697.6315755690009,711.6985138171127,13067600,META
2025-07-17,699.7665405273438,704.2460714207873,695.4766277838654,702.7395996705828,11803300,META
2025-07-18,702.6298828125,703.0588680042227,690.0294703606638,700.5447529444856,12779800,META
2025-07-21,711.2994384765625,715.3200251684316,704.1063709182977,705.1439122135475,9404400,META
2025-07-22,703.1586303710938,714.9209845240272,699.7665722015134,714.5119719450398,8921100,META
2025-07-23,711.9080810546875,712.9556086996904,703.2783238666914,704.7149523459423,8771600,META
2025-07-24,713.125244140625,721.9245865914077,712.3271306824367,715.3699724936158,10920800,META
2025-07-25,711.0101318359375,718.9614892126135,710.2319910963464,715.2401874661052,8271700,META
2025-07-28,715.9485473632812,723.0418735196432,711.010133382621,713.5242483310619,8715700,META
2025-07-29,698.35986328125,722.7724995594365,698.270047363426,718.3130022321428,13267000,META
2025-07-30,693.5811157226562,706.8399547738821,689.5805015781577,706.4309422136296,27077300,META
2025-07-31,771.6278076171875,782.9113054874113,763.7163951695271,773.3836936232736,38831100,META
2025-08-01,748.2527465820312,764.2052724882252,743.5637464392476,758.9476005405788,19028700,META
2025-08-04,774.5509643554688,775.029820232538,756.6330226185955,758.2193240496142,15801700,META
2025-08-05,761.6712036132812,781.2950989411861,761.212259491104,774.6307577641016,11640300,META
2025-08-06,770.18115234375,771.8273106109475,758.678199773599,768.1958248249329,9733900,META
2025-08-07,760.0449829101562,773.1841074016191,757.7702959207965,771.6776357205837,9019700,META
2025-08-08,767.4974975585938,768.0961282780016,756.8026440305783,760.9628565603988,7320800,META
2025-08-11,764.0755615234375,771.6478049440495,762.8783609453131,768.2757194135389,7612000,META
2025-08-12,788.1489868164062,791.8103707559926,770.6201469797736,771.1888187456735,14563100,META
2025-08-13,778.2523193359375,793.5962894533881,776.4066172801486,789.2963900548351,8811800,META
2025-08-14,780.2974243164062,785.9641084064921,770.6999694623344,776.0573823379099,8116200,META
2025-08-15,783.3901977539062,794.3843975355859,778.9905571139482,782.3127720209482,13375400,META
2025-08-18,765.572021484375,773.9922487170201,754.7873521125813,773.2739649293972,16513700,META
2025-08-19,749.7192993164062,765.3725408429555,747.6042712449723,765.3226701689615,12286700,META
2025-08-20,745.968017578125,748.4422481947564,729.2872227778392,745.8184055724877,11898200,META
2025-08-21,737.3682250976562,743.7532539146816,731.392269728463,742.965126847803,8876300,META
2025-08-22,753.021484375,755.1265868650723,732.6693186706706,737.4979443181139,10612700,META
2025-08-25,751.5350341796875,757.1019774988098,748.372478420576,753.0514923621954,6861200,META
2025-08-26,752.3331298828125,753.1013452690629,746.187589469264,749.0408739151204,7601800,META
2025-08-27,745.62890625,752.3830637406979,741.0995653139147,750.5373617239242,8315400,META
2025-08-28,749.3501586914062,751.2856157691724,739.0643171271723,742.2568318080029,7468000,META
2025-08-29,736.96923828125,745.3894657992533,733.6270507950396,743.5338383928589,9070500,META
2025-09-02,733.3875732421875,734.2755025264773,720.0389186102121,724.3388175548104,9350900,META
2025-09-03,735.3230590820312,738.5155735710689,732.2702311831985,734.2755314397929,7699300,META
2025-09-04,746.8959350585938,759.3765729399474,744.0725487076684,746.8161054490425,11439100,META
2025-09-05,750.68701171875,756.1741251448537,743.2844139282448,750.8565963566639,9663400,META
2025-09-08,750.537353515625,764.7140814935753,750.2580412178338,754.2286966166499,13087800,META
2025-09-09,763.9059448242188,764.5045146420852,751.6646744655906,755.715159278882,10999000,META
2025-09-10,750.2180786132812,763.9059640843684,749.2403942554,763.3372922969834,12478300,META
2025-09-11,749.1406860351562,755.3261108896929,746.6165845282627,752.8818998869256,7923300,META
2025-09-12,753.8196411132812,755.7949823874058,742.0173423532742,746.9756681630587,8248600,META
2025-09-15,762.9083251953125,772.2563664766384,750.2280827190908,755.6952236302711,10533800,META
2025-09-16,777.1748046875,779.5292605984961,763.3073480005289,765.2029206615051,11782500,META
2025-09-17,773.9024658203125,781.4547366857648,764.5145401578408,778.16248073438,9400900,META
2025-09-18,778.4218139648438,786.9318567440129,771.5479431530769,778.9206424262118,10955000,META
2025-09-19,776.5562744140625,788.9471575257752,767.3878039844694,784.5774149162842,23696800,META
2025-09-22,763.8824462890625,784.4181095052566,763.1935958899483,780.5445827585347,11706900,META
2025-09-23,754.1387939453125,769.3133669851754,749.8160063356215,767.9656453445465,10872600,META
2025-09-24,759.3899536132812,759.8392144671293,751.2735837511626,756.2352564498105,8828200,META
2025-09-25,747.6595458984375,755.5064686568031,743.3068402529434,752.1920046258563,10591100,META
2025-09-26,742.5081787109375,750.6745134518627,736.1188402620083,748.7477432379202,9696300,META
2025-09-29,742.1588134765625,749.5264964028529,737.9159094495395,747.4698773667765,9246800,META
2025-09-30,733.15380859375,741.729431724798,725.0872827303901,741.0106631587118,16226800,META
2025-10-01,716.142333984375,720.6447527663656,709.0142405229949,720.2853684573676,20419600,META
2025-10-02,725.8360595703125,726.5548890984803,716.9409630753169,721.3735522103992,11415300,META
2025-10-03,709.3735961914062,729.7794705550638,708.9942257916973,728.4117628788885,16154300,META
2025-10-06,714.465087890625,715.6830826309072,689.3571155710283,704.0125981338592,21654700,META
2025-10-07,711.889404296875,717.3003375901077,704.5716259627259,716.5216106896504,12062900,META
2025-10-08,716.6414794921875,718.4484549738279,706.6281969142439,712.2587946669486,10790600,META
2025-10-09,732.2852783203125,732.2852783203125,711.2504512938121,717.0807271377935,12717200,META
2025-10-10,704.1223754882812,734.0423674154782,703.333716456913,729.6995938834806,16980100,META
2025-10-13,714.5050048828125,718.7379155876384,706.4584651360833,711.8194939498104,9251800,META
2025-10-14,707.4668579101562,714.3553010671379,698.1624113283383,706.5983153422467,8829800,META
2025-10-15,716.3519287109375,722.6913629779451,708.3253746524584,715.8627565899488,10246800,META
2025-10-16,710.881103515625,724.2786798244232,702.7047754671785,716.3519343648386,9017000,META
2025-10-17,715.7229614257812,717.3402516818879,704.9410060739878,705.8994251244851,12232400,META
2025-10-20,730.947509765625,732.5448748734839,718.9775387090459,719.9858621042338,8900200,META
2025-10-21,732.0457153320312,737.2669635645257,727.5332426508437,734.7911237948646,7647300,META
2025-10-22,732.1854248046875,739.3634223567747,722.8211423130082,732.6047674176828,8734500,META
2025-10-23,732.7744750976562,741.170406509876,731.8759534115667,733.4733185275871,9856000,META
2025-10-24,737.1271362304688,739.9724141089259,729.9292138570585,735.5597503675807,9151300,META
2025-10-27,749.56640625,754.4881675999588,746.7611003830549,748.4781993498117,11321100,META
2025-10-28,750.1853637695312,757.1337649704751,744.2752651341964,751.3733793283152,12193800,META
2025-10-29,750.4149780273438,757.8924628078227,741.2702985772319,753.4898526523095,26818600,META
2025-10-30,665.357177734375,679.8230352249238,649.0844057389726,668.0327566076506,88440100,META
2025-10-31,647.2674560546875,673.7631824593219,644.4921293755289,673.383812052831,56953200,META
2025-11-03,636.645263671875,658.2291607688485,635.1177890022415,654.90470367213,33003600,META
2025-11-04,626.2725830078125,640.6684891460408,624.9647727272926,626.9913515895119,27356600,META
2025-11-05,634.88818359375,641.1576663615418,625.4938610947797,631.2542465797685,20219900,META
2025-11-06,617.9065551757812,634.938067569805,616.9681222612256,634.7882936522686,23628800,META
2025-11-07,620.6719360351562,621.0912176885568,600.1961723842201,615.4606203242017,29946800,META
2025-11-10,630.7051391601562,633.9397194755629,617.0779066438014,630.0362749426478,19245000,META
2025-11-11,626.0330200195312,628.5088598168925,618.3558571038752,626.9514668906089,13302200,META
2025-11-12,607.9931640625,627.939784558569,606.7552442025384,627.0812350986922,24493300,META
2025-11-13,608.8717041015625,616.6187572691151,601.993193452889,612.0463872625083,20973800,META
2025-11-14,608.4424438476562,612.6553687237855,594.2062431482154,600.7852061056304,20724100,META
2025-11-17,601.0048217773438,610.6686515784111,594.4058732487083,608.0230519623859,16501300,META
2025-11-18,596.6920776367188,602.6520806612418,582.8053290854997,590.612218909938,25500600,META
2025-11-19,589.3343505859375,594.3359951431619,580.2794874440681,592.7286370493186,24744700,META
2025-11-20,588.1663818359375,605.7069934113463,582.376016746667,602.4923987587222,20603000,META
2025-11-21,593.2578125,597.1213460929463,580.88848479756,587.517412968027,21052600,META
2025-11-24,612.0264282226562,615.6703584886146,596.6321908004635,597.7203367937327,23554900,META
2025-11-25,635.15771484375,635.9863461070595,617.2676517847817,622.9581470454041,25213000,META
2025-11-26,632.5521240234375,637.2941935276676,630.575449286631,636.6253292062765,15209500,META
2025-11-28,646.8681640625,646.9679727244463,634.4389389877349,635.0179876534709,11033200,META
2025-12-01,639.7999877929688,644.2425701847634,636.6951949252638,638.482184375183,13029900,META
2025-12-02,646.01953125,646.7882651016448,637.0046400682228,641.2675300698932,11640900,META
2025-12-03,638.5321044921875,647.766660764867,636.4855393427306,643.3340713166507,11134300,META
2025-12-04,660.4254760742188,674.9710950003275,658.9479057878542,674.8712863431018,29874600,META
2025-12-05,672.2955932617188,673.5634922785046,661.2840414153883,662.8913386215002,21207900,META
2025-12-08,665.6866455078125,675.5801331063639,663.9595535520253,668.2224435191038,13161000,META
2025-12-09,655.8630981445312,663.3705005924867,652.2491473204041,662.6617250742562,12997100,META
2025-12-10,649.0444946289062,653.4171862971667,642.3257510862366,648.8648024836247,16910900,META
2025-12-11,651.6202392578125,654.1859556266841,639.7300904007725,642.2159232785478,13056700,META
2025-12-12,643.1543579101562,709.8128965395189,637.543746077992,648.7150654102267,14016900,META
2025-12-15,646.9561157226562,652.4414097008485,638.1536544261938,645.1476664750544,15549100,META
2025-12-16,656.587890625,661.973233609148,642.6498114209788,642.9495426008936,14309100,META
2025-12-17,648.9443969726562,660.664343241777,648.644665798819,655.0491556477624,15598500,META
2025-12-18,663.881591796875,669.9863502083882,655.8984367998282,656.4679564970005,20260300,META
2025-12-19,658.2064819335938,670.4260003995075,657.6169598101359,665.8499012351181,49977100,META
2025-12-22,660.9341430664062,673.0038267300547,656.0883162216827,661.0840391473547,15659400,META
2025-12-23,664.3711547851562,665.4302455294139,657.6868755551602,659.4853234816244,8486800,META
2025-12-24,666.9789428710938,667.6084088263418,661.633543835896,661.9632786179176,5627500,META
2025-12-26,662.7225952148438,668.3777877623371,660.7543096382171,667.4885344385556,7133800,META
2025-12-29,658.1265258789062,659.6851889371151,653.8302165118,657.4471149030659,8506500,META
2025-12-30,665.3803100585938,671.6449047754843,657.2772625792347,658.1265110341435,9187500,META
2025-12-31,659.5253295898438,664.4311023248911,658.8758612620638,664.1813161961976,7940400,META
2026-01-02,649.8535766601562,663.8216588672108,642.9495146869224,662.1630447721155,13726500,META
2026-01-05,658.2264404296875,663.9715218041853,647.1959061445123,650.4531272549772,12213700,META
2026-01-06,660.0548706054688,664.9507033148827,651.3423593634897,659.0057810200069,11074400,META
2026-01-07,648.1350708007812,658.5861445899717,644.2583851266311,655.0791375151089,12846300,META
2026-01-08,645.50732421875,646.5464125947736,635.1761427603,645.3274855180696,11921700,META
2026-01-09,652.5013427734375,654.3897406244424,642.3000548798136,644.8878661181845,11634900,META
2026-01-12,641.4207763671875,653.4105105723186,640.6814191818085,651.9718010113269,14797200,META
2026-01-13,630.5501708984375,641.720599826752,623.5660991574318,641.720599826752,18030400,META
2026-01-14,614.9934692382812,627.9124008742662,614.2940558608916,625.9640568168747,15527900,META
2026-01-15,620.2689208984375,623.6360331340583,613.7045339245012,617.9508982377323,13076100,META
2026-01-16,619.7194213867188,628.5418850412981,619.5495838845379,623.6460522405506,17012500,META
2026-01-20,603.6032104492188,610.8770121629093,599.4867397151437,607.3600037753715,15169600,META
2026-01-21,612.4356689453125,617.7411240978843,599.5666821865381,606.2209580964126,14494700,META
2026-01-22,647.0759887695312,660.0049216653568,626.0140046136898,628.811597152667,21394700,META
2026-01-23,658.1964721679688,665.9198400091174,643.8987161260534,644.2184496993522,22797700,META
2026-01-26,671.7847900390625,674.7023359243682,660.7242529636108,664.5609947255355,16327400,META
2026-01-27,672.394287109375,676.2410302656567,664.0913982323968,674.0129574053085,13297400,META
2026-01-28,668.1578979492188,677.1002536346601,665.5301429727417,673.9229813666298,25709600,META
2026-01-29,737.6784057617188,743.363540655783,711.9404325537852,736.7991536844581,59852900,META
2026-01-30,715.8870849609375,731.5436633097714,712.9796010924755,726.8776752394725,23744600,META
2026-02-02,705.8056640625,720.6829408229889,702.9181827036907,713.9886602426056,14365200,META
2026-02-03,691.1082763671875,716.3866205151361,685.8227628297016,706.7648539132639,13760700,META
2026-02-04,668.417724609375,688.2407799622291,666.8890651090074,687.1416843315144,16882800,META
2026-02-05,669.63671875,680.9170392363125,652.9409906690098,663.0123852284637,17131800,META
2026-02-06,660.8941650390625,671.4151252649915,645.9469408650316,664.920685797671,18159300,META
2026-02-09,676.640625,682.7254419812133,658.2164585284562,662.6126578425271,14837500,META
2026-02-10,670.1461791992188,680.0677378888336,669.216982119095,677.0202983345941,10455800,META
2026-02-11,668.1179809570312,678.6889475196376,656.5378686274887,673.4234361526849,14323800,META
2026-02-12,649.254150390625,675.421749916193,644.7280570616384,669.3968787035581,14960100,META
2026-02-13,639.2227172851562,650.872715705495,634.0271535178357,644.5481137374378,12336400,META
2026-02-17,638.7431030273438,642.0502690775812,628.2620863630333,638.952945338547,12674700,META
2026-02-18,642.6697387695312,644.4482453696517,627.6126838179015,633.2578140286595,14649200,META
2026-02-19,644.2284545898438,646.6363661317032,636.1752909436037,638.0237449576674,10035700,META
2026-02-20,655.09912109375,662.7825455010891,638.2336163631846,639.1428111159805,14183500,META
2026-02-23,636.7048950195312,657.1374142434245,635.455964272141,651.9817939677475,8605900,META
2026-02-24,638.7531127929688,640.5615620292823,628.4419334902003,632.5384628258726,10135600,META
2026-02-25,653.1307983398438,653.3206382422114,641.5906910720822,641.9803720795121,11330700,META
2026-02-26,656.447998046875,660.4345752110744,646.9461232211356,649.9935020296807,10637700,META
2026-02-27,647.62548828125,648.8844201349368,637.5740968396581,642.8995542116262,15703000,META
2026-03-02,653.0009155273438,659.3754626922687,633.9572226725116,636.6149203669017,9816100,META
2026-03-03,654.5196533203125,658.4762268569145,638.293554979916,647.7354225434952,12263800,META
2026-03-04,667.1587524414062,672.1944798634893,657.1073609851721,657.397151925757,10810100,META
2026-03-05,660.0049438476562,670.1262833419206,649.7537106790966,661.363765843265,13341400,META
2026-03-06,644.308349609375,648.9143914185428,635.5658346648192,647.3457881163396,13159400,META
2026-03-09,646.836181640625,647.195859029807,626.2438278402449,634.2369839533108,13489700,META
2026-03-10,653.510498046875,659.7351492208539,648.444827744844,653.0009245574777,9859300,META
2026-03-11,654.2998046875,658.5561703533895,647.8053649208291,654.1999146227295,8977200,META
2026-03-12,637.6340942382812,652.9409968457168,636.355220859953,648.1950599902964,11617500,META
2026-03-13,613.1849975585938,628.6317326131165,609.0285222575777,623.3562813254467,18957600,META
2026-03-16,627.4500122070312,634.75,623.0999755859375,632.0,15134900,META
2026-03-17,622.6599731445312,636.5499877929688,621.7000122070312,627.989990234375,10348800,META
2026-03-18,615.6799926757812,622.6500244140625,614.6099853515625,616.3400268554688,11726300,META
2026-03-19,606.7000122070312,613.0,602.260009765625,612.1500244140625,13247700,META
2026-03-20,593.6599731445312,603.9600219726562,587.25,603.530029296875,21214900,META
2026-03-23,604.0599975585938,608.6400146484375,599.010009765625,605.7899780273438,13638000,META
2026-03-24,592.9199829101562,601.0,591.0,599.0999755859375,10739700,META
2026-03-25,594.8900146484375,603.6699829101562,593.4000244140625,598.739990234375,12585000,META
2026-03-26,547.5399780273438,583.0,543.3499755859375,582.489990234375,35780100,META
2026-03-27,525.719970703125,543.5999755859375,520.260009765625,540.0999755859375,30133000,META
2026-03-30,536.3800048828125,539.5499877929688,528.5399780273438,536.3800048828125,22795200,META
2026-03-31,572.1300048828125,573.6900024414062,546.77001953125,549.97998046875,32898300,META
2026-04-01,579.22998046875,592.5499877929688,573.8200073242188,580.1300048828125,23608100,META
2026-04-02,574.4600219726562,578.5,559.7000122070312,566.0399780273438,13518500,META
2026-04-06,573.02001953125,582.7899780273438,572.0,577.6900024414062,9515700,META
2026-04-07,575.0499877929688,575.22998046875,564.760009765625,572.47998046875,9580800,META
2026-04-08,612.4199829101562,629.9500122070312,591.8300170898438,606.0,32036600,META
2026-04-09,628.3900146484375,637.5,623.0,626.969970703125,19012900,META
2026-04-10,629.8599853515625,638.5800170898438,624.3300170898438,634.469970703125,13294800,META
2026-04-13,634.530029296875,635.0,624.4000244140625,629.5,9538900,META
2026-04-14,662.489990234375,666.260009765625,639.3699951171875,643.219970703125,17818000,META
2026-04-15,671.5800170898438,678.5,664.219970703125,667.0,14952600,META
2026-04-16,676.8699951171875,677.5800170898438,667.75,675.989990234375,9544800,META
2026-04-17,688.5499877929688,691.52001953125,675.1300048828125,678.5999755859375,16283500,META
2026-04-20,670.9099731445312,683.3800048828125,668.0,681.3599853515625,12534000,META
2026-04-21,668.8400268554688,676.2000122070312,667.3300170898438,671.0,8660100,META
2026-04-22,674.719970703125,678.3800048828125,669.75,674.3599853515625,9215600,META
2026-04-23,659.1500244140625,669.5599975585938,653.0499877929688,663.7000122070312,11667000,META
2026-04-24,675.030029296875,680.6699829101562,653.8400268554688,660.3200073242188,13348300,META
2026-04-27,678.6199951171875,682.5,670.8400268554688,671.0,12805200,META
2026-04-28,671.3400268554688,678.1799926757812,665.6300048828125,674.239990234375,10606800,META
2026-04-29,669.1199951171875,674.25,663.8099975585938,668.9099731445312,18947500,META
2026-04-30,611.9099731445312,620.8499755859375,600.0,619.3200073242188,52765000,META
2026-05-01,608.75,618.8800048828125,606.1099853515625,614.6900024414062,21404000,META
2026-05-04,610.4099731445312,614.0,602.75,607.9400024414062,16203900,META
2026-05-05,604.9600219726562,614.3499755859375,600.3599853515625,613.3099975585938,17171300,META
2026-05-06,612.8800048828125,619.9500122070312,598.0999755859375,601.0499877929688,19915500,META
2026-05-07,616.8099975585938,624.97998046875,613.5399780273438,614.719970703125,12307400,META
2026-05-08,609.6300048828125,616.77001953125,606.0599975585938,615.2000122070312,13557000,META
2026-05-11,598.8599853515625,604.9099731445312,598.0800170898438,604.5700073242188,15940600,META
2026-05-12,603.0,603.75,592.5999755859375,594.8200073242188,11351600,META
2026-05-13,616.6300048828125,619.9000244140625,596.6599731445312,598.8300170898438,14634400,META
2026-05-14,618.4299926757812,623.72998046875,615.0,616.125,10031286,META
2025-05-15,342.82000732421875,346.1400146484375,334.7200012207031,340.3399963378906,97882600,TSLA
2025-05-16,349.9800109863281,351.6199951171875,342.3299865722656,346.239990234375,95895700,TSLA
2025-05-19,342.0899963378906,343.0,333.3699951171875,336.29998779296875,88869900,TSLA
2025-05-20,343.82000732421875,354.989990234375,341.6300048828125,347.8699951171875,131715500,TSLA
2025-05-21,334.6199951171875,347.3500061035156,332.20001220703125,344.42999267578125,102354800,TSLA
2025-05-22,341.0400085449219,347.2699890136719,331.3900146484375,331.8999938964844,97113400,TSLA
2025-05-23,339.3399963378906,343.17999267578125,333.2099914550781,337.9200134277344,84654800,TSLA
2025-05-27,362.8900146484375,363.7900085449219,347.32000732421875,347.3500061035156,120146400,TSLA
2025-05-28,356.8999938964844,365.0,355.9100036621094,364.8399963378906,91404300,TSLA
2025-05-29,358.42999267578125,367.7099914550781,356.0,365.2900085449219,88087800,TSLA
2025-05-30,346.4599914550781,363.67999267578125,345.2900085449219,355.5199890136719,123474900,TSLA
2025-06-02,342.69000244140625,348.0199890136719,333.3299865722656,343.5,81873800,TSLA
2025-06-03,344.2699890136719,355.3999938964844,343.0400085449219,346.6000061035156,99324500,TSLA
2025-06-04,332.04998779296875,345.6000061035156,327.3299865722656,345.1000061035156,98912100,TSLA
2025-06-05,284.70001220703125,324.54998779296875,273.2099914550781,322.489990234375,287499800,TSLA
2025-06-06,295.1400146484375,305.5,291.1400146484375,298.8299865722656,164747700,TSLA
2025-06-09,308.5799865722656,309.8299865722656,281.8500061035156,285.9599914550781,140908900,TSLA
2025-06-10,326.0899963378906,327.8299865722656,310.6700134277344,314.94000244140625,151256500,TSLA
2025-06-11,326.42999267578125,335.5,322.5,334.3999938964844,122611400,TSLA
2025-06-12,319.1099853515625,332.55999755859375,316.8599853515625,323.0799865722656,105127500,TSLA
2025-06-13,325.30999755859375,332.989990234375,313.29998779296875,313.9700012207031,128964300,TSLA
2025-06-16,329.1300048828125,332.04998779296875,326.4100036621094,331.2900085449219,83925900,TSLA
2025-06-17,316.3500061035156,327.260009765625,314.739990234375,326.0899963378906,88282700,TSLA
2025-06-18,322.04998779296875,329.32000732421875,315.45001220703125,317.30999755859375,95137700,TSLA
2025-06-20,322.1600036621094,332.3599853515625,317.7799987792969,327.95001220703125,108688000,TSLA
2025-06-23,348.67999267578125,357.5400085449219,327.4800109863281,327.5400085449219,190716800,TSLA
2025-06-24,340.4700012207031,356.260009765625,340.44000244140625,356.1700134277344,114736200,TSLA
2025-06-25,327.54998779296875,343.0,320.3999938964844,342.70001220703125,119845100,TSLA
2025-06-26,325.7799987792969,331.04998779296875,323.6099853515625,324.6099853515625,80440900,TSLA
2025-06-27,323.6300048828125,329.3399963378906,317.5,324.510009765625,89067000,TSLA
2025-06-30,317.6600036621094,325.5799865722656,316.6000061035156,319.8999938964844,76695100,TSLA
2025-07-01,300.7099914550781,305.8900146484375,293.2099914550781,298.4599914550781,145085700,TSLA
2025-07-02,315.6499938964844,316.8299865722656,303.82000732421875,312.6300048828125,119483700,TSLA
2025-07-03,315.3500061035156,318.45001220703125,312.760009765625,317.989990234375,58042300,TSLA
2025-07-07,293.94000244140625,296.1499938964844,288.7699890136719,291.3699951171875,131177900,TSLA
2025-07-08,297.80999755859375,304.04998779296875,294.3500061035156,297.0,103246700,TSLA
2025-07-09,295.8800048828125,300.1499938964844,293.54998779296875,297.54998779296875,75586800,TSLA
2025-07-10,309.8699951171875,310.4800109863281,300.0,300.04998779296875,104365300,TSLA
2025-07-11,313.510009765625,314.0899963378906,305.6499938964844,307.8900146484375,79236400,TSLA
2025-07-14,316.8999938964844,322.6000061035156,312.6700134277344,317.7300109863281,78043400,TSLA
2025-07-15,310.7799987792969,321.20001220703125,310.5,319.67999267578125,77556300,TSLA
2025-07-16,321.6700134277344,323.5,312.6199951171875,312.79998779296875,97284800,TSLA
2025-07-17,319.4100036621094,324.3399963378906,317.05999755859375,323.1499938964844,73922900,TSLA
2025-07-18,329.6499938964844,330.8999938964844,321.4200134277344,321.6600036621094,94255000,TSLA
2025-07-21,328.489990234375,338.0,326.8800048828125,334.3999938964844,75768800,TSLA
2025-07-22,332.1099853515625,335.4100036621094,321.54998779296875,329.739990234375,77370400,TSLA
2025-07-23,332.55999755859375,336.20001220703125,328.6700134277344,330.8999938964844,92553800,TSLA
2025-07-24,305.29998779296875,310.1499938964844,300.4100036621094,310.0,156966000,TSLA
2025-07-25,316.05999755859375,323.6300048828125,308.010009765625,308.739990234375,148227000,TSLA
2025-07-28,325.5899963378906,330.489990234375,315.69000244140625,318.45001220703125,112673800,TSLA
2025-07-29,321.20001220703125,326.25,318.25,325.54998779296875,87358900,TSLA
2025-07-30,319.0400085449219,324.45001220703125,311.6199951171875,322.17999267578125,83931900,TSLA
2025-07-31,308.2699890136719,321.3699951171875,306.1000061035156,319.6099853515625,85270900,TSLA
2025-08-01,302.6300048828125,309.30999755859375,297.82000732421875,306.2099914550781,89121400,TSLA
2025-08-04,309.260009765625,312.1199951171875,303.0,309.0799865722656,78683900,TSLA
2025-08-05,308.7200012207031,312.45001220703125,305.5,308.95001220703125,57961300,TSLA
2025-08-06,319.9100036621094,320.4700012207031,306.92999267578125,307.8900146484375,78523600,TSLA
2025-08-07,322.2699890136719,322.3999938964844,316.1600036621094,319.7900085449219,66658700,TSLA
2025-08-08,329.6499938964844,335.1499938964844,320.9800109863281,321.42999267578125,91200300,TSLA
2025-08-11,339.0299987792969,346.6400146484375,334.1499938964844,335.0,105320200,TSLA
2025-08-12,340.8399963378906,345.260009765625,332.94000244140625,345.0,80522100,TSLA
2025-08-13,339.3800048828125,348.9800109863281,338.20001220703125,341.5,67838900,TSLA
2025-08-14,335.5799865722656,340.4700012207031,330.3999938964844,335.760009765625,75000700,TSLA
2025-08-15,330.55999755859375,339.29998779296875,327.0199890136719,337.6600036621094,74319800,TSLA
2025-08-18,335.1600036621094,336.2699890136719,329.5899963378906,329.6199951171875,56956600,TSLA
2025-08-19,329.30999755859375,340.54998779296875,327.8500061035156,335.7900085449219,75956000,TSLA
2025-08-20,323.8999938964844,331.3699951171875,314.6000061035156,329.2200012207031,77481800,TSLA
2025-08-21,320.1099853515625,324.8999938964844,318.67999267578125,322.0799865722656,55744400,TSLA
2025-08-22,340.010009765625,340.25,319.69000244140625,321.6600036621094,94016300,TSLA
2025-08-25,346.6000061035156,349.5299987792969,335.0299987792969,338.8999938964844,86670000,TSLA
2025-08-26,351.6700134277344,351.8999938964844,343.7200012207031,344.92999267578125,76651600,TSLA
2025-08-27,349.6000061035156,355.3900146484375,349.1600036621094,351.94000244140625,65519000,TSLA
2025-08-28,345.9800109863281,353.54998779296875,340.260009765625,350.9100036621094,67903200,TSLA
2025-08-29,333.8699951171875,348.75,331.70001220703125,347.2300109863281,81145700,TSLA
2025-09-02,329.3599853515625,333.3299865722656,325.6000061035156,328.2300109863281,58392000,TSLA
2025-09-03,334.0899963378906,343.3299865722656,328.510009765625,335.20001220703125,88733300,TSLA
2025-09-04,338.5299987792969,338.8900146484375,331.4800109863281,336.1499938964844,60711000,TSLA
2025-09-05,350.8399963378906,355.8699951171875,344.67999267578125,348.0,108989800,TSLA
2025-09-08,346.3999938964844,358.44000244140625,344.8399963378906,354.6400146484375,75208300,TSLA
2025-09-09,346.9700012207031,350.7699890136719,343.82000732421875,348.44000244140625,53816000,TSLA
2025-09-10,347.7900085449219,356.3299865722656,346.07000732421875,350.54998779296875,72121700,TSLA
2025-09-11,368.80999755859375,368.989990234375,347.6000061035156,350.1700134277344,103756000,TSLA
2025-09-12,395.94000244140625,396.69000244140625,370.239990234375,370.94000244140625,168156400,TSLA
2025-09-15,410.0400085449219,425.70001220703125,402.42999267578125,423.1300048828125,163823700,TSLA
2025-09-16,421.6199951171875,423.25,411.42999267578125,414.5,104285700,TSLA
2025-09-17,425.8599853515625,428.30999755859375,409.6700134277344,415.75,106133500,TSLA
2025-09-18,416.8500061035156,432.2200012207031,416.55999755859375,428.8699951171875,90454500,TSLA
2025-09-19,426.07000732421875,429.4700012207031,421.7200012207031,421.82000732421875,93131000,TSLA
2025-09-22,434.2099914550781,444.9800109863281,429.1300048828125,431.1099853515625,97108800,TSLA
2025-09-23,425.8500061035156,440.9700012207031,423.7200012207031,439.8800048828125,83422700,TSLA
2025-09-24,442.7900085449219,444.2099914550781,429.0299987792969,429.8299865722656,93133600,TSLA
2025-09-25,423.3900146484375,435.3500061035156,419.0799865722656,435.239990234375,96746400,TSLA
2025-09-26,440.3999938964844,440.4700012207031,421.0199890136719,428.29998779296875,101628200,TSLA
2025-09-29,443.2099914550781,450.9800109863281,439.5,444.3500061035156,79491500,TSLA
2025-09-30,444.7200012207031,445.0,433.1199951171875,441.5199890136719,74358000,TSLA
2025-10-01,459.4599914550781,462.2900085449219,440.75,443.79998779296875,98122300,TSLA
2025-10-02,436.0,470.75,435.57000732421875,470.5400085449219,137009000,TSLA
2025-10-03,429.8299865722656,446.7699890136719,416.5799865722656,443.2900085449219,133188200,TSLA
2025-10-06,453.25,453.54998779296875,436.69000244140625,440.75,85324900,TSLA
2025-10-07,433.0899963378906,452.67999267578125,432.45001220703125,447.82000732421875,102296100,TSLA
2025-10-08,438.69000244140625,441.3299865722656,425.2300109863281,437.57000732421875,71192100,TSLA
2025-10-09,435.5400085449219,436.3500061035156,426.17999267578125,431.80999755859375,69339900,TSLA
2025-10-10,413.489990234375,443.1300048828125,411.45001220703125,436.5400085449219,112107900,TSLA
2025-10-13,435.8999938964844,436.8900146484375,419.70001220703125,423.5299987792969,79552800,TSLA
2025-10-14,429.239990234375,434.20001220703125,417.8599853515625,426.7900085449219,72669400,TSLA
2025-10-15,435.1499938964844,440.510009765625,426.3299865722656,434.8999938964844,71558200,TSLA
2025-10-16,428.75,439.3500061035156,421.30999755859375,434.7300109863281,77189900,TSLA
2025-10-17,439.30999755859375,441.4599914550781,423.6000061035156,425.5,89331600,TSLA
2025-10-20,447.42999267578125,449.79998779296875,440.6099853515625,443.8699951171875,63719000,TSLA
2025-10-21,442.6000061035156,449.29998779296875,442.04998779296875,445.760009765625,54412200,TSLA
2025-10-22,438.9700012207031,445.5400085449219,429.0,443.45001220703125,84023500,TSLA
2025-10-23,448.9800109863281,449.3999938964844,413.8999938964844,420.0,126709800,TSLA
2025-10-24,433.7200012207031,451.67999267578125,430.1700134277344,446.8299865722656,94727800,TSLA
2025-10-27,452.4200134277344,460.1600036621094,438.69000244140625,439.9800109863281,105867500,TSLA
2025-10-28,460.54998779296875,467.0,451.6000061035156,454.7799987792969,80185700,TSLA
2025-10-29,461.510009765625,465.70001220703125,452.6499938964844,462.5,67983500,TSLA
2025-10-30,440.1000061035156,455.05999755859375,439.6099853515625,451.04998779296875,72447900,TSLA
2025-10-31,456.55999755859375,458.0,443.69000244140625,446.75,83135800,TSLA
2025-11-03,468.3699951171875,474.07000732421875,453.79998779296875,455.989990234375,84595200,TSLA
2025-11-04,444.260009765625,460.2200012207031,443.6000061035156,454.4599914550781,87756600,TSLA
2025-11-05,462.07000732421875,466.3299865722656,440.7099914550781,452.04998779296875,85573000,TSLA
2025-11-06,445.9100036621094,467.45001220703125,435.0899963378906,461.9599914550781,109622900,TSLA
2025-11-07,429.5199890136719,439.3599853515625,421.8800048828125,437.9200134277344,103471500,TSLA
2025-11-10,445.2300109863281,449.6700134277344,433.3599853515625,439.6000061035156,76515900,TSLA
2025-11-11,439.6199951171875,442.489990234375,432.3599853515625,439.3999938964844,60533200,TSLA
2025-11-12,430.6000061035156,442.3299865722656,426.55999755859375,442.1499938964844,58513500,TSLA
2025-11-13,401.989990234375,424.5,396.3399963378906,423.1300048828125,118948000,TSLA
2025-11-14,404.3500061035156,412.19000244140625,382.7799987792969,386.29998779296875,105506700,TSLA
2025-11-17,408.9200134277344,423.9599914550781,398.739990234375,398.739990234375,102214300,TSLA
2025-11-18,401.25,408.8999938964844,393.7099914550781,405.3800048828125,80688600,TSLA
2025-11-19,403.989990234375,411.7799987792969,398.5,406.17999267578125,72047700,TSLA
2025-11-20,395.2300109863281,428.94000244140625,394.739990234375,414.6300048828125,113548800,TSLA
2025-11-21,391.0899963378906,402.79998779296875,383.760009765625,402.32000732421875,100460600,TSLA
2025-11-24,417.7799987792969,421.7200012207031,401.0899963378906,402.1700134277344,96806400,TSLA
2025-11-25,419.3999938964844,420.4800109863281,405.95001220703125,414.4200134277344,71915600,TSLA
2025-11-26,426.5799865722656,426.94000244140625,416.8900146484375,423.95001220703125,63463000,TSLA
2025-11-28,430.1700134277344,432.92999267578125,426.20001220703125,426.5899963378906,36252900,TSLA
2025-12-01,430.1400146484375,433.6600036621094,425.2900085449219,425.32000732421875,57463600,TSLA
2025-12-02,429.239990234375,436.79998779296875,422.1199951171875,430.80999755859375,69336600,TSLA
2025-12-03,446.739990234375,447.9200134277344,431.1099853515625,432.1000061035156,87483000,TSLA
2025-12-04,454.5299987792969,454.6300048828125,445.3900146484375,449.94000244140625,71906500,TSLA
2025-12-05,455.0,458.8699951171875,451.6600036621094,453.0299987792969,56427500,TSLA
2025-12-08,439.5799865722656,449.75,435.25,447.45001220703125,69165800,TSLA
2025-12-09,445.1700134277344,452.3900146484375,435.70001220703125,437.5400085449219,62367400,TSLA
2025-12-10,451.45001220703125,456.8800048828125,443.6099853515625,446.07000732421875,63257500,TSLA
2025-12-11,446.8900146484375,449.2699890136719,440.3299865722656,448.95001220703125,55979500,TSLA
2025-12-12,458.9599914550781,463.010009765625,441.6700134277344,448.0899963378906,95656700,TSLA
2025-12-15,475.30999755859375,481.7699890136719,467.6600036621094,469.44000244140625,114542200,TSLA
2025-12-16,489.8800048828125,491.5,465.8299865722656,472.2099914550781,107608100,TSLA
2025-12-17,467.260009765625,495.2799987792969,466.20001220703125,488.2200012207031,106490400,TSLA
2025-12-18,483.3699951171875,490.8599853515625,473.1199951171875,478.1600036621094,95168400,TSLA
2025-12-19,481.20001220703125,490.489990234375,474.7200012207031,488.1199951171875,103305400,TSLA
2025-12-22,488.7300109863281,498.8299865722656,485.3299865722656,489.8800048828125,86916100,TSLA
2025-12-23,485.55999755859375,491.9700012207031,482.8399963378906,489.3999938964844,58223600,TSLA
2025-12-24,485.3999938964844,490.8999938964844,476.79998779296875,488.4800109863281,41285400,TSLA
2025-12-26,475.19000244140625,489.0899963378906,473.82000732421875,485.2300109863281,58780700,TSLA
2025-12-29,459.6400146484375,469.3999938964844,459.0,469.0,66263000,TSLA
2025-12-30,454.42999267578125,463.1199951171875,453.8299865722656,461.0899963378906,59238500,TSLA
2025-12-31,449.7200012207031,456.54998779296875,449.29998779296875,456.1000061035156,49078000,TSLA
2026-01-02,438.07000732421875,458.3399963378906,435.29998779296875,457.79998779296875,85535400,TSLA
2026-01-05,451.6700134277344,457.54998779296875,444.57000732421875,447.989990234375,67940800,TSLA
2026-01-06,432.9599914550781,448.25,428.7799987792969,446.3800048828125,89093800,TSLA
2026-01-07,431.4100036621094,438.3699951171875,431.2900085449219,435.8999938964844,59828800,TSLA
2026-01-08,435.79998779296875,436.8900146484375,424.3699951171875,427.8900146484375,57041100,TSLA
2026-01-09,445.010009765625,449.04998779296875,430.3900146484375,435.95001220703125,67331500,TSLA
2026-01-12,448.9599914550781,454.29998779296875,438.0,441.2300109863281,61649600,TSLA
2026-01-13,447.20001220703125,451.80999755859375,443.95001220703125,450.20001220703125,53719200,TSLA
2026-01-14,439.20001220703125,443.9100036621094,434.2200012207031,442.80999755859375,57259500,TSLA
2026-01-15,438.57000732421875,445.3599853515625,437.6499938964844,441.1300048828125,49465800,TSLA
2026-01-16,437.5,447.25,435.260009765625,439.5,60220600,TSLA
2026-01-20,419.25,430.7300109863281,417.44000244140625,429.3599853515625,63187300,TSLA
2026-01-21,431.44000244140625,438.20001220703125,419.6199951171875,421.6600036621094,68124000,TSLA
2026-01-22,449.3599853515625,449.5,432.6300048828125,435.1600036621094,71546700,TSLA
2026-01-23,449.05999755859375,452.42999267578125,444.0400085449219,447.42999267578125,56771400,TSLA
2026-01-26,435.20001220703125,445.0400085449219,434.2799987792969,445.0,49397400,TSLA
2026-01-27,430.8999938964844,437.5199890136719,430.69000244140625,437.4100036621094,37733100,TSLA
2026-01-28,431.4599914550781,438.260009765625,430.1000061035156,431.9100036621094,54857400,TSLA
2026-01-29,416.55999755859375,440.2300109863281,414.6199951171875,437.79998779296875,81686100,TSLA
2026-01-30,430.4100036621094,439.8800048828125,422.70001220703125,425.3500061035156,82626100,TSLA
2026-02-02,421.80999755859375,427.1499938964844,414.5,421.2900085449219,58739500,TSLA
2026-02-03,421.9599914550781,428.55999755859375,413.69000244140625,424.2699890136719,56886500,TSLA
2026-02-04,406.010009765625,423.8999938964844,399.17999267578125,420.4599914550781,74606900,TSLA
2026-02-05,397.2099914550781,402.1000061035156,387.5299987792969,397.0199890136719,72819800,TSLA
2026-02-06,411.1099853515625,414.54998779296875,397.75,400.8699951171875,62677100,TSLA
2026-02-09,417.32000732421875,421.25,407.2900085449219,409.9100036621094,54484300,TSLA
2026-02-10,425.2099914550781,427.25,417.0,418.0799865722656,64450200,TSLA
2026-02-11,428.2699890136719,436.3500061035156,420.0299987792969,427.9599914550781,57362000,TSLA
2026-02-12,417.07000732421875,436.2300109863281,414.0,430.29998779296875,61933400,TSLA
2026-02-13,417.44000244140625,424.05999755859375,410.8800048828125,414.30999755859375,51434100,TSLA
2026-02-17,410.6300048828125,413.7200012207031,400.510009765625,412.3599853515625,59678800,TSLA
2026-02-18,411.32000732421875,416.8999938964844,409.5799865722656,411.1099853515625,45921400,TSLA
2026-02-19,411.7099914550781,415.25,404.1099853515625,407.25,51019600,TSLA
2026-02-20,411.82000732421875,414.70001220703125,405.5,408.29998779296875,57912200,TSLA
2026-02-23,399.8299865722656,407.70001220703125,394.0400085449219,407.2900085449219,69680000,TSLA
2026-02-24,409.3800048828125,410.82000732421875,397.6400146484375,399.5,58579500,TSLA
2026-02-25,417.3999938964844,420.3399963378906,412.1499938964844,412.1499938964844,54809700,TSLA
2026-02-26,408.5799865722656,416.80999755859375,403.6600036621094,414.4200134277344,53602500,TSLA
2026-02-27,402.510009765625,407.1199951171875,398.1099853515625,402.94000244140625,56890100,TSLA
2026-03-02,403.32000732421875,404.5400085449219,388.25,390.6000061035156,55088300,TSLA
2026-03-03,392.42999267578125,396.3399963378906,385.3900146484375,395.0899963378906,62617300,TSLA
2026-03-04,405.94000244140625,408.3299865722656,394.5799865722656,397.8500061035156,68305500,TSLA
2026-03-05,405.54998779296875,408.6199951171875,399.4200134277344,401.57000732421875,51925900,TSLA
2026-03-06,396.7300109863281,402.3500061035156,394.2099914550781,398.0899963378906,64054600,TSLA
2026-03-09,398.67999267578125,401.5899963378906,381.3999938964844,390.04998779296875,67018900,TSLA
2026-03-10,399.239990234375,406.5899963378906,398.19000244140625,402.2200012207031,59258700,TSLA
2026-03-11,407.82000732421875,416.3800048828125,402.1499938964844,402.2799987792969,62559900,TSLA
2026-03-12,395.010009765625,406.5,394.6499938964844,405.17999267578125,60973800,TSLA
2026-03-13,391.20001220703125,400.20001220703125,389.95001220703125,399.1700134277344,58504100,TSLA
2026-03-16,395.55999755859375,403.7300109863281,394.4200134277344,396.2200012207031,58068300,TSLA
2026-03-17,399.2699890136719,400.1199951171875,393.0,395.69000244140625,46890500,TSLA
2026-03-18,392.7799987792969,403.07000732421875,392.30999755859375,399.0,50853100,TSLA
2026-03-19,380.29998779296875,387.2699890136719,378.7300109863281,387.2699890136719,67078300,TSLA
2026-03-20,367.9599914550781,379.8900146484375,364.4599914550781,379.8500061035156,78628600,TSLA
2026-03-23,380.8500061035156,385.3299865722656,372.7300109863281,373.0899963378906,74606000,TSLA
2026-03-24,383.0299987792969,387.4800109863281,376.30999755859375,376.55999755859375,60004900,TSLA
2026-03-25,385.95001220703125,396.2300109863281,385.010009765625,389.989990234375,55157300,TSLA
2026-03-26,372.1099853515625,384.44000244140625,371.8699951171875,381.6000061035156,55522900,TSLA
2026-03-27,361.8299865722656,369.8599853515625,359.4700012207031,369.69000244140625,62065700,TSLA
2026-03-30,355.2799987792969,367.2900085449219,352.1400146484375,365.8599853515625,67954400,TSLA
2026-03-31,371.75,373.3299865722656,361.0,361.510009765625,75534900,TSLA
2026-04-01,381.260009765625,383.1400146484375,374.0799865722656,378.6300048828125,58683800,TSLA
2026-04-02,360.5899963378906,370.2799987792969,359.0299987792969,364.20001220703125,83031200,TSLA
2026-04-06,352.82000732421875,367.7200012207031,346.6400146484375,362.5899963378906,77697600,TSLA
2026-04-07,346.6499938964844,348.0199890136719,337.239990234375,346.44000244140625,74515400,TSLA
2026-04-08,343.25,364.5,339.6700134277344,363.7900085449219,78838600,TSLA
2026-04-09,345.6199951171875,348.8800048828125,337.25,343.1499938964844,62164000,TSLA
2026-04-10,348.95001220703125,350.3599853515625,342.739990234375,346.2900085449219,51336000,TSLA
2026-04-13,352.4200134277344,356.3500061035156,348.57000732421875,350.07000732421875,53617500,TSLA
2026-04-14,364.20001220703125,367.6300048828125,354.7699890136719,357.6700134277344,59979600,TSLA
2026-04-15,391.95001220703125,394.6499938964844,362.5,366.8299865722656,113810400,TSLA
2026-04-16,388.8999938964844,394.05999755859375,381.79998779296875,393.80999755859375,63515100,TSLA
2026-04-17,400.6199951171875,409.2799987792969,391.6499938964844,395.9200134277344,90640000,TSLA
2026-04-20,392.5,406.79998779296875,388.3299865722656,402.5799865722656,64603900,TSLA
2026-04-21,386.4200134277344,393.95001220703125,385.2200012207031,393.0,50530600,TSLA
2026-04-22,387.510009765625,393.010009765625,385.29998779296875,387.57000732421875,62362800,TSLA
2026-04-23,373.7200012207031,386.0,368.3900146484375,375.2799987792969,93969500,TSLA
2026-04-24,376.29998779296875,382.760009765625,370.7300109863281,373.5,62893300,TSLA
2026-04-27,378.6700134277344,380.7799987792969,364.0199890136719,372.0899963378906,66735800,TSLA
2026-04-28,376.0199890136719,382.2900085449219,372.5400085449219,374.67999267578125,50864400,TSLA
2026-04-29,372.79998779296875,376.3999938964844,370.0400085449219,375.3999938964844,45384800,TSLA
2026-04-30,381.6300048828125,384.75,368.1700134277344,372.75,51076000,TSLA
2026-05-01,390.82000732421875,397.82000732421875,378.79998779296875,382.489990234375,65338300,TSLA
2026-05-04,392.510009765625,394.6400146484375,384.79998779296875,390.2300109863281,48765100,TSLA
2026-05-05,389.3699951171875,402.1199951171875,389.0,395.19000244140625,47780600,TSLA
2026-05-06,398.7300109863281,401.67999267578125,384.0199890136719,386.25,53465400,TSLA
2026-05-07,411.7900085449219,415.8299865722656,402.1199951171875,407.4800109863281,64294200,TSLA
2026-05-08,428.3500061035156,431.20001220703125,416.3900146484375,416.4800109863281,65050000,TSLA
2026-05-11,445.0,449.1600036621094,416.79998779296875,422.1600036621094,78376100,TSLA
2026-05-12,433.45001220703125,447.79998779296875,422.260009765625,441.4100036621094,60569300,TSLA
2026-05-13,445.2699890136719,453.3999938964844,430.2099914550781,436.6700134277344,68283200,TSLA
2026-05-14,443.29998779296875,451.9700012207031,441.1600036621094,446.489990234375,45182287,TSLA
2025-05-15,262.3870849609375,264.3783574631619,259.7091843166256,261.8770157752101,9214600,JPM
2025-05-16,262.45574951171875,263.33857420454694,259.66011303826815,262.3968965278898,8932900,JPM
2025-05-19,259.8268737792969,263.2012510960716,256.933139124985,260.4840753869021,12145000,JPM
2025-05-20,260.6116027832031,261.5729180532009,257.2960784147582,257.5118826616805,8436300,JPM
2025-05-21,256.0601501464844,260.58219084007044,255.7560664091254,259.3070029050421,7464000,JPM
2025-05-22,255.69723510742188,257.2961145987982,253.931555583731,254.49068892966963,6514100,JPM
2025-05-23,255.73641967773438,256.99199988462357,251.11628086099114,251.9108260735714,6671800,JPM
2025-05-27,260.22906494140625,260.23885381510826,256.99200115618,257.04106526626447,7506600,JPM
2025-05-28,258.4634094238281,261.63180170795323,257.88466840636806,261.160947858906,5535400,JPM
2025-05-29,259.3265686035156,260.34673674760995,257.5216741549732,259.7483582437718,5081200,JPM
2025-05-30,258.96368408203125,260.26829856132497,257.7179225906518,258.4241883810186,10977700,JPM
2025-06-02,259.6110534667969,259.9739901433687,256.90369673393997,258.00232557179766,6011200,JPM
2025-06-03,261.1903381347656,261.49442184863057,257.86502496413567,258.6988154428008,6998400,JPM
2025-06-04,259.1794738769531,262.0241445637471,259.14022857540317,260.84705493579474,5915700,JPM
2025-06-05,256.9527893066406,259.68954289634314,255.34406123341302,259.68954289634314,8173800,JPM
2025-06-06,260.6606750488281,261.56310742936586,259.2187170664052,259.28735892431575,7738100,JPM
2025-06-09,261.6513977050781,262.7892720045682,258.32608422186917,260.9255242470256,8285000,JPM
2025-06-10,263.47589111328125,263.77015600263155,260.7783531978045,260.80777968673954,7538100,JPM
2025-06-11,263.03448486328125,264.4764428071077,260.71952105435884,263.5543728329388,7434100,JPM
2025-06-12,263.12274169921875,263.17180580407035,260.08190474325323,261.76906334571646,6618000,JPM
2025-06-13,259.89556884765625,261.92605676944186,257.69828090375347,260.0230636958611,7098300,JPM
2025-06-16,265.20233154296875,266.5462212171046,261.75931212188453,261.90644458682067,8566000,JPM
2025-06-17,264.37835693359375,265.42795173106725,262.69116817138956,263.0541348281509,6739300,JPM
2025-06-18,268.7336730957031,272.4219533800811,264.5745689012487,264.849226160592,9586400,JPM
2025-06-20,269.7538146972656,272.00992553694005,268.5865139770169,270.3129479704052,13969700,JPM
2025-06-23,272.96142578125,273.2360830171409,266.9189366562568,269.81267140989485,8094600,JPM
2025-06-24,275.8944091796875,277.31672955102783,274.1777939507156,274.864422081068,9267900,JPM
2025-06-25,278.6409912109375,278.85679547317505,275.55108967897763,276.1298306696613,6826900,JPM
2025-06-26,283.2415466308594,283.88895947254906,279.04319693795463,279.2688200288972,8942100,JPM
2025-06-27,281.6327819824219,283.19247586135157,279.6022941678673,280.3575940845552,17868600,JPM
2025-06-30,284.3793640136719,287.0670832038085,283.40825991352006,284.8600066595423,12689200,JPM
2025-07-01,284.869873046875,285.57613885641626,281.12273972582574,285.340726898368,9338300,JPM
2025-07-02,286.4295349121094,287.23389900971387,284.17342383730266,286.46878021661104,8158700,JPM
2025-07-03,291.75201416015625,292.1462676228288,287.03074848169234,287.95726066275904,6541600,JPM
2025-07-07,287.77984619140625,291.7914435365602,285.91695574871414,291.0127726573706,8825700,JPM
2025-07-08,278.72174072265625,285.54244302383853,276.28718720828704,285.1185912184717,15440900,JPM
2025-07-09,279.0962829589844,283.0783120359289,278.42604907780265,283.05857981144027,11273800,JPM
2025-07-10,284.0541076660156,284.1723806999454,278.93858839126966,278.93858839126966,8410900,JPM
2025-07-11,282.7431640625,283.2557206237078,279.5792402426265,281.4223984494675,7384700,JPM
2025-07-14,284.5567932128906,285.1481583723004,281.1661592607552,282.95018101073435,9079900,JPM
2025-07-15,282.4376220703125,287.7601490973643,281.3830008251136,283.8668247126896,12526100,JPM
2025-07-16,281.7181091308594,286.5576476938333,278.9484387838449,284.2610694558768,9979800,JPM
2025-07-17,285.73956298828125,286.13381646736286,279.3722805662569,279.3722805662569,8509500,JPM
2025-07-18,287.08990478515625,288.3022635940587,284.09355419862834,285.365019447414,12217000,JPM
2025-07-21,286.794189453125,289.95811320350606,286.4097720406625,286.8237577094983,7898100,JPM
2025-07-22,287.2475891113281,289.41602825063205,285.02987956960806,287.3165917383993,6717500,JPM
2025-07-23,292.5011291503906,292.72780910920665,288.3515263055785,288.6373728619252,7083500,JPM
2025-07-24,292.29412841796875,295.2905090775473,291.9491754148663,293.1516681080147,7001200,JPM
2025-07-25,294.33441162109375,294.6103920554469,291.71258245493334,292.4419829511327,5918500,JPM
2025-07-28,293.9992980957031,295.13278810430046,292.5602593912129,293.3882007039174,5840400,JPM
2025-07-29,292.7771301269531,296.9661375577531,291.94918873841937,295.69464217411235,7635700,JPM
2025-07-30,295.3299255371094,296.29584201458954,293.1122159565272,293.1516503269176,8061700,JPM
2025-07-31,291.9885559082031,296.66055111466636,291.2591855090535,294.8469611494763,14749700,JPM
2025-08-01,285.2171936035156,287.61231301174155,280.1608103552954,286.23241068269874,12007100,JPM
2025-08-04,290.0369873046875,290.0961238185278,286.0943926240756,286.0943926240756,6649500,JPM
2025-08-05,287.1884460449219,291.54502636918687,283.11771225513746,290.4608068242693,7182300,JPM
2025-08-06,287.16876220703125,289.08092314098127,285.99583781724914,288.1051104485434,6330200,JPM
2025-08-07,282.8220520019531,289.2484709612734,282.29965937267906,288.7359444448802,8057100,JPM
2025-08-08,284.61590576171875,287.0504590616496,280.6240107941869,284.8327496617793,6634100,JPM
2025-08-11,285.4044189453125,287.1391701841974,284.6356142061902,285.2467115527221,5510100,JPM
2025-08-12,288.6472473144531,290.5199739550687,286.1732592848133,287.31661546362176,8570900,JPM
2025-08-13,286.36053466796875,290.32283187703916,283.0389031406188,289.7314666813669,8420400,JPM
2025-08-14,289.9384460449219,289.9778804180479,285.4833244293079,286.4098066006694,6322400,JPM
2025-08-15,286.3210754394531,291.2591849519308,285.660707668408,290.6086532135509,7340500,JPM
2025-08-18,287.3461608886719,287.7108460905947,284.2709417940018,285.8381195988006,5386900,JPM
2025-08-19,286.4886779785156,288.2825659770611,285.37489004447787,286.6562214265169,6031500,JPM
2025-08-20,288.04595947265625,289.1203129200321,283.1472843493455,286.63648908496583,7374200,JPM
2025-08-21,287.28704833984375,288.5683797096441,285.31575079885044,287.7503044651617,6624000,JPM
2025-08-22,291.9885559082031,292.8953659306035,285.96625689985,288.9922055724686,8552800,JPM
2025-08-25,290.6678161621094,293.08266767966575,289.9187435512912,291.9885819039242,5856300,JPM
2025-08-26,294.2851257324219,294.4526691589569,289.2878798394283,289.9384115603751,6714700,JPM
2025-08-27,294.9849548339844,296.74927450763425,292.77711127340297,292.98408908730437,6056500,JPM
2025-08-28,296.749267578125,296.91681101607145,294.41328492266325,295.71431837356056,6410500,JPM
2025-08-29,297.09423828125,298.60227955806266,295.4284896061262,297.70533564994906,6796400,JPM
2025-09-02,295.3989562988281,296.1480289299188,290.2735705259471,295.95091721841663,7221900,JPM
2025-09-03,295.2116394042969,296.2564245761911,292.1265542897072,296.2564245761911,6316900,JPM
2025-09-04,299.4598083496094,300.0610396446901,293.99930589050996,295.694622931837,6605800,JPM
2025-09-05,290.1552734375,300.7706992658433,290.08627080836624,299.2922261938372,9837700,JPM
2025-09-08,288.70635986328125,292.20540066234315,287.2574550934962,290.6579550877705,8188500,JPM
2025-09-09,293.5754699707031,294.7089599546063,288.11496777534006,288.4008143193263,7848200,JPM
2025-09-10,296.22686767578125,297.2125163723058,291.1606189374317,292.44198029068025,7787300,JPM
2025-09-11,301.1748352050781,301.3424087307021,296.4733014094209,296.91682530734334,7942500,JPM
2025-09-12,302.5054626464844,303.13626220753474,299.3415385689925,300.622869917122,6846700,JPM
2025-09-15,304.46685791015625,305.50180702662493,302.76170501933825,302.76170501933825,7122000,JPM
2025-09-16,304.7527160644531,306.4381668754987,302.7222822014224,305.5510890844016,10525600,JPM
2025-09-17,307.2759704589844,308.41932651675705,304.3387266167954,305.9355027165261,8657800,JPM
2025-09-18,308.7347412109375,308.94171900765593,305.16666778780973,307.31540473136215,8050700,JPM
2025-09-19,310.26251220703125,311.2678631029987,304.68373667454165,309.09945390156855,23568600,JPM
2025-09-22,307.95611572265625,309.1980428451836,305.11744234523064,305.3539884334779,7520200,JPM
2025-09-23,308.25177001953125,311.77054315707727,306.12276518201463,307.34499004479613,8584400,JPM
2025-09-24,308.92205810546875,312.036681822986,307.1971727167786,309.54299157852137,7310500,JPM
2025-09-25,308.95159912109375,311.12000822788536,307.3252546914858,309.61196690994507,7083200,JPM
2025-09-26,311.52410888671875,313.2489940185383,309.1979925185918,310.3807528469309,7258100,JPM
2025-09-29,311.1594543457031,313.4461666504931,309.158588598915,312.50978831201064,6462400,JPM
2025-09-30,310.9031677246094,312.85476301381095,305.65950932869447,311.71140689202116,11823300,JPM
2025-10-01,306.25091552734375,310.0752375005356,302.99828667529783,309.46414008660315,9235200,JPM
2025-10-02,303.13623046875,306.1030425326149,301.7464923414213,305.5510816946321,7600000,JPM
2025-10-03,305.5806884765625,307.1873007923745,303.78680048715194,304.0825131673876,6029900,JPM
2025-10-06,306.22442626953125,308.7698659390142,302.2131538143922,307.21486689804453,7214500,JPM
2025-10-07,304.74871826171875,307.0465480670538,301.78731007714714,306.39285354178503,8454200,JPM
2025-10-08,301.1236572265625,305.8282501205831,300.64823485280857,305.2636917190969,6489900,JPM
2025-10-09,302.6093444824219,305.09536030036105,300.4898171115272,302.13392206728275,7060300,JPM
2025-10-10,298.0137023925781,307.50211054267186,297.9344502139145,302.7380934229591,8597400,JPM
2025-10-13,305.0260314941406,306.5017785031187,302.53013174675476,302.6786918104351,10788700,JPM
2025-10-14,299.19232177734375,304.0653034578676,291.39755808509767,302.91638858642943,16178800,JPM
2025-10-15,302.767822265625,309.13634876005415,302.520212088773,303.4611428511513,11354800,JPM
2025-10-16,295.6861572265625,305.72920960204,294.2302082762473,302.43105556912377,10549400,JPM
2025-10-17,294.7155456542969,296.68651306450823,291.3876792596173,296.30025689141456,10153500,JPM
2025-10-20,299.4696350097656,300.78693806489423,295.3098022126917,295.6465484229892,6894900,JPM
2025-10-21,294.25,301.1434582480101,294.16086397135297,298.7763208850087,7372700,JPM
2025-10-22,291.29852294921875,295.21077611588424,287.76267234049385,294.92353982678844,8054100,JPM
2025-10-23,291.72442626953125,293.53691953831486,289.7138327608809,291.5659521228084,5438800,JPM
2025-10-24,297.5679931640625,299.70734860853685,292.6257039619419,293.2496561856281,7228300,JPM
2025-10-27,301.2425231933594,301.6188954834183,298.13255521259686,299.27155593587753,5642200,JPM
2025-10-28,302.44097900390625,305.0260451309229,300.26202744552563,301.9457586189306,6336000,JPM
2025-10-29,302.5895690917969,305.3033671273222,300.1134671686232,300.6086875532579,7520300,JPM
2025-10-30,306.4819641113281,309.62164411662417,302.1834552198523,302.8668617019339,7514600,JPM
2025-10-31,308.1459045410156,309.8791757592273,304.3129038831637,305.5905808443981,7721300,JPM
2025-11-03,306.3928527832031,309.3344630267029,303.28285431242927,308.02707397940236,7770000,JPM
2025-11-04,306.2937927246094,309.23540287266394,302.1834697809128,303.7780648320401,7085200,JPM
2025-11-05,308.7005615234375,310.107000668758,302.70840715746203,306.6503419445097,6865200,JPM
2025-11-06,310.4239501953125,311.83035912038315,307.2941538281452,308.01715622418413,7206100,JPM
2025-11-07,311.20635986328125,311.4242580235003,304.6991875199946,308.90856044061366,7302300,JPM
2025-11-10,313.86077880859375,316.5052386427636,311.2063746689554,311.9888313123107,5794100,JPM
2025-11-11,312.6029052734375,316.00010979819433,312.2661590448994,314.4649387231156,5030200,JPM
2025-11-12,317.34710693359375,319.16951418656384,313.1872439213492,313.23678409164455,10578300,JPM
2025-11-13,306.5216064453125,317.565014483568,306.1452341336872,316.17840351377913,8973300,JPM
2025-11-14,300.70770263671875,304.69920788981074,298.3504790333013,304.57044575572996,10327000,JPM
2025-11-17,297.4986572265625,302.66875869849656,294.8244855709175,301.0939616708072,8344000,JPM
2025-11-18,296.5478515625,300.05402007948175,294.1806837974681,296.6369875977812,8077300,JPM
2025-11-19,300.3709411621094,301.5396841634701,296.409178349521,296.8746866890342,5546600,JPM
2025-11-20,295.5277099609375,306.95740445253,295.3098117912242,303.411609711364,7501600,JPM
2025-11-21,295.1711120605469,298.7961284719156,290.01092472978763,298.40987233529637,11766800,JPM
2025-11-24,295.1513366699219,296.9539460474125,291.69470820468445,295.3890327721484,10940200,JPM
2025-11-25,300.103515625,301.5891765934406,292.7346348034667,297.18170363006027,8877200,JPM
2025-11-26,304.6991882324219,305.5806647286523,300.30162915288383,302.0844103036798,7910900,JPM
2025-11-28,310.0871887207031,310.7210853336642,305.29345893213815,306.14525372757277,4322400,JPM
2025-12-01,305.96697998046875,311.038031953238,305.5906076467962,309.958455126882,7727300,JPM
2025-12-02,304.9368896484375,307.5120415313108,304.1544330268201,305.7886541478843,7249000,JPM
2025-12-03,309.1462707519531,309.37405277594195,303.86720471987456,304.26340519365976,8535300,JPM
2025-12-04,313.07830810546875,315.44544563675794,310.00793592177615,310.2654601734084,9627800,JPM
2025-12-05,312.0284729003906,315.4355916137351,311.6718985008828,312.62274341566774,6518900,JPM
2025-12-08,312.1968078613281,313.44477282870224,310.3546026483966,312.0482477999388,7417200,JPM
2025-12-09,297.6373596191406,315.7524991840304,297.15202309779255,311.939326475107,18049200,JPM
2025-12-10,307.1455383300781,308.2152311685389,295.60691069504315,297.62741810314117,18874100,JPM
2025-12-11,314.3460693359375,314.96013772429524,306.2838676543348,306.2838676543348,9721900,JPM
2025-12-12,315.47515869140625,317.20842990436694,313.5735294870918,316.6240735225281,8982900,JPM
2025-12-15,316.9608459472656,319.7935222813264,315.3464528736662,316.534963668203,10864100,JPM
2025-12-16,312.5335388183594,316.46558945571707,311.3945381021762,316.0397072252412,8331300,JPM
2025-12-17,311.9690246582031,316.3170436429019,311.65207637787455,315.3860269605939,8718700,JPM
2025-12-18,310.0079345703125,314.66301788263524,309.2353920446346,312.979256626897,11444900,JPM
2025-12-19,314.17767333984375,315.51477427620307,310.1961127673861,310.79038320864026,24494400,JPM
2025-12-22,320.00146484375,320.14014104266494,314.47481933577194,314.47481933577194,8354600,JPM
2025-12-23,322.8143310546875,324.6466524002949,320.00148308544306,320.51650136966475,6668300,JPM
2025-12-24,326.02337646484375,326.8355148620812,322.3884458193645,323.1213622604756,4289300,JPM
2025-12-26,324.7754211425781,327.6972031402456,323.4185221880518,325.9639318748006,4158300,JPM
2025-12-29,320.6551818847656,324.63674268276935,320.43728371815735,323.8741142125664,8635300,JPM
2025-12-30,320.3283386230469,321.83379757815135,319.40720581728044,321.7050354533748,7904300,JPM
2025-12-31,319.1398010253906,321.77437689354394,318.9615289550125,321.2395304565584,5048500,JPM
2026-01-02,322.36865234375,322.61626252061376,317.6739428368343,319.4171281542276,8054000,JPM
2026-01-05,330.8468322753906,334.026138578159,322.08142570711647,322.3884599175412,10752600,JPM
2026-01-06,332.90625,334.1598441675407,328.96642165340415,330.92639220894705,7660800,JPM
2026-01-07,325.3250732421875,330.45880399676645,322.947258062395,329.4539672046419,9815200,JPM
2026-01-08,328.11083984375,329.7126277455971,323.99190461809644,324.7281574581884,11737100,JPM
2026-01-09,327.5138854980469,330.21007865256746,326.49908990111055,327.6631156796267,6738100,JPM
2026-01-12,322.8377990722656,324.3600076252465,319.59441851466954,320.2411028663189,12805100,JPM
2026-01-13,309.3169860839844,325.1957141371429,308.9886797025588,322.64875130423195,19371200,JPM
2026-01-14,306.30242919921875,310.17263725890126,304.5613395847709,306.6307659579143,25951500,JPM
2026-01-15,307.68536376953125,311.3466191836246,306.18304245620016,306.8993776774091,14751400,JPM
2026-01-16,310.8789978027344,315.5948534301565,308.42157308655703,308.76979706409315,14652500,JPM
2026-01-20,301.19854736328125,309.56573031914434,300.323023148028,304.65088058894946,12900600,JPM
2026-01-21,300.50213623046875,303.8450138204667,299.61665319654776,301.88504309324475,10270100,JPM
2026-01-22,302.0840148925781,306.6307531542374,301.35772089620315,303.3077326815458,10535800,JPM
2026-01-23,296.2041015625,300.8304191049288,295.000271015744,300.4623078902987,11107900,JPM
2026-01-26,299.5072021484375,300.243424572115,295.9354850066467,296.2936374196168,11752700,JPM
2026-01-27,298.7809143066406,300.4324657566407,296.6319086980451,299.7957098597862,11527400,JPM
2026-01-28,299.2385559082031,300.38272473319716,296.53240414079806,298.74110176244625,9556700,JPM
2026-01-29,304.8598327636719,305.2677184721844,300.6812055104527,300.86028172816947,11580000,JPM
2026-01-30,304.33251953125,306.36211063628633,301.0194578342246,303.6957636347891,11953200,JPM
2026-02-02,306.5710754394531,307.72514241386267,299.83552643648,302.9097896135357,9839400,JPM
2026-02-03,313.24688720703125,314.6397527673971,307.5261644294422,308.15296152215484,12688000,JPM
2026-02-04,315.654541015625,317.68416242077944,312.809117891095,312.809117891095,9848800,JPM
2026-02-05,308.5807800292969,314.4009999973286,303.98430827226673,313.3961328396234,9388000,JPM
2026-02-06,320.7584533691406,322.59903993155126,313.10760555212,313.10760555212,17797400,JPM
2026-02-09,320.4599914550781,324.73808529326595,318.4801031561584,319.70385137937853,11477500,JPM
2026-02-10,316.659423828125,324.4694603347238,313.51550984428656,320.9076714905845,9902200,JPM
2026-02-11,309.2374267578125,323.6237932822943,307.15807190859783,321.5941717066872,8703500,JPM
2026-02-12,301.09906005859375,312.0231336727285,298.492374829366,310.68996020493864,13443400,JPM
2026-02-13,301.0094909667969,302.740652037527,295.0101951931391,297.0000117729552,9114500,JPM
2026-02-17,305.5661926269531,306.6705262718474,300.95976231603305,301.21844819128046,8896800,JPM
2026-02-18,307.2077941894531,310.6899733588093,305.6557396172298,306.8894162356143,7209600,JPM
2026-02-19,306.48150634765625,307.6057576457843,303.5664321569553,305.6060125002564,6737700,JPM
2026-02-20,309.20758056640625,309.4165028225248,304.12358301143166,306.829734990155,7792700,JPM
2026-02-23,296.1543884277344,309.4165036660153,293.5974666249826,307.22769310292153,12955400,JPM
2026-02-24,295.7862243652344,298.22376183621185,289.89638425356503,295.3086878147805,13554100,JPM
2026-02-25,301.75567626953125,302.113859047087,295.4977249020647,297.1194302945208,8095500,JPM
2026-02-26,304.5712890625,307.4366298839601,302.0939770599508,303.02916294815697,7007800,JPM
2026-02-27,298.7709655761719,301.4074969953331,292.9507760142178,298.4725052158334,18620800,JPM
2026-03-02,296.044921875,298.45261340621465,291.7170645432447,293.3089239524434,8508900,JPM
2026-03-03,298.7311706542969,300.8503301542204,288.0259478174434,290.80175042735664,10278200,JPM
2026-03-04,297.8656311035156,299.4674190034017,294.31380094003714,298.4625518350298,8055700,JPM
2026-03-05,292.0553283691406,299.7061758621692,290.9410358965662,296.46279534996694,12732500,JPM
2026-03-06,288.0060729980469,288.51345559776433,282.2654325280704,284.88204628210366,13496500,JPM
2026-03-09,288.44384765625,289.61783224456605,279.02206418875625,284.04633930656934,12241100,JPM
2026-03-10,287.2598876953125,291.25940817695187,285.7177615952499,287.81703392074905,8344900,JPM
2026-03-11,286.0560302734375,289.00098077209634,283.40957048917664,287.339470512306,10205000,JPM
2026-03-12,281.44964599609375,282.4345955757058,277.6789347371047,281.38992356011664,13760500,JPM
2026-03-13,281.996826171875,285.72773249785536,281.50933079451545,283.2205743771862,9091200,JPM
2026-03-16,284.7029724121094,287.7971227560318,283.16084627757465,284.88204862524725,8149000,JPM
2026-03-17,285.42926025390625,290.2744588762506,284.4940440114858,287.5285022187445,8961200,JPM
2026-03-18,286.27490234375,287.93641255144826,283.6682474755719,285.36953215418885,10057000,JPM
2026-03-19,286.5037536621094,288.0359209952396,283.1708046765218,285.4193072233837,9846700,JPM
2026-03-20,285.1009216308594,289.2297850267638,283.81748141518966,286.61317132501995,22436500,JPM
2026-03-23,288.4338684082031,294.24412922690453,286.5037438804951,292.8114588483544,11470800,JPM
2026-03-24,290.91119384765625,293.9755285514211,283.9169894005904,284.71293429347423,11092300,JPM
2026-03-25,293.91583251953125,296.1245302289603,290.950994762599,292.6522795072885,12188200,JPM
2026-03-26,290.1749572753906,293.48798854194115,289.24969984697105,291.0902559049482,8669200,JPM
2026-03-27,281.3998718261719,288.63284454259417,280.31542537678433,287.66781259849654,9873300,JPM
2026-03-30,282.32513427734375,285.787426299191,280.89246381052374,283.2901966006573,11734400,JPM
2026-03-31,292.6622314453125,293.56760164880984,283.4991344325332,287.0012007453536,12956900,JPM
2026-04-01,293.87603759765625,297.19902789200404,291.41861272257177,293.8859963972044,11267200,JPM
2026-04-02,293.1000061035156,294.1148016905453,287.2499401451481,290.4237002119346,6669300,JPM
2026-04-06,295.45001220703125,296.8299865722656,293.20001220703125,294.05999755859375,7142600,JPM
2026-04-07,297.3999938964844,298.17999267578125,292.70001220703125,293.1400146484375,7849100,JPM
2026-04-08,307.9700012207031,311.260009765625,305.3299865722656,307.9700012207031,10590200,JPM
2026-04-09,310.3299865722656,311.260009765625,306.1099853515625,306.95001220703125,6586600,JPM
2026-04-10,309.8699951171875,310.3500061035156,306.7200012207031,310.0,6069700,JPM
2026-04-13,313.67999267578125,313.739990234375,305.4599914550781,307.4700012207031,8318200,JPM
2026-04-14,311.1199951171875,314.32000732421875,308.8699951171875,309.82000732421875,11455500,JPM
2026-04-15,305.92999267578125,314.239990234375,304.260009765625,313.95001220703125,9885800,JPM
2026-04-16,309.95001220703125,309.95001220703125,305.20001220703125,305.3500061035156,8208600,JPM
2026-04-17,310.2900085449219,314.8999938964844,310.0899963378906,312.4700012207031,11082400,JPM
2026-04-20,316.989990234375,317.1300048828125,310.3699951171875,310.8500061035156,10772000,JPM
2026-04-21,313.0,320.239990234375,312.75,317.489990234375,7084300,JPM
2026-04-22,313.0199890136719,315.1499938964844,311.94000244140625,314.8500061035156,5545900,JPM
2026-04-23,311.69000244140625,314.989990234375,308.8900146484375,313.5199890136719,6969700,JPM
2026-04-24,308.2799987792969,311.1499938964844,307.8900146484375,311.1499938964844,5215300,JPM
2026-04-27,311.6300048828125,312.5799865722656,306.8800048828125,306.8800048828125,7925300,JPM
2026-04-28,311.45001220703125,315.45001220703125,311.1700134277344,315.20001220703125,7398600,JPM
2026-04-29,309.25,312.04998779296875,307.2900085449219,310.57000732421875,8031800,JPM
2026-04-30,313.2300109863281,314.1000061035156,306.57000732421875,307.07000732421875,8865400,JPM
2026-05-01,312.4700012207031,316.0799865722656,311.8299865722656,313.95001220703125,6135400,JPM
2026-05-04,307.6499938964844,310.6499938964844,306.510009765625,310.6199951171875,7338200,JPM
2026-05-05,309.3999938964844,310.9700012207031,306.79998779296875,307.7099914550781,6316800,JPM
2026-05-06,314.8999938964844,316.260009765625,311.3500061035156,311.45001220703125,8629500,JPM
2026-05-07,306.2699890136719,316.29998779296875,306.1400146484375,314.6499938964844,8359600,JPM
2026-05-08,302.1000061035156,308.989990234375,300.5,308.25,9464300,JPM
2026-05-11,300.0,303.19000244140625,298.8800048828125,302.1000061035156,9512000,JPM
2026-05-12,304.8800048828125,306.05999755859375,295.54998779296875,300.0199890136719,9498200,JPM
2026-05-13,300.25,303.0,300.07000732421875,302.2699890136719,7709500,JPM
2026-05-14,299.9100036621094,303.7503967285156,298.82000732421875,302.25,5320801,JPM
2025-05-15,43.40375518798828,43.99055523884787,43.04189155020059,43.61891321688547,47379400,BAC
2025-05-16,43.706932067871094,43.80473456011381,42.69959064786457,43.36463267198061,49488100,BAC
2025-05-19,43.78517532348633,44.1470352282536,43.139693779217055,43.139693779217055,37915700,BAC
2025-05-20,43.706932067871094,43.92209382002146,43.43309255115871,43.609133306411984,33424300,BAC
2025-05-21,42.29861068725586,43.511335502261886,42.20081192364504,43.39397250898848,55594100,BAC
2025-05-22,42.35729217529297,42.61157119909968,42.014989041157236,42.23015079799777,29026200,BAC
2025-05-23,42.24971008300781,42.47465021743128,41.418405693233886,41.54554706687622,34875100,BAC
2025-05-27,43.24727249145508,43.24727249145508,42.347508235893685,42.82673111072261,36322000,BAC
2025-05-28,43.09079360961914,43.46243189170921,42.992991116345195,43.2374917533546,35673800,BAC
2025-05-29,43.26683807373047,43.4819961158001,42.934317029676706,43.39397572970399,28545100,BAC
2025-05-30,43.15925598144531,43.325514633434985,42.758275062829426,43.21793375001397,66537500,BAC
2025-06-02,43.110355377197266,43.17881525911228,42.40619232803287,42.91475411567563,28582600,BAC
2025-06-03,43.66781234741211,43.7460506060253,42.97342774925928,43.04188762458959,31320200,BAC
2025-06-04,43.384193420410156,44.0981348293695,43.3646329218489,43.61891194157791,30591700,BAC
2025-06-05,43.40375518798828,43.59935644853606,43.04189155020059,43.472215069562445,32020900,BAC
2025-06-06,44.23995590209961,44.436706089571594,43.915311337786136,43.964498884654134,37013000,BAC
2025-06-09,44.14157485961914,44.662973338235105,44.05303577855371,44.37768032671662,32414000,BAC
2025-06-10,44.35800552368164,44.46622037542417,44.02352496046344,44.07271250595482,32229100,BAC
2025-06-11,44.003849029541016,44.672810153512025,43.82677086420933,44.466220211548105,47873500,BAC
2025-06-12,43.895633697509766,43.92514922658793,43.305375654713984,43.679207749961506,30165400,BAC
2025-06-13,43.37424087524414,43.73823322588175,42.9512212166237,43.28570178965453,43281700,BAC
2025-06-16,43.68904113769531,44.161248294166626,43.63001383584806,43.91530683228976,34103600,BAC
2025-06-17,43.511966705322266,43.944822364239165,43.34472829827569,43.551318243251764,27489600,BAC
2025-06-18,44.328495025634766,44.46622165809113,43.492291717083674,43.54147926399391,37684700,BAC
2025-06-20,44.761348724365234,44.90891511137738,44.53508301631062,44.57443455321641,64591600,BAC
2025-06-23,45.548362731933594,45.61722604820825,44.37768260249511,44.662975628644006,42683600,BAC
2025-06-24,45.90251922607422,46.4239139803826,45.813980140175694,45.99105831197274,45437600,BAC
2025-06-25,46.08943176269531,46.21732238282595,45.70576365507257,45.82381826724046,33532400,BAC
2025-06-26,46.68953323364258,46.80758785506593,46.13862667807807,46.18781422728641,40127000,BAC
2025-06-27,46.35505294799805,46.89612349836362,46.14846298831165,46.67969752987908,56705000,BAC
2025-06-30,46.55180358886719,46.846932617829964,46.26651056800317,46.846932617829964,47921200,BAC
2025-07-01,47.36833190917969,47.6339454127693,46.1779722596967,46.25667533688568,48540900,BAC
2025-07-02,47.91923904418945,47.93891481373542,47.27979342140729,47.574922459058236,48003600,BAC
2025-07-03,48.13566589355469,48.50949798715584,48.01761503606926,48.15534166193044,21620300,BAC
2025-07-07,47.87004470825195,48.411115159344305,47.58475171944677,47.94874777527495,35567900,BAC
2025-07-08,46.38456344604492,47.01417301834333,46.00089159470458,46.72888000815528,88086500,BAC
2025-07-09,46.07959747314453,46.679695306018246,45.95170684824457,46.39440227846036,46227900,BAC
2025-07-10,46.20748519897461,46.45342667224526,46.020567277516726,46.138621886680355,44225000,BAC
2025-07-11,45.971378326416016,46.050081396782986,45.499171162521044,45.882839248637644,31653000,BAC
2025-07-14,46.30585861206055,46.30585861206055,45.79429991583096,46.05008114033022,36381200,BAC
2025-07-15,45.40079879760742,46.2468343381305,45.20404486267006,46.11894747027501,55145000,BAC
2025-07-16,45.282745361328125,45.80414386537229,44.27930364457264,45.4991750706585,61296600,BAC
2025-07-17,46.256675720214844,46.45342966204851,44.7023237077751,44.89907764960877,56480700,BAC
2025-07-18,46.55180358886719,46.61083089576743,46.13862369887313,46.24683479903643,48314200,BAC
2025-07-21,46.70920944213867,47.26011975564166,46.43375616177192,46.76823675340418,32199700,BAC
2025-07-22,46.99449920654297,47.388003329226926,46.68953041542829,46.82725704600614,34749400,BAC
2025-07-23,47.358489990234375,47.525732145255844,47.03384919354544,47.230599372014325,31380100,BAC
2025-07-24,47.60443115234375,48.20452894991844,47.42735299067355,47.70280999369891,42967600,BAC
2025-07-25,47.66345977783203,47.76183486914392,47.16173705494152,47.60443247138339,24461200,BAC
2025-07-28,47.44702911376953,47.75199789509756,47.29946647978689,47.663458813600336,20590400,BAC
2025-07-29,47.17157745361328,47.72248397684021,47.11255014636644,47.604433115115754,26216500,BAC
2025-07-30,47.18141555786133,47.712650088375945,46.96498959387972,47.476544601668536,32265900,BAC
2025-07-31,46.50261688232422,47.2502773527117,46.42391380503644,46.984660096019375,40016300,BAC
2025-08-01,44.91875457763672,45.65657906396634,44.58427399372318,45.60739151543158,52310400,BAC
2025-08-04,45.10566711425781,45.36144836171907,44.89907716630244,45.21388196873994,31038900,BAC
2025-08-05,44.820377349853516,45.25323301025907,44.023525591502036,45.20404546406264,36798300,BAC
2025-08-06,44.682647705078125,45.19420645006768,44.653135927426376,44.96794073160929,27916800,BAC
2025-08-07,44.190765380859375,45.01712894221321,44.0530387460953,44.96794139447881,30609900,BAC
2025-08-08,45.26306915283203,45.54836217549566,44.24979143765272,44.41703359854042,37131600,BAC
2025-08-11,45.41063690185547,45.764793250537465,45.06632031439761,45.312261806230175,35559400,BAC
2025-08-12,46.728885650634766,46.88628806271559,45.607392995462654,45.7254438663309,35481200,BAC
2025-08-13,46.473106384277344,46.9846613896555,46.22716489013541,46.90596206297016,29465100,BAC
2025-08-14,46.93547058105469,46.95514634955161,46.12878283652648,46.325536768726586,21073800,BAC
2025-08-15,46.17797088623047,47.043685945713975,46.138623101575575,46.97482263160645,26276900,BAC
2025-08-18,47.14206314086914,47.260117758411134,46.03041030478534,46.15829717796851,43125100,BAC
2025-08-19,47.29946517944336,47.33881296242887,46.85676978412768,47.04368394980808,33783400,BAC
2025-08-20,47.56507873535156,47.71264511826824,47.092871563894796,47.38800057695915,30822200,BAC
2025-08-21,47.476539611816406,47.70280906614907,47.03384796901782,47.48637937214514,28713200,BAC
2025-08-22,48.676734924316406,48.85381308160011,47.6732932839651,47.732320587315996,45078900,BAC
2025-08-25,48.676734924316406,48.85381308160011,48.41111768839086,48.588195845674555,34715700,BAC
2025-08-26,49.434234619140625,49.444070626552964,48.45046875607315,48.45046875607315,40609300,BAC
2025-08-27,49.56212615966797,49.80806763003763,49.17845806633435,49.21780584948905,42428200,BAC
2025-08-28,49.670345306396484,49.81790794972947,49.463751601299364,49.72936886262194,32949400,BAC
2025-08-29,49.916282653808594,50.09335706055289,49.690013197832315,49.690013197832315,32496500,BAC
2025-09-02,49.60147476196289,49.6506660590644,48.863650338669174,49.404724584633165,52719800,BAC
2025-09-03,49.247318267822266,49.749037184474176,48.893161972412074,49.581798796513134,38344200,BAC
2025-09-04,49.7982292175293,50.004822910335996,49.306346263476506,49.42440087444294,34796900,BAC
2025-09-05,49.23436737060547,50.24339041247463,48.70017803544364,49.897154906954405,40063300,BAC
2025-09-08,48.92770004272461,49.37285780163389,48.353944088519185,49.26404104127354,48033100,BAC
2025-09-09,49.7487678527832,50.01586250080264,48.92769870068908,48.96726911676068,40060100,BAC
2025-09-10,49.590492248535156,50.0851111513071,49.432214350593846,49.82790720862575,31706300,BAC
2025-09-11,50.203819274902344,50.41155831105525,49.452000193454424,49.600383602002445,28055200,BAC
2025-09-12,50.035648345947266,50.381880056875936,49.916937096220906,50.15435582203101,27851100,BAC
2025-09-15,50.0455436706543,50.54016260245612,49.91694169176579,50.30274385478834,29043600,BAC
2025-09-16,50.11478805541992,50.3324215844503,49.66963027951361,50.095002846086,31624400,BAC
2025-09-17,50.846824645996094,51.074348888127915,50.243388981643434,50.31263532604691,38337900,BAC
2025-09-18,51.5689697265625,51.62832158191247,50.747900506887575,50.93585811187686,35246900,BAC
2025-09-19,51.68767547607422,52.09326282647187,51.202947289675684,51.58875320471587,98970700,BAC
2025-09-22,51.36122512817383,51.78659768707593,51.20294722999929,51.20294722999929,27468000,BAC
2025-09-23,51.14359664916992,52.31089759236581,50.96553353758798,51.440367243925536,28278200,BAC
2025-09-24,51.14359664916992,51.68767670182903,50.90617790917972,51.291980059726306,27010400,BAC
2025-09-25,51.29197692871094,51.76681437970585,50.886389593453195,50.92596000997654,22957900,BAC
2025-09-26,51.64810562133789,52.05369297615879,51.420581375818145,51.54918334890072,20025800,BAC
2025-09-29,51.8558464050293,51.98444838244537,51.5491850859548,51.79649454902413,23701000,BAC
2025-09-30,51.03478240966797,52.004235079791606,50.47091711963323,51.915203519594385,29945000,BAC
2025-10-01,50.13457489013672,51.12381274704764,50.01586740392743,50.74790130480146,27709100,BAC
2025-10-02,49.93672561645508,50.302742559946765,49.531138253763515,50.104898011233125,22757200,BAC
2025-10-03,50.095001220703125,50.5797293995498,50.00596966841058,50.07521601201115,24565700,BAC
2025-10-06,49.847694396972656,50.767685894551775,49.35307547455992,50.38188373885271,25386300,BAC
2025-10-07,49.7487678527832,50.362094207322706,49.59048996213937,50.00596800996345,24107300,BAC
2025-10-08,49.303611755371094,49.96639926535014,49.24425612927815,49.857586277977134,24014200,BAC
2025-10-09,49.254150390625,49.73887479370616,49.13543913899302,49.461889420516925,21816900,BAC
2025-10-10,48.12642288208008,49.600385164425,48.02749683295574,49.39264612172827,31831900,BAC
2025-10-13,48.33415985107422,48.86834917249833,48.28469871545556,48.67050085638094,34462800,BAC
2025-10-14,49.550926208496094,49.95651359365729,48.0077137369924,48.32426956084294,42462600,BAC
2025-10-15,51.71735382080078,52.281219095920996,50.67865482840265,51.01499584984654,69992200,BAC
2025-10-16,49.897151947021484,52.1921832801189,49.461888685103915,52.03390538727227,49027700,BAC
2025-10-17,50.72811508178711,51.21284328239635,49.788342155403335,50.40166855781997,48915400,BAC
2025-10-20,51.47993850708008,51.71735347732078,50.817147186735376,50.88639353419249,25786000,BAC
2025-10-21,50.96553421020508,51.80638486871691,50.886393371282935,51.52939947977521,27303400,BAC
2025-10-22,50.550052642822266,51.02489013179035,49.8971558125448,50.94574929241469,34955000,BAC
2025-10-23,51.202945709228516,51.242516126007565,50.559943417960845,50.92596033906045,26028800,BAC
2025-10-24,52.004234313964844,52.251543780465965,51.29198184287585,51.29198184287585,38923900,BAC
2025-10-27,52.44939041137695,52.49885154834825,51.96466221231539,52.231756880331815,27345800,BAC
2025-10-28,52.301002502441406,52.70658985781714,51.77670766525011,52.429604475699904,29575200,BAC
2025-10-29,52.01412582397461,52.439494610219256,51.75692188031848,52.09326288642381,29158800,BAC
2025-10-30,52.45927810668945,52.864865444313324,51.99433891757694,52.103151903187005,37548600,BAC
2025-10-31,52.87476348876953,53.06271732051941,52.20208145331125,52.22186666301801,39295700,BAC
2025-11-03,52.98358154296875,53.062718610076125,52.14272709138959,52.68680716379787,31252300,BAC
2025-11-04,52.96379470825195,53.41884320768012,52.152619983656386,52.44939058008159,47226600,BAC
2025-11-05,51.88552474975586,52.49885114550797,51.183166798681434,52.39003438082039,54353600,BAC
2025-11-06,52.71648406982422,53.171532559074116,52.20207995315976,52.84508226875824,55296000,BAC
2025-11-07,52.6274528503418,53.0033642790733,52.14272465747936,52.57799171400305,40537700,BAC
2025-11-10,52.84508514404297,53.40895420105422,52.76594807682719,52.835194425757116,26094600,BAC
2025-11-11,53.052825927734375,53.39905765909189,52.70659042273401,53.171533410822256,22244300,BAC
2025-11-12,53.52765655517578,54.101412501804326,53.191315561068485,53.31002303732911,40536700,BAC
2025-11-13,52.301002502441406,53.62658133258406,52.202080229868905,53.21110325940819,37716100,BAC
2025-11-14,52.043800354003906,52.33068021667423,51.47004062866325,52.29110979969018,32363100,BAC
2025-11-17,50.92596435546875,52.01412826085764,50.83693279751551,52.01412826085764,35546800,BAC
2025-11-18,51.0842399597168,51.61842928336724,50.599515545533926,50.728113743949834,35189500,BAC
2025-11-19,51.46015167236328,51.92509465373092,51.113916172367645,51.113916172367645,28112300,BAC
2025-11-20,50.45112609863281,52.38014049830906,50.42145017319925,51.9349827485926,36661600,BAC
2025-11-21,51.005104064941406,51.22273382228192,50.15435892416224,50.738009397000766,43867200,BAC
2025-11-24,51.37112045288086,51.67778553653779,50.84682561423003,51.09413506999255,52852100,BAC
2025-11-25,51.915199279785156,52.310895909155526,51.301872900539536,51.68767503867215,41310100,BAC
2025-11-26,52.41971206665039,52.67691223122637,51.984445024631945,52.132832202345995,32045600,BAC
2025-11-28,53.07261276245117,53.35948887422843,52.47906778154971,52.538423411732744,18920800,BAC
2025-12-01,52.667022705078125,53.319919509231696,52.63734300467835,52.924222875472,30536500,BAC
2025-12-02,52.617557525634766,53.06271529291954,52.39992777446213,52.95389853051185,46073500,BAC
2025-12-03,53.507877349853516,53.65626454205868,52.60767102546173,52.67691737551932,37134400,BAC
2025-12-04,53.57712173461914,54.10141658686414,53.41884382977294,53.62658287232553,38529600,BAC
2025-12-05,53.646728515625,54.521782783039725,53.43790991110381,53.62684048758677,33986500,BAC
2025-12-08,53.597007751464844,53.90526268802375,53.18931267952138,53.597007751464844,34386600,BAC
2025-12-09,53.23903274536133,53.97487080712905,52.970550060147666,53.666615859599375,47189300,BAC
2025-12-10,53.775997161865234,54.24335253012895,53.04015531989705,53.28874997291621,54424400,BAC
2025-12-11,54.253299713134766,54.34279394205114,53.44785165288745,53.646728138618656,35686900,BAC
2025-12-12,54.83003616333008,54.989136589823374,54.04447614797107,54.47205925540681,40539400,BAC
2025-12-15,55.01897048950195,55.7548085390532,54.76042992584626,55.09851880606676,32881300,BAC
2025-12-16,54.50189208984375,55.03885364760446,54.38256392744954,54.83003505329456,32931900,BAC
2025-12-17,54.24335479736328,55.25762147926561,54.15386056680562,54.8101503264773,35304100,BAC
2025-12-18,53.95498275756836,54.83998292399107,53.467739353426225,54.49194812777897,87452700,BAC
2025-12-19,54.95930862426758,54.99908468078129,54.074312229732044,54.21352463427648,73001900,BAC
2025-12-22,55.565879821777344,55.79458645525413,55.02891444235176,55.05874458790202,33408800,BAC
2025-12-23,55.655372619628906,55.90396727482717,55.49627219203215,55.49627219203215,22274600,BAC
2025-12-24,55.93379592895508,56.18239057752821,55.575819028089235,55.8144715597509,13634400,BAC
2025-12-26,55.854244232177734,56.23210916290389,55.7150318348716,55.96362648527636,15259400,BAC
2025-12-29,55.038856506347656,55.9337988045214,54.95930818720638,55.79458640108404,21040100,BAC
2025-12-30,54.9692497253418,55.327226640838795,54.859867468578436,55.178072121550684,17427600,BAC
2025-12-31,54.69082260131836,55.108459789512295,54.621216403286034,55.00902344753849,16293000,BAC
2026-01-02,55.6354866027832,55.67526265943332,54.571501743540686,54.7206562660983,25503600,BAC
2026-01-05,56.57019805908203,57.226487784651276,55.82441410760546,55.85424425182346,36096600,BAC
2026-01-06,56.92817687988281,57.08727730982571,56.43098756215458,56.689524338341734,31791900,BAC
2026-01-07,55.32722473144531,56.49064966665969,55.12834825267112,56.37132150344318,49695500,BAC
2026-01-08,55.864192962646484,56.26194594067546,55.158185030235906,55.168127147722544,30933700,BAC
2026-01-09,55.53604507446289,56.29177495893085,55.47638478423094,55.85424593321147,30768800,BAC
2026-01-12,54.879756927490234,55.13829750353676,54.42234365387384,54.97919706952873,45860600,BAC
2026-01-13,54.2334098815918,55.20790045668718,53.99475734800054,54.95930580610407,43542200,BAC
2026-01-14,52.18498992919922,53.17936855695054,51.3695997579034,52.58274289760112,84750000,BAC
2026-01-15,52.29437255859375,52.74184370292782,51.936395643126495,52.42364284323547,51018300,BAC
2026-01-16,52.672237396240234,53.07993248398119,51.95628356674258,52.39380879962812,52178400,BAC
2026-01-20,51.807125091552734,53.17936866268901,51.6679126903113,52.025889603934104,49172700,BAC
2026-01-21,51.77729415893555,52.562854174852994,51.757406131453074,51.93639458554194,36340000,BAC
2026-01-22,52.15515899658203,52.83133675670185,52.03583462516482,52.17504702402713,31229200,BAC
2026-01-23,51.429264068603516,51.90656535684477,51.09117518194261,51.817071128221194,34553500,BAC
2026-01-26,51.727577209472656,51.986113986348734,51.37954241018342,51.508812695248196,27728400,BAC
2026-01-27,51.876731872558594,51.95628398458854,51.51875874818431,51.916507928573566,26494300,BAC
2026-01-28,51.51875686645508,51.84689983345942,51.021567564188295,51.65796926416924,35030200,BAC
2026-01-29,52.781620025634766,52.79156214300204,51.65797110045848,51.687801245813795,35200500,BAC
2026-01-30,52.900943756103516,53.10976235755474,52.47336064270142,52.57279698817722,34549100,BAC
2026-02-02,53.72627639770508,53.78594048133467,52.652349445146534,52.900944103723,34624500,BAC
2026-02-03,54.143917083740234,54.810148944113756,53.37824508455866,53.895322426600245,41208400,BAC
2026-02-04,55.06869125366211,55.72498101754092,54.402455578961174,54.47206178170184,54522500,BAC
2026-02-05,54.631160736083984,54.97919553361559,53.94504084482701,54.710712847492395,32959700,BAC
2026-02-06,56.212223052978516,56.55031194079071,54.97919566913648,55.23773244534418,42468000,BAC
2026-02-09,56.092899322509766,56.40115806863437,55.86419268890254,56.073011294380414,31968400,BAC
2026-02-10,55.07863235473633,56.5105400264118,53.96492933818589,56.122729169830706,48304700,BAC
2026-02-11,53.54728698730469,55.7945847850718,52.94071921750365,55.65537238566653,48973500,BAC
2026-02-12,52.22476577758789,53.63678160263365,51.49886983739844,53.606951457760495,55481600,BAC
2026-02-13,52.25459671020508,52.52307939787106,51.1508358142183,51.61819498829466,31772100,BAC
2026-02-17,52.44353103637695,53.248975305462835,52.32420286867622,52.74184386912185,35542400,BAC
2026-02-18,53.06004333496094,53.30863798792215,52.49324782966965,52.69212431068929,30698900,BAC
2026-02-19,52.47336196899414,52.513138025491195,51.53864740083459,51.618195720575166,47148600,BAC
2026-02-20,52.7617301940918,52.79156033842742,51.538644964037566,52.23470695355785,33552000,BAC
2026-02-23,50.78291702270508,52.960604886511184,50.60392856340556,52.54296767698131,50602500,BAC
2026-02-24,50.126625061035156,50.59398421675283,49.191910542853144,50.45477181971012,53062700,BAC
2026-02-25,51.39942932128906,51.478981431370656,50.02718956166216,50.047077589182564,41375000,BAC
2026-02-26,52.00600051879883,52.373919542207126,51.44915092515456,51.58836332356563,52418500,BAC
2026-02-27,49.549888610839844,51.12100486287794,49.04275338882664,50.79286188974006,77728700,BAC
2026-03-02,49.53000259399414,50.13657039238987,48.30691729309221,48.50578999118731,40595200,BAC
2026-03-03,49.68910217285156,50.226063759017634,48.227364348849434,48.48590112787358,51242900,BAC
2026-03-04,50.017242431640625,50.12662468370891,48.93336961435548,49.60954736054731,34208500,BAC
2026-03-05,49.53000259399414,50.14651630324676,49.05270129070951,49.539944711597464,39073900,BAC
2026-03-06,48.63999938964844,48.70000076293945,47.619998931884766,48.54999923706055,47016000,BAC
2026-03-09,47.900001525878906,48.150001525878906,46.77000045776367,47.939998626708984,62752800,BAC
2026-03-10,48.560001373291016,49.150001525878906,47.599998474121094,48.279998779296875,50271100,BAC
2026-03-11,48.52000045776367,48.650001525878906,47.779998779296875,48.36000061035156,42185800,BAC
2026-03-12,47.130001068115234,47.779998779296875,46.790000915527344,47.70000076293945,58354500,BAC
2026-03-13,46.720001220703125,47.81999969482422,46.65999984741211,47.52000045776367,45473100,BAC
2026-03-16,47.060001373291016,47.68000030517578,46.900001525878906,47.119998931884766,38055600,BAC
2026-03-17,47.279998779296875,48.08000183105469,47.20000076293945,47.65999984741211,33427800,BAC
2026-03-18,46.83000183105469,47.880001068115234,46.689998626708984,47.220001220703125,40251800,BAC
2026-03-19,47.0099983215332,47.189998626708984,46.119998931884766,46.41999816894531,38601400,BAC
2026-03-20,47.15999984741211,47.459999084472656,46.689998626708984,47.130001068115234,78060900,BAC
2026-03-23,47.52000045776367,48.38999938964844,47.47999954223633,48.34000015258789,42333200,BAC
2026-03-24,48.13999938964844,48.459999084472656,47.02000045776367,47.04999923706055,39804100,BAC
2026-03-25,48.75,49.11000061035156,48.18000030517578,48.52000045776367,29988300,BAC
2026-03-26,48.2400016784668,48.869998931884766,48.029998779296875,48.709999084472656,32502600,BAC
2026-03-27,46.970001220703125,48.25,46.84000015258789,48.06999969482422,36781900,BAC
2026-03-30,47.22999954223633,47.86000061035156,46.93000030517578,47.54999923706055,43375900,BAC
2026-03-31,48.75,48.77000045776367,47.369998931884766,47.68000030517578,49060600,BAC
2026-04-01,49.27000045776367,50.04999923706055,48.779998779296875,49.70000076293945,32947000,BAC
2026-04-02,49.380001068115234,49.56999969482422,48.15999984741211,48.75,27548200,BAC
2026-04-06,50.060001373291016,50.119998931884766,49.25,49.43000030517578,28507200,BAC
2026-04-07,50.279998779296875,50.47999954223633,49.619998931884766,49.79999923706055,28473200,BAC
2026-04-08,51.880001068115234,52.2599983215332,51.369998931884766,51.939998626708984,36473500,BAC
2026-04-09,52.709999084472656,52.84000015258789,51.630001068115234,51.630001068115234,32008000,BAC
2026-04-10,52.540000915527344,52.83000183105469,52.20000076293945,52.79999923706055,25225300,BAC
2026-04-13,53.349998474121094,53.439998626708984,51.849998474121094,52.18000030517578,27835300,BAC
2026-04-14,53.349998474121094,53.56999969482422,52.79999923706055,53.099998474121094,40178500,BAC
2026-04-15,54.31999969482422,55.400001525878906,53.709999084472656,54.25,63838200,BAC
2026-04-16,53.5099983215332,54.5099983215332,53.470001220703125,54.040000915527344,35206700,BAC
2026-04-17,53.90999984741211,54.599998474121094,53.75,54.15999984741211,43484700,BAC
2026-04-20,53.95000076293945,53.95000076293945,53.18000030517578,53.5,43999200,BAC
2026-04-21,53.47999954223633,54.650001525878906,53.209999084472656,54.0,34266300,BAC
2026-04-22,53.119998931884766,53.79999923706055,53.0,53.66999816894531,24097600,BAC
2026-04-23,52.470001220703125,53.52000045776367,52.25,53.060001373291016,31956300,BAC
2026-04-24,52.04999923706055,52.5099983215332,51.93000030517578,52.31999969482422,30265400,BAC
2026-04-27,52.630001068115234,52.93000030517578,51.83000183105469,51.9900016784668,28043700,BAC
2026-04-28,52.65999984741211,53.43000030517578,52.630001068115234,53.02000045776367,21164100,BAC
2026-04-29,52.880001068115234,53.02000045776367,51.83000183105469,52.43000030517578,26250700,BAC
2026-04-30,53.459999084472656,53.65999984741211,52.150001525878906,52.61000061035156,27089200,BAC
2026-05-01,53.2400016784668,54.060001373291016,53.09000015258789,53.689998626708984,24825000,BAC
2026-05-04,52.189998626708984,53.06999969482422,52.0,53.06999969482422,42929000,BAC
2026-05-05,53.119998931884766,53.36000061035156,52.279998779296875,52.56999969482422,28458600,BAC
2026-05-06,53.599998474121094,54.20000076293945,53.470001220703125,53.81999969482422,27541200,BAC
2026-05-07,52.75,54.0,52.5,53.54999923706055,28682100,BAC
2026-05-08,51.310001373291016,53.0099983215332,51.099998474121094,52.97999954223633,36111200,BAC
2026-05-11,50.54999923706055,51.38999938964844,50.27000045776367,51.209999084472656,33132200,BAC
2026-05-12,50.779998779296875,51.08000183105469,49.84000015258789,50.86000061035156,33518800,BAC
2026-05-13,49.84000015258789,50.779998779296875,49.79999923706055,50.36000061035156,29838000,BAC
2026-05-14,49.849998474121094,50.470001220703125,49.4900016784668,50.060001373291016,36805848,BAC
2025-05-15,95.55111694335938,95.91805182937829,91.12809773384495,93.51811896268792,44026100,WMT
2025-05-16,97.42544555664062,98.36757321614498,95.20402052947098,95.3428591207856,33746200,WMT
2025-05-19,97.30644226074219,97.4651116888253,95.01559044505747,95.84862953243433,20041600,WMT
2025-05-20,96.98909759521484,98.00063697020651,95.71970431687956,97.74279063299858,15609600,WMT
2025-05-21,95.63044738769531,96.94942145932961,95.18418160580889,96.32464028532645,15742300,WMT
2025-05-22,95.13459777832031,96.15605633423446,95.02550923680177,95.73954057541935,13712200,WMT
2025-05-23,95.54118347167969,95.73952969104371,94.21229784954649,94.54947507326341,13668600,WMT
2025-05-27,96.77091979980469,96.98909688614438,95.77921127363199,96.49324262305802,17180900,WMT
2025-05-28,96.43373107910156,97.42543956529674,96.25522324894102,96.71140824465456,11220100,WMT
2025-05-29,96.2948989868164,96.95934190147965,96.04697184855677,96.82050330934511,14338000,WMT
2025-05-30,97.9014663696289,98.10972425103016,95.7990415820318,96.15605725475841,29980100,WMT
2025-06-02,98.9427490234375,99.08159516769716,97.23701683988737,98.02045985953261,16999200,WMT
2025-06-03,99.1510238647461,100.05347470818545,97.75271118163803,98.74441972870392,15598600,WMT
2025-06-04,98.5262451171875,99.29977659278313,98.49649507060859,98.96259931004082,11115600,WMT
2025-06-05,97.14776611328125,98.76424828376179,96.800669643072,98.47665946997097,15817100,WMT
2025-06-06,96.66181945800781,97.74277798784821,96.16596525544587,97.55435853584626,15599300,WMT
2025-06-09,96.64198303222656,97.03866791562768,95.96762100028509,96.59240215063569,13655700,WMT
2025-06-10,96.51307678222656,97.2766890445299,95.68004522335019,96.48332673600038,17162500,WMT
2025-06-11,95.00567626953125,96.48331979957479,94.55940290981472,96.48331979957479,16389600,WMT
2025-06-12,94.04371643066406,94.47015137724452,92.65532305346245,94.10321651795685,17845700,WMT
2025-06-13,93.65695190429688,94.52965264877658,93.23051695237417,93.73628283296935,18694700,WMT
2025-06-16,93.5082015991211,94.98584524399115,93.31977455041147,93.96438663155965,14881700,WMT
2025-06-17,93.46852111816406,94.03379463023859,92.8437475204401,93.17100555764694,14935600,WMT
2025-06-18,94.30155181884766,94.6982367076161,93.30984337999402,93.78586675974314,11333700,WMT
2025-06-20,95.3230209350586,95.51144039953462,94.41064339167944,94.45031263844682,20604900,WMT
2025-06-23,97.05850982666016,97.11800991317212,94.87674667222204,95.12467378753534,20432400,WMT
2025-06-24,97.18743133544922,98.28822835688646,96.44364997318813,96.91967337413475,22403700,WMT
2025-06-25,96.45357513427734,97.7427917021477,96.34448658911673,97.49486456608004,11154700,WMT
2025-06-26,95.22384643554688,96.532901347329,95.1246770991961,96.09655475415855,19361400,WMT
2025-06-27,96.4634780883789,96.94942067894428,95.3626886641774,95.52135808258656,31431900,WMT
2025-06-30,96.96925354003906,97.32626919656964,95.51144087022841,96.42381841810389,17803000,WMT
2025-07-01,97.42544555664062,98.36757321614498,96.61224485059682,96.79075269173501,15635800,WMT
2025-07-02,96.80066680908203,97.56427902118644,96.25522411033933,97.31635189741891,12502000,WMT
2025-07-03,97.54444885253906,97.66345659657625,96.61224043958624,96.8899176095376,7686200,WMT
2025-07-07,98.5262451171875,98.5262451171875,96.81059352462506,97.41553635884954,12930900,WMT
2025-07-08,96.28497314453125,98.34772860851015,95.70978797368745,98.00063215210392,16875000,WMT
2025-07-09,96.00729370117188,96.4833170916154,95.58085876023907,96.34447851234752,13702600,WMT
2025-07-10,94.07347106933594,95.97754961706202,93.95446332280221,95.85854943666388,18894800,WMT
2025-07-11,93.6172866821289,94.73791459646478,93.44869804801509,94.22222949031203,14595000,WMT
2025-07-14,94.98583221435547,95.04533229899202,93.59743889913526,93.72636583736094,13779100,WMT
2025-07-15,94.59908294677734,94.98584869629624,94.15281710229743,94.80734084527705,10450800,WMT
2025-07-16,94.3610610961914,95.03542314887797,93.82553762204604,94.62881905019655,11181600,WMT
2025-07-17,94.30155181884766,94.83707528376482,94.1032131575309,94.29164018207628,11165100,WMT
2025-07-18,94.26189422607422,94.68832917591412,93.64703224351997,94.30155590714908,14636300,WMT
2025-07-21,94.87675476074219,95.83871326074919,94.31148119228205,94.4701581913551,13450400,WMT
2025-07-22,95.05525970458984,95.86846038471552,94.9461711625858,95.04534050091614,9049100,WMT
2025-07-23,94.88667297363281,95.49161578554262,94.4999072501017,95.21393860620087,9729700,WMT
2025-07-24,95.79904174804688,96.15605742139216,94.55940609508008,94.77758318058393,14991500,WMT
2025-07-25,96.66181945800781,96.8403272735755,95.72961113602825,96.03703832045356,12868500,WMT
2025-07-28,96.80066680908203,97.31635189741891,96.27506251727654,96.47340118983641,12293100,WMT
2025-07-29,97.51470184326172,97.90146756575162,96.53290494820058,96.9692591237833,14034300,WMT
2025-07-30,96.78082275390625,98.06012754582123,96.48331476242936,97.79236959687853,13864100,WMT
2025-07-31,97.16761016845703,97.81221469368235,96.50315966842463,96.63208662637851,15651300,WMT
2025-08-01,97.67337036132812,98.01055519370978,96.8601696747008,97.18743530332945,16750400,WMT
2025-08-04,98.76424407958984,99.08159805728421,97.38576989505482,97.38576989505482,19050200,WMT
2025-08-05,98.48656463623047,99.63695008034644,98.08988730556229,98.84358028673991,17977000,WMT
2025-08-06,102.50299072265625,102.83025634211553,98.63532607613075,98.63532607613075,23738400,WMT
2025-08-07,102.2649917602539,103.03852324409056,101.26336397332223,102.60216904658843,12509500,WMT
2025-08-08,102.86992645263672,103.85171575311331,102.29473370442399,102.51291078589333,12394700,WMT
2025-08-11,103.0682601928711,103.46494508872189,102.25505956113773,103.03851014975592,12856700,WMT
2025-08-12,102.7608413696289,103.44511511546551,102.51291423527786,103.38561502438469,17915300,WMT
2025-08-13,100.15263366699219,101.95754273289444,100.01379509008702,101.30301909407504,19398500,WMT
2025-08-14,100.0137939453125,100.598905855117,99.88487457284332,100.38072878929617,10858400,WMT
2025-08-15,99.40248107910156,100.16787684653536,98.94523057619459,100.02871397972922,13604900,WMT
2025-08-18,100.0982894897461,100.27721424845278,99.32295139661947,99.40247519689066,11656100,WMT
2025-08-19,100.68477630615234,101.81796400976019,100.19770626115084,100.35674629094807,16999000,WMT
2025-08-20,101.95712280273438,102.03664660635683,100.3269227475107,100.54560941556878,18655000,WMT
2025-08-21,97.37466430664062,98.85575907142372,96.37069717838837,98.81600475488536,51825100,WMT
2025-08-22,96.25141906738281,98.45815524195002,96.18183763772561,97.48400764294207,32695200,WMT
2025-08-25,95.49596405029297,96.99694365032829,95.49596405029297,96.42040743524088,18956100,WMT
2025-08-26,95.47608184814453,95.89357042992714,94.8498413916635,95.70470329748909,22270400,WMT
2025-08-27,95.50589752197266,95.74446133281614,95.02876231647888,95.32697276788834,12925700,WMT
2025-08-28,95.53572082519531,95.99297130729855,95.12816703108608,95.42637749427854,19241600,WMT
2025-08-29,96.40052795410156,96.45022464356619,95.22757839267206,95.52578128088187,15600300,WMT
2025-09-02,97.26531982421875,97.26531982421875,95.93333030556093,96.64902933568446,15351300,WMT
2025-09-03,98.8458251953125,98.8458251953125,96.91741472172352,97.26532187319393,18995900,WMT
2025-09-04,100.32691192626953,100.7444004745462,99.05456154077503,99.31301008276813,15640900,WMT
2025-09-05,99.90943145751953,100.8736366949465,98.95516859122884,100.4760252713736,13748500,WMT
2025-09-08,101.66885375976562,101.74837756265072,99.81996705362708,100.24739801437539,13685700,WMT
2025-09-09,101.67879486083984,101.87759678176177,100.94321865286017,101.39052676683805,11819700,WMT
2025-09-10,99.81002807617188,101.83783187796531,99.79014333438171,101.34081950650855,17934900,WMT
2025-09-11,102.0366439819336,102.16586447164099,99.68080255091103,100.38655922634148,15900800,WMT
2025-09-12,102.87162017822266,103.35869777043955,101.74837493080204,101.92729969076177,11641900,WMT
2025-09-15,103.07042694091797,103.35869502340309,102.7921012292239,103.0306650415607,10756900,WMT
2025-09-16,102.80204010009766,103.58732058003429,102.51377200616088,103.22947105540982,14481900,WMT
2025-09-17,103.64696502685547,105.47597464598219,103.11019829582608,103.11019829582608,25382000,WMT
2025-09-18,102.98096466064453,104.01475133155566,101.5098122478993,103.1598894226062,14869400,WMT
2025-09-19,101.71855163574219,103.31893204507706,101.47998024208995,103.18970397756374,34791600,WMT
2025-09-22,102.20562744140625,102.58335412713731,101.3110036238251,101.83783554312089,12861900,WMT
2025-09-23,101.90740966796875,102.06645726138338,100.7245254231258,101.79807392725453,13158700,WMT
2025-09-24,102.11616516113281,102.85174134731304,101.86765897544154,102.42431040457177,11391800,WMT
2025-09-25,102.43424987792969,102.89150033661065,101.96705704863638,102.60323225930613,13366700,WMT
2025-09-26,102.5436019897461,102.87162440999337,101.85772245105134,102.26526867539806,11859300,WMT
2025-09-29,102.46407318115234,102.69269462701281,101.47004842988112,102.43425365202333,15477200,WMT
2025-09-30,102.44419860839844,103.31894532998602,102.10623379964524,102.3845595442203,13873400,WMT
2025-10-01,101.35076141357422,102.24538519486353,99.94919047606005,101.94717473983147,16142800,WMT
2025-10-02,101.09231567382812,101.52968899770869,99.27325611564885,100.84380948231546,15605400,WMT
2025-10-03,101.4601058959961,102.2056244582525,100.59530163360814,100.85375019198966,11867500,WMT
2025-10-06,102.08634185791016,102.45413375662827,100.97303895810563,101.27124184177875,13303600,WMT
2025-10-07,102.62311553955078,102.63305791075632,100.34679789713913,101.76825362724571,15538900,WMT
2025-10-08,102.28515625,102.64300579454684,101.53963762949535,102.40443437564389,13584100,WMT
2025-10-09,101.16189575195312,102.83185763994952,99.77026716512864,102.5137700224172,19508000,WMT
2025-10-10,101.23148345947266,103.01078878732672,100.91339582221318,101.44023534424973,18519400,WMT
2025-10-13,101.50981140136719,101.83783380905545,100.46608236799362,100.76429283004524,10871200,WMT
2025-10-14,106.56939697265625,107.27515366447165,102.27521017729275,103.42828257550876,30859500,WMT
2025-10-15,108.3785171508789,108.90534905434654,106.65885858234518,106.67873574044658,21416300,WMT
2025-10-16,105.83381652832031,108.92523411285312,105.02865890625081,108.5474998535656,16366200,WMT
2025-10-17,107.08628845214844,107.55347370900562,105.58530897303353,106.52962944140913,13735600,WMT
2025-10-20,106.41035461425781,107.60318130419952,105.97298128883585,107.20556987961658,10581200,WMT
2025-10-21,105.58531188964844,106.8377852186507,105.54554998893964,106.68867998694448,10899700,WMT
2025-10-22,106.49981689453125,107.12604979088455,105.02866443153405,105.91334590039507,12296500,WMT
2025-10-23,106.22148895263672,106.92724563873942,105.14794036653377,106.70855897299913,11408200,WMT
2025-10-24,105.53560638427734,106.52963113895748,104.8795539897681,106.43023018025087,10318000,WMT
2025-10-27,103.84577178955078,105.72447804978319,103.5276841577603,105.70459330690466,16375900,WMT
2025-10-28,102.55352783203125,103.51773301716254,102.43424972009366,103.43820921999968,13323000,WMT
2025-10-29,101.84777069091797,103.05053967776902,101.49986355981339,102.29508635988671,11986400,WMT
2025-10-30,101.61915588378906,102.75234351833933,101.3507649481388,101.58932877020013,14065100,WMT
2025-10-31,100.57542419433594,101.48992514136701,99.58139944743948,101.09231372584703,20237000,WMT
2025-11-03,100.98297882080078,101.19173070881288,99.80009443030868,100.21758303871765,14811700,WMT
2025-11-04,101.65890502929688,102.00681974920394,100.85374743092096,101.51974217485676,12636400,WMT
2025-11-05,100.86370086669922,102.06647000276905,100.24740274099246,101.13208423433149,13356800,WMT
2025-11-06,101.07243347167969,101.32093965079143,99.43229117278085,100.73446112450823,14866000,WMT
2025-11-07,101.97699737548828,102.35473164121153,101.12214305155258,101.51974689196653,17248700,WMT
2025-11-10,101.80801391601562,102.05652010556875,100.99291391763362,101.53963056817334,14507600,WMT
2025-11-11,102.82192993164062,103.12013282771579,101.70861940172705,101.88754417289518,13182100,WMT
2025-11-12,102.82192993164062,102.98096995945254,102.04659178451462,102.73246375415279,12084400,WMT
2025-11-13,101.92729949951172,103.30899330512764,101.41040237890593,102.97102094414583,18088500,WMT
2025-11-14,101.86766052246094,101.87759530969846,98.28916532711602,99.60127770414014,23424200,WMT
2025-11-17,102.33484649658203,102.70263838970683,101.48992696331345,101.96706218726435,15289400,WMT
2025-11-18,100.78417205810547,102.7225173498255,100.77422968681769,102.36467540534484,17604500,WMT
2025-11-19,100.00882720947266,101.10225287950234,99.08438392092434,100.97303239668837,22157000,WMT
2025-11-20,106.4699935913086,107.26521643985976,102.06646356223699,103.31893689437258,50375900,WMT
2025-11-21,104.69068145751953,107.50377318822244,104.09426815224778,107.33479080875999,41420800,WMT
2025-11-24,103.43821716308594,105.63501103770798,103.14001427653606,104.73045242289056,42519200,WMT
2025-11-25,106.36064910888672,106.77813768714435,103.60720386602709,103.9849305439068,20212900,WMT
2025-11-26,108.4480972290039,108.9351672263943,106.52962918431957,106.55944871300372,17783300,WMT
2025-11-28,109.84968566894531,110.03854522893779,108.34870605788826,108.64691653927703,9846500,WMT
2025-12-01,110.86357879638672,111.09220782502412,109.70057166275286,109.84967689153316,17236800,WMT
2025-12-02,111.73832702636719,111.97689084554575,110.12800418334595,110.80394132419111,18711800,WMT
2025-12-03,113.72637939453125,114.20350704482902,111.54946268660179,111.82778841324337,24478300,WMT
2025-12-04,114.15380096435547,114.20350523638606,112.48384663095018,112.94109711516455,25905100,WMT
2025-12-05,114.42218780517578,115.57525255371876,113.99475686595049,114.04446113620267,23956400,WMT
2025-12-08,112.8814468383789,114.3029025172968,111.62898112864107,113.8854139473842,22700700,WMT
2025-12-09,114.37248992919922,115.02854993093351,112.34467844721226,113.26912180541503,24326700,WMT
2025-12-10,112.50372314453125,115.53550170964621,112.31485601246625,114.66075506328801,22859600,WMT
2025-12-11,114.8297348022461,115.17764952881979,112.17569056253069,112.46395864762513,21586600,WMT
2025-12-12,116.23915100097656,116.48816375599088,114.56578498330971,114.80484269959511,19092400,WMT
2025-12-15,116.32880401611328,116.9861937630029,115.18334377916236,116.46825055634037,18713700,WMT
2025-12-16,114.9642105102539,116.4184441331518,114.49606530028865,116.11963337733977,19642300,WMT
2025-12-17,115.2032699584961,115.93038298119593,114.61559587784929,114.74507978071276,16177800,WMT
2025-12-18,114.37654113769531,116.02002685042402,114.15740869609598,114.55583062634328,21476700,WMT
2025-12-19,113.90839385986328,114.82475896321472,113.08166969956604,114.68531243006412,50043800,WMT
2025-12-22,112.15534973144531,113.86855879947925,111.7768530579851,113.55978539742661,21473900,WMT
2025-12-23,110.4620590209961,111.90632995222431,110.26284425854885,111.54775097908545,20319900,WMT
2025-12-24,111.16925811767578,111.26886170266053,110.11344643815782,110.46206278523768,9009600,WMT
2025-12-26,111.29874420166016,111.52783929095921,110.92024753158627,111.27882652397903,9003800,WMT
2025-12-29,112.08561706542969,112.33462981376638,111.12940902372871,111.1493266999186,12979600,WMT
2025-12-30,111.47803497314453,112.24499855980663,111.39834906297531,111.44815465664773,11730600,WMT
2025-12-31,110.97004699707031,111.8067262002754,110.88039845428912,111.28878301723408,11487400,WMT
2026-01-02,112.3147201538086,112.34460046985909,110.68119701607182,110.98997041428227,14306600,WMT
2026-01-05,112.26490783691406,113.28088411737933,111.70712170600206,112.37447405538123,19557600,WMT
2026-01-06,113.88846588134766,114.33669338377976,111.54774758842194,111.9561321395757,20120800,WMT
2026-01-07,112.27487182617188,114.27693649767366,111.6573174600388,113.73906803670604,23306000,WMT
2026-01-08,112.62348937988281,113.02191131075173,109.37636090231058,110.85051976674569,24058300,WMT
2026-01-09,114.07772827148438,115.00405607413008,111.81669567753553,111.81669567753553,21902900,WMT
2026-01-12,117.50414276123047,118.37070230512944,115.95030556588084,117.03599755512734,49182100,WMT
2026-01-13,119.88469696044922,120.03410612780056,117.26508561005089,117.42444981576396,31222100,WMT
2026-01-14,119.56596374511719,120.76122191334015,118.55995010064876,119.71537291596158,32764000,WMT
2026-01-15,118.72927856445312,120.39268954357787,118.26114096835724,119.50620474356865,34559400,WMT
2026-01-16,119.22730255126953,120.12374997782183,116.43836428998766,118.2013712294854,415144600,WMT
2026-01-20,118.24121856689453,121.1397307536994,117.14556393792557,120.41261014762198,45334000,WMT
2026-01-21,118.8886489868164,120.01418389072646,117.08579909313113,117.61370491177271,34811700,WMT
2026-01-22,117.36469268798828,119.04801373249136,117.185403201674,118.81892625508576,24547300,WMT
2026-01-23,117.26509094238281,118.14161311182713,116.6774168838822,117.70334822747184,20806900,WMT
2026-01-26,117.17544555664062,118.380666421838,116.92643279277506,117.34477241224526,19552200,WMT
2026-01-27,116.47821044921875,117.1654804957765,115.02397685022356,117.03599659697956,22968600,WMT
2026-01-28,116.10967254638672,116.99615738784763,115.4124398393725,116.17939581708815,16342000,WMT
2026-01-29,116.94635772705078,117.19537049018723,115.61164536502085,115.99014202925233,16381100,WMT
2026-01-30,118.66951751708984,118.93845554717745,116.13954702285811,116.44832800552413,22215400,WMT
2026-02-02,123.5700912475586,123.70953778708709,118.57988094171775,119.02810087602128,31210100,WMT
2026-02-03,127.20567321777344,127.66385576917413,123.16170856030108,123.16170856030108,32018700,WMT
2026-02-04,127.4945297241211,128.89896530076112,126.58811965421592,127.6240212194025,27531800,WMT
2026-02-05,126.438720703125,129.08822010153554,126.06021644662846,128.07224379114265,30517800,WMT
2026-02-06,130.66197204589844,131.17992285780286,126.54829146247491,126.7873415914411,26593400,WMT
2026-02-09,128.51051330566406,131.2695638265917,127.58417790733635,130.90102979422613,27197300,WMT
2026-02-10,126.19966888427734,128.8292431293693,125.8908954810274,128.43082877650485,24662000,WMT
2026-02-11,128.26148986816406,129.22766054156153,126.12993376438375,126.19965702951212,19232100,WMT
2026-02-12,133.1122589111328,133.95890836521818,128.79935613162505,128.86908699895253,33382700,WMT
2026-02-13,133.36126708984375,134.118260374443,131.22971856884888,132.17596397423097,24131200,WMT
2026-02-17,128.34117126464844,134.15810517758902,127.65389367589613,132.58434284935956,37995900,WMT
2026-02-18,126.11998748779297,128.36109476526104,125.27333801050229,127.62402671064055,36485000,WMT
2026-02-19,124.37689208984375,129.5862422047388,123.90874690025707,127.9925545127162,42993300,WMT
2026-02-20,122.50431823730469,122.99238873015149,120.57198434058695,122.51428087573963,35151000,WMT
2026-02-23,125.31317901611328,126.29927501801508,122.47443506957713,123.0322212206814,25662800,WMT
2026-02-24,126.24946594238281,127.53436506225285,124.41673572546264,125.40282410088673,20161200,WMT
2026-02-25,125.25341796875,126.89690370051927,124.92471930254288,126.11002246896268,17345700,WMT
2026-02-26,123.92867279052734,126.82718506321761,123.45057253064576,125.48251763330904,18638300,WMT
2026-02-27,127.4447250366211,128.09216731908256,124.65578673870745,125.02432075277177,29205500,WMT
2026-03-02,126.59809112548828,128.24157693224024,126.54829313089985,126.9566701232984,17091500,WMT
2026-03-03,127.40489196777344,127.86306693425331,125.17373217031401,126.02037403309,16480400,WMT
2026-03-04,127.3052749633789,127.66385392874334,125.74147520858752,126.60804230809586,16434100,WMT
2026-03-05,122.82305145263672,125.18369515590186,121.16961067594359,124.88487680384983,28604900,WMT
2026-03-06,123.31112670898438,123.69958602213366,121.13973505122514,122.01625726564232,21553000,WMT
2026-03-09,123.84898376464844,124.01831821839308,122.01625348243766,123.20155666231803,19375900,WMT
2026-03-10,124.62590789794922,125.60203365402064,122.86289331517725,123.7194978109023,18793600,WMT
2026-03-11,123.0023422241211,124.99444432715642,122.56408492895451,124.81515483391257,18176500,WMT
2026-03-12,124.8350830078125,124.89484364052527,121.79712419046949,121.81704946755148,21751600,WMT
2026-03-13,126.02037811279297,126.18971257024316,124.47650351287197,124.8948431387138,15194100,WMT
2026-03-16,125.49246978759766,126.47856579955872,124.33705452005711,126.25943335245626,20463200,WMT
2026-03-17,124.58606719970703,126.68773552385488,124.36693475275074,126.14986704476209,19895000,WMT
2026-03-18,121.49830627441406,124.1179177107379,121.34889710216198,123.83902464214266,19734900,WMT
2026-03-19,120.61181640625,122.26526477509258,118.79900382312763,121.91664843204333,17927700,WMT
2026-03-20,118.79328918457031,121.0689526721321,117.79519396918542,120.40022309052897,57545600,WMT
2026-03-23,120.49005889892578,120.89927398864255,118.82324167143548,120.25051817287543,22181500,WMT
2026-03-24,121.8175277709961,123.87360154016888,120.26049400975914,120.40022673495365,17269600,WMT
2026-03-25,122.82559204101562,123.25477327869513,121.54803141207071,122.57606824271039,16597300,WMT
2026-03-26,121.94727325439453,123.56419023849065,121.55801673107064,123.37454971153619,16442500,WMT
2026-03-27,122.65592193603516,124.03329060905865,121.58796034687597,121.797559430932,16543300,WMT
2026-03-30,123.26475524902344,125.02140490538139,122.90544037352153,123.47435432392255,20428900,WMT
2026-03-31,124.04327392578125,124.76190370952608,122.60601435829157,123.19489450352893,21330400,WMT
2026-04-01,124.50239562988281,124.99146777045921,122.89546171624545,123.5641913010441,17039700,WMT
2026-04-02,125.55039978027344,125.66019086466167,123.91352421376449,124.91161944284859,11898400,WMT
2026-04-06,126.54849243164062,126.73813295805967,125.13119906277755,125.57035577652285,10850400,WMT
2026-04-07,122.25668334960938,126.11931465504222,121.55801973021642,125.94964029245568,16076000,WMT
2026-04-08,127.0176010131836,127.05752573613917,121.09889599882592,122.04708342071828,20194300,WMT
2026-04-09,128.884033203125,129.44296405735184,126.57842819971576,126.84791054304318,13853100,WMT
2026-04-10,126.52852630615234,128.68440799806444,125.97957851006859,128.47481653280053,13894000,WMT
2026-04-13,124.33271789550781,126.05942593004949,123.71389613445722,126.04944284595747,14510600,WMT
2026-04-14,124.81181335449219,124.96152154925787,122.31657524356561,122.9154308672155,15320800,WMT
2026-04-15,124.5223617553711,124.83176883675557,122.94536948050799,124.39260450328428,17001400,WMT
2026-04-16,124.58224487304688,125.70011425915739,123.73386546026387,124.09318034812574,18324500,WMT
2026-04-17,127.25714111328125,127.32700747439601,123.13501057778576,124.33272180114233,24763700,WMT
2026-04-20,127.67633819580078,129.22338882645656,127.0774825892077,127.62643800392097,18933600,WMT
2026-04-21,129.3531494140625,129.52282377758172,127.23718476034317,127.5865165719599,17312400,WMT
2026-04-22,129.73240661621094,130.2015125669619,128.5945787256014,129.7523727840388,17624500,WMT
2026-04-23,131.77850341796875,132.20769225837955,130.24144356493085,130.32129300569852,16376000,WMT
2026-04-24,129.6725311279297,131.86833759939617,129.033750786599,131.68868776733035,16016300,WMT
2026-04-27,127.34696197509766,129.5627345211589,127.1573290666003,129.37309399779951,17029500,WMT
2026-04-28,127.34696197509766,129.52281741453146,126.53850730580689,129.0936285622354,16341800,WMT
2026-04-29,127.76616668701172,127.83604066435157,125.6701758126882,126.43870579994015,16538800,WMT
2026-04-30,131.67869567871094,132.17774329103938,127.70628094889952,127.77615492489326,19867700,WMT
2026-05-01,131.34933471679688,133.11595225949642,130.73050533514794,131.6687172620817,10480900,WMT
2026-05-04,130.08175659179688,131.49905002829192,129.43298553731375,130.1616060398744,10340700,WMT
2026-05-05,130.54086303710938,131.47907495130153,130.0518061416393,130.26139760263393,10637300,WMT
2026-05-06,129.8322296142578,130.9001835931079,129.28327419067853,130.6107426768886,16371500,WMT
2026-05-07,129.95199584960938,130.35124307928913,128.42491136668013,129.6525642347807,14935400,WMT
2026-05-08,130.42999267578125,131.41000366210938,130.25,130.32000732421875,15183700,WMT
2026-05-11,127.58999633789062,130.60000610351562,126.37999725341797,130.17999267578125,18699200,WMT
2026-05-12,130.35000610351562,131.1199951171875,127.72000122070312,128.0800018310547,17935400,WMT
2026-05-13,131.47000122070312,132.52999877929688,128.77000427246094,129.19000244140625,13786600,WMT
2026-05-14,132.4600067138672,132.77999877929688,130.8699951171875,131.35499572753906,10478747,WMT
2025-05-15,21.12384033203125,21.12384033203125,20.647151693873862,20.749967414682327,51800100,PFE
2025-05-16,21.338815689086914,21.357509779465477,20.983636885727115,21.170572441213004,37786800,PFE
2025-05-19,21.49771499633789,21.525756135955262,21.161228451996777,21.25469713462118,31513700,PFE
2025-05-20,21.983747482299805,22.15199072969375,21.64726098751191,21.656608032674526,57047500,PFE
2025-05-21,21.53510284423828,21.946362188898977,21.53510284423828,21.937015142506667,42984700,PFE
2025-05-22,21.53510284423828,21.647263835412357,21.320124342748812,21.53510284423828,38602800,PFE
2025-05-23,21.796812057495117,21.862239596608855,21.385550948080095,21.450980269960567,35405400,PFE
2025-05-27,22.067873001098633,22.114606452393854,21.843549225901175,22.0117907202241,36155400,PFE
2025-05-28,21.665958404541016,22.09591185143921,21.60053086112319,22.06787249441263,36737200,PFE
2025-05-29,21.91832160949707,21.91832160949707,21.64726262754503,21.806158841814604,26091400,PFE
2025-05-30,21.955707550048828,22.07721736105536,21.64726217384508,21.946360504373967,56618600,PFE
2025-06-02,21.92766761779785,22.021136296915255,21.703343857576147,22.002443987305192,30443900,PFE
2025-06-03,21.824853897094727,22.00244421094621,21.55379490317579,21.85289325317821,37887100,PFE
2025-06-04,21.862241744995117,22.00244566574999,21.824855340156216,21.88093583879802,24500100,PFE
2025-06-05,21.60987663269043,21.908974975105508,21.572488448505172,21.908974975105508,33173600,PFE
2025-06-06,21.824853897094727,22.039830613313118,21.731385217027274,21.75007930959412,30426200,PFE
2025-06-09,22.404354095458984,22.563250299657984,21.890279084515136,21.908973175071864,42542600,PFE
2025-06-10,22.712800979614258,22.82496374769937,22.395008549934275,22.404355595838595,40439200,PFE
2025-06-11,22.881044387817383,23.077328787539624,22.731495217917928,22.740842263882485,38558700,PFE
2025-06-12,23.217531204223633,23.254917605786535,22.927779906735815,22.927779906735815,42465400,PFE
2025-06-13,22.93712615966797,23.320346121961688,22.862349793594376,23.17079695534788,46368400,PFE
2025-06-16,22.806272506713867,22.983862835561595,22.694111507375155,22.89974119467409,35102100,PFE
2025-06-17,22.432397842407227,22.7314961950633,22.348276207876854,22.68476274599834,40408800,PFE
2025-06-18,22.320234298706055,22.50717165404997,22.217420357756975,22.39500888429027,37076200,PFE
2025-06-20,22.404354095458984,22.51651685603276,22.217418538191495,22.43239523129408,63098100,PFE
2025-06-23,22.460437774658203,22.51651826707619,22.217419930491317,22.31088860636577,31959100,PFE
2025-06-24,22.722148895263672,22.806270528855787,22.53521331832203,22.563252674341545,34404200,PFE
2025-06-25,22.6754150390625,22.7782307633304,22.49782472880888,22.628679808592203,25603300,PFE
2025-06-26,22.656721115112305,22.834311426684625,22.581946528571343,22.731495701653266,31835300,PFE
2025-06-27,22.609989166259766,22.82496589397362,22.507173434411015,22.759538349257827,39528800,PFE
2025-06-30,22.656721115112305,22.787576195867295,22.54456012668425,22.628679976621907,44730900,PFE
2025-07-01,23.40446662902832,23.69421790260619,22.675413139661483,22.6941072302837,59259900,PFE
2025-07-02,23.66617774963379,23.70356593243111,23.39512055541993,23.488587446879873,36772100,PFE
2025-07-03,23.722259521484375,23.853116385571386,23.572710347756455,23.694220165639624,27104600,PFE
2025-07-07,23.591402053833008,23.862461018025787,23.497933384015962,23.703564814166786,34905900,PFE
2025-07-08,23.94658660888672,24.264377286474183,23.563364820886672,23.591405961306254,51275800,PFE
2025-07-09,23.8905029296875,24.152214876651048,23.684873260280504,24.01201274829324,38362200,PFE
2025-07-10,24.096134185791016,24.348497301674872,23.87181042569049,23.909196827657194,39499200,PFE
2025-07-11,23.97462272644043,24.04005026247689,23.759646027244443,23.97462272644043,34864400,PFE
2025-07-14,23.6942195892334,23.95592974550728,23.68487254325694,23.909196298391727,25918000,PFE
2025-07-15,23.002553939819336,23.77834091834805,22.927779355723796,23.68487224253695,54458000,PFE
2025-07-16,23.002553939819336,23.329691631008117,22.927779355723796,23.067981478057092,44218200,PFE
2025-07-17,22.974512100219727,23.161449446129726,22.85300407331488,22.89039047283689,47393900,PFE
2025-07-18,22.8716983795166,23.161451469263465,22.796923791174436,23.096022144543106,36309400,PFE
2025-07-21,22.6754150390625,23.039940922897042,22.6754150390625,22.98386042909944,33663400,PFE
2025-07-22,23.497934341430664,23.497934341430664,22.750188517960847,22.778229654878466,48091600,PFE
2025-07-23,23.70356559753418,23.862461806644465,23.600749879060864,23.722257905902065,42073300,PFE
2025-07-24,23.6942195892334,23.87180989725263,23.610097958212013,23.731605990372497,25672400,PFE
2025-07-25,23.570613861083984,23.741758377990397,23.40897586162068,23.741758377990397,35643400,PFE
2025-07-28,23.11422348022461,23.51356432096672,23.047666975689047,23.466024478735243,31096600,PFE
2025-07-29,23.104717254638672,23.133242250694323,22.752918037596807,23.114225586657223,38499800,PFE
2025-07-30,22.638816833496094,23.199795652721924,22.629308502751577,23.123730820294455,35649500,PFE
2025-07-31,22.144399642944336,22.667345217440353,22.00177647396458,22.43915068601324,62768300,PFE
2025-08-01,22.334558486938477,22.363083480427672,21.97325097038565,22.153903821897693,51332700,PFE
2025-08-04,22.372591018676758,22.51521235401059,22.248984531466412,22.287017854770724,57010700,PFE
2025-08-05,23.532581329345703,23.665694340374415,23.076192308508325,23.076192308508325,113955100,PFE
2025-08-06,22.75291633605957,23.494548042755866,22.68635983043593,23.466024862362172,65689200,PFE
2025-08-07,23.038158416748047,23.266352921554596,22.762424070180067,22.98111024392859,45494400,PFE
2025-08-08,23.37094497680664,23.399469972699027,22.97160410195767,23.095210603962457,36377000,PFE
2025-08-11,23.37094497680664,23.694221009471466,23.323405130514885,23.389961640734896,38115700,PFE
2025-08-12,23.437501907348633,23.5516000794355,23.2663555559828,23.447010239483284,34402700,PFE
2025-08-13,23.922414779663086,23.96044810631709,23.523073917440172,23.532582249103672,40176500,PFE
2025-08-14,23.874874114990234,23.941430620820306,23.599137946804202,23.85585745231628,32514000,PFE
2025-08-15,23.903396606445312,24.0555262763942,23.741758605433535,23.979461441419755,31844800,PFE
2025-08-18,23.836841583251953,23.988971262650963,23.77979340685953,23.903398091297916,35623300,PFE
2025-08-19,24.074542999267578,24.17913282769462,23.86536515594222,23.903396666761047,29170500,PFE
2025-08-20,24.131591796875,24.426344627611638,24.093560285071774,24.141100128208,38111000,PFE
2025-08-21,24.47388458251953,24.616505926108317,24.12208538923578,24.160116901212696,37068100,PFE
2025-08-22,24.606998443603516,24.825686445747795,24.492902090208,24.626015107012382,34560500,PFE
2025-08-25,23.903396606445312,24.61650511440398,23.874873426785346,24.606996783341085,32684200,PFE
2025-08-26,23.6942195892334,23.99847893973258,23.646679745791193,23.903397439319388,43938700,PFE
2025-08-27,23.836841583251953,23.931923086258543,23.62766372746052,23.77979340685953,31840300,PFE
2025-08-28,23.38996124267578,23.836841956211323,23.304388069983826,23.836841956211323,44306800,PFE
2025-08-29,23.542089462280273,23.6561858097639,23.304386622572512,23.46602462611494,37030000,PFE
2025-09-02,23.75126838684082,23.836841558103586,23.49454887305252,23.51356553633954,44725000,PFE
2025-09-03,23.570613861083984,23.884381529038794,23.50405554428134,23.656185212772844,30957600,PFE
2025-09-04,23.332914352416992,23.561108887672958,23.15225966526599,23.561108887672958,41695500,PFE
2025-09-05,23.656185150146484,23.66569348109312,23.30438597276449,23.3614341449156,34613200,PFE
2025-09-08,23.342418670654297,23.74175952308741,23.114224156910915,23.675203016603355,49242900,PFE
2025-09-09,23.494548797607422,23.57061545051124,23.304387605934334,23.342419118857425,32751300,PFE
2025-09-10,23.361434936523438,23.43749977314529,23.24733858835503,23.427991441876465,32975900,PFE
2025-09-11,23.637170791625977,23.637170791625977,23.33291144914315,23.389959622476496,36784100,PFE
2025-09-12,22.69586753845215,23.618153887604624,22.667342545313065,23.58962889446554,81378200,PFE
2025-09-15,22.79094886779785,22.933572030264656,22.51521450165497,22.809965531263938,50760200,PFE
2025-09-16,22.72439193725586,23.028651292948478,22.695868756115186,22.781440113066022,57010800,PFE
2025-09-17,22.86701202392578,23.190288024923863,22.724390685492203,22.80045552022536,46351600,PFE
2025-09-18,22.962095260620117,23.0476684328701,22.78144058436695,22.86701375661693,34419000,PFE
2025-09-19,22.847997665405273,23.057175512025463,22.64832633649299,23.057175512025463,86577600,PFE
2025-09-22,22.857507705688477,23.580122798416497,22.847999373740883,23.08570223184399,67863300,PFE
2025-09-23,22.943077087402344,23.16176507627811,22.867012251910822,22.914553907548477,38955200,PFE
2025-09-24,22.905046463012695,22.990619632944053,22.80045663009019,22.98111130144848,39669400,PFE
2025-09-25,22.43914794921875,22.96209345993363,22.420131287203628,22.905045287416975,56738300,PFE
2025-09-26,22.591279983520508,22.63881983000688,22.448658630532492,22.562754987511347,33374500,PFE
2025-09-29,22.676851272583008,22.686359603795506,22.477179944178072,22.619803098836776,39184300,PFE
2025-09-30,24.226673126220703,24.369294468154674,22.638818075357303,22.6768514004217,164867300,PFE
2025-10-01,25.8715763092041,26.09977263216297,24.321754585917958,24.6925704370508,150879900,PFE
2025-10-02,25.74797248840332,25.833545658983592,25.310600117463085,25.6053511419458,69684100,PFE
2025-10-03,26.02370834350586,26.327967695817577,25.7099406597433,25.86207033589916,70524000,PFE
2025-10-06,25.12994384765625,26.014198678436326,25.091910523802667,25.928625513294467,62945600,PFE
2025-10-07,24.977815628051758,25.272566650898238,24.768635961781712,25.12043697371755,47744200,PFE
2025-10-08,24.41683578491211,25.196500802601598,24.369294129242792,25.12043596705942,48693300,PFE
2025-10-09,23.998477935791016,24.626013273325736,23.969952942801726,24.51191692842599,47278700,PFE
2025-10-10,23.561105728149414,24.169624407230177,23.408976058379224,24.017494737459987,64963900,PFE
2025-10-13,23.513565063476562,23.722744728369488,23.399468713106597,23.618154895923027,45356600,PFE
2025-10-14,23.31389617919922,23.57061569482408,23.27586285235309,23.437500864391463,42277000,PFE
2025-10-15,23.190288543701172,23.370943210307008,23.019142208340778,23.28537004262681,47729800,PFE
2025-10-16,23.038158416748047,23.399467742838286,23.01914175463199,23.237829741909227,44390000,PFE
2025-10-17,23.30438804626465,23.323404709849918,22.97160368763785,23.009637014808387,40101900,PFE
2025-10-20,23.475534439086914,23.51356595280573,23.304388093530083,23.361436270872737,35856800,PFE
2025-10-21,23.627662658691406,23.732250675091795,23.38995981869155,23.504056166315383,40726900,PFE
2025-10-22,23.504056930541992,23.703728265669067,23.40897724227356,23.57061525127022,48662900,PFE
2025-10-23,23.45651626586914,23.561106095540296,23.304386593726775,23.542089433140315,34219900,PFE
2025-10-24,23.542089462280273,23.608645967233848,23.46602462611494,23.485041288538458,27429200,PFE
2025-10-27,23.551599502563477,23.580122684739855,23.418484669467826,23.523074506858222,34974900,PFE
2025-10-28,23.294878005981445,23.561105836063003,23.180779846366857,23.561105836063003,50152400,PFE
2025-10-29,23.0952091217041,23.418483320092193,23.038159133580816,23.323403633610926,65438400,PFE
2025-10-30,23.0952091217041,23.48504163956936,22.96209429627854,23.114223970883092,157478000,PFE
2025-10-31,23.437501907348633,23.513566750896903,22.97160451392437,23.085702686011235,132697400,PFE
2025-11-03,23.447010040283203,23.53258321523911,23.20930717952321,23.38045352943503,140871300,PFE
2025-11-04,23.104717254638672,23.960449001019207,23.009637561510967,23.190290429276725,166162000,PFE
2025-11-05,23.39946746826172,23.456515640411755,22.971601643314703,23.180779483550634,107240900,PFE
2025-11-06,23.627662658691406,23.893888678832845,23.332911644879633,23.532581159985714,124137200,PFE
2025-11-07,23.637338638305664,23.830848282915543,23.327721730559983,23.54058289326955,117794500,PFE
2025-11-10,23.598636627197266,24.08241352793005,23.13421124540477,23.85987659650395,148958600,PFE
2025-11-11,24.682296752929688,24.682296752929688,23.647014520227287,23.69539147026554,139673800,PFE
2025-11-12,25.030616760253906,25.108020987782922,24.430732612807283,24.57586530874139,96008000,PFE
2025-11-13,24.953210830688477,25.620821555540704,24.837103574583352,25.09834351672321,123083100,PFE
2025-11-14,24.246896743774414,24.933860874003727,24.159816757612074,24.837105128771977,96507600,PFE
2025-11-17,24.26624870300293,24.740349833247706,24.14046752373896,24.29527598073879,88042200,PFE
2025-11-18,24.624244689941406,24.68229740060311,24.169493227614606,24.23722169763033,66511800,PFE
2025-11-19,24.072736740112305,24.672620883398363,23.91792828612797,24.52748818847084,62000200,PFE
2025-11-20,23.608312606811523,24.188845262196732,23.492207183011942,24.082413752495086,51983200,PFE
2025-11-21,24.227548599243164,24.69197399109424,23.79214864096874,23.79214864096874,73079400,PFE
2025-11-24,24.401704788208008,24.64359322449443,24.237220577714748,24.295275131156355,63074900,PFE
2025-11-25,24.885480880737305,25.127369309441658,24.53716279831737,24.546838556921017,39130300,PFE
2025-11-26,24.875804901123047,24.972560640837607,24.750023731317686,24.866130988067606,33461000,PFE
2025-11-28,24.90483283996582,25.020940099808023,24.827428615225116,25.011264341032646,22627600,PFE
2025-12-01,24.450084686279297,25.098345798604196,24.411381648904726,24.924185821343418,53198600,PFE
2025-12-02,24.33397674560547,24.498460958966653,24.227547086698124,24.498460958966653,43827000,PFE
2025-12-03,24.74034881591797,25.049965717186097,24.47910886342462,24.498460381119454,56121200,PFE
2025-12-04,24.866132736206055,24.904833927535307,24.527488546128858,24.79840242182072,35454000,PFE
2025-12-05,25.1854248046875,25.27250478992068,24.808077586856285,24.93386060795413,47443700,PFE
2025-12-08,24.933860778808594,25.340233430860575,24.924185019776125,25.195100736298226,45209300,PFE
2025-12-09,24.508136749267578,25.28217902168149,24.314625258432926,25.15639784446261,43483800,PFE
2025-12-10,24.94353675842285,24.953212517540884,24.4017053205871,24.662945280386943,43635400,PFE
2025-12-11,24.962886810302734,25.195101341737423,24.779052920655314,24.962886810302734,35570200,PFE
2025-12-12,25.011266708374023,25.195102451581793,24.88548367785096,25.00159094868283,51599700,PFE
2025-12-15,25.572446823120117,25.785307991372882,24.9725626646443,24.982238423946118,60360000,PFE
2025-12-16,24.701648712158203,25.649850975351264,24.11144031474957,25.582122505903527,111695500,PFE
2025-12-17,24.227548599243164,24.662946712055128,24.21787283956346,24.575866720400242,61255300,PFE
2025-12-18,24.227548599243164,24.411382496770177,24.169494041164935,24.198521320204048,47062500,PFE
2025-12-19,24.3726806640625,24.691973343265833,24.169493407044516,24.198520685322062,87590000,PFE
2025-12-22,24.39202880859375,24.57586453523747,24.31462458350097,24.382354895236663,38758900,PFE
2025-12-23,24.072736740112305,24.517812429414025,24.02435979029058,24.44040820242186,43692900,PFE
2025-12-24,24.217870712280273,24.32430036848339,24.101763451785065,24.111439210614858,19328500,PFE
2025-12-26,24.275924682617188,24.295276201283425,24.111440464878935,24.20819621274774,21617800,PFE
2025-12-29,24.1888427734375,24.382354253809897,24.159815497742965,24.237219720799477,33067700,PFE
2025-12-30,24.179166793823242,24.237219499219336,24.11143832995076,24.198518310776016,28821700,PFE
2025-12-31,24.09208869934082,24.208195964686112,24.072737180872878,24.159817168516252,29409200,PFE
2026-01-02,24.363004684448242,24.47911010558425,24.024360489453816,24.169493188605028,35976700,PFE
2026-01-05,24.353328704833984,24.575865631217155,24.140467537701696,24.382355982586635,52620900,PFE
2026-01-06,24.60489273071289,25.16607384496182,24.372680046761165,24.372680046761165,50977300,PFE
2026-01-07,24.459758758544922,24.972561050151388,24.3242999825394,24.759699895660237,51395800,PFE
2026-01-08,24.46943473815918,24.73067284292817,24.304950530101962,24.363003237221484,42977300,PFE
2026-01-09,24.653270721435547,24.720999193096574,24.411382268096197,24.517813778113496,34190200,PFE
2026-01-12,24.450084686279297,24.93386158068706,24.27592470901852,24.75002584408264,50256300,PFE
2026-01-13,24.33397674560547,24.566189427033784,24.159816773168643,24.498460958966653,47656100,PFE
2026-01-14,24.750024795532227,24.87580597074599,24.382355183362336,24.411380614701187,53738100,PFE
2026-01-15,25.04996681213379,25.04996681213379,24.430732982530483,24.720998378791435,55263200,PFE
2026-01-16,24.817752838134766,25.049965512185512,24.72099709591472,25.049965512185512,59470600,PFE
2026-01-20,24.691972732543945,24.817753911044118,24.275924314834928,24.60489274532753,55425400,PFE
2026-01-21,25.04996681213379,25.078994089944835,24.556514162120262,24.643594150091022,47264100,PFE
2026-01-22,25.25315284729004,25.456338245775473,24.914508671018684,25.059641362145754,49883900,PFE
2026-01-23,25.233476638793945,25.272827990938232,25.095750659040434,25.16461364891719,45402300,PFE
2026-01-26,25.459741592407227,25.49909294502743,25.18428962956888,25.213801267658265,41441900,PFE
2026-01-27,26.06967544555664,26.394316611899104,25.479418267740567,25.518769621903697,75575400,PFE
2026-01-28,25.440067291259766,25.96145956857475,25.341690788023215,25.843409265791472,44976700,PFE
2026-01-29,25.676170349121094,25.804058492734143,25.459741661871018,25.4794173382348,44373800,PFE
2026-01-30,26.010648727416992,26.04016036488981,25.479416736397443,25.705681380109148,51599400,PFE
2026-02-02,26.227075576782227,26.256589090679846,25.9221101053431,25.990973094728478,52129500,PFE
2026-02-03,25.351530075073242,25.686009079370837,24.849811568626848,24.94818807748658,91964900,PFE
2026-02-04,26.345129013061523,26.54188015263981,25.4400685171491,25.45974231764385,83025800,PFE
2026-02-05,26.059837341308594,26.748471021135312,26.030323825987168,26.32545335007397,72650700,PFE
2026-02-06,26.777982711791992,26.92554841230827,26.089350907011276,26.236914731151728,50691600,PFE
2026-02-09,26.610742568969727,26.925547762953347,26.354966280695194,26.738632589482776,49288200,PFE
2026-02-10,27.161649703979492,27.279700007516382,26.650093384984324,26.73863205082486,43760600,PFE
2026-02-11,27.279701232910156,27.48629208794331,26.866521399219675,27.10262389327483,41699300,PFE
2026-02-12,27.023921966552734,27.43710178349565,26.96489681452539,27.20099929901052,58805100,PFE
2026-02-13,27.132137298583984,27.48629197641765,27.102623783305905,27.151812975436037,36986700,PFE
2026-02-17,26.925548553466797,27.41742922076423,26.758309051530638,27.38791570523108,32119900,PFE
2026-02-18,26.925548553466797,27.033761024336663,26.768145013665848,26.994411546668303,24779800,PFE
2026-02-19,26.423830032348633,26.955060177006636,26.148376183326366,26.925548537866423,40316800,PFE
2026-02-20,26.217239379882812,26.345129405068693,25.931949566517737,26.276264534996994,44786900,PFE
2026-02-23,26.620580673217773,26.66976986482042,26.069674861898722,26.1287000154461,34166100,PFE
2026-02-24,26.699281692504883,26.97473553830322,26.64025653853946,26.699281692504883,34686100,PFE
2026-02-25,26.650094985961914,26.846848005510793,26.295940301324272,26.620581470116825,32680300,PFE
2026-02-26,26.659931182861328,26.82717067626653,26.43366653777657,26.817332838257315,30508300,PFE
2026-02-27,27.201000213623047,27.220675890418992,26.6500943979673,26.71895739037729,41879700,PFE
2026-03-02,26.817333221435547,27.161650051174924,26.72879455446326,27.122298698575786,41321700,PFE
2026-03-03,26.14837646484375,26.512368987957124,25.92211180591223,26.286102452649747,41486100,PFE
2026-03-04,26.187726974487305,26.34512863443814,25.92211096967935,26.33529079614424,30893500,PFE
2026-03-05,26.177888870239258,26.276263499427245,25.774546886166018,25.96146018272382,38908600,PFE
2026-03-06,26.610742568969727,26.689443398371687,25.804058598505698,26.1090259542671,53181800,PFE
2026-03-09,26.3746395111084,26.669769022273197,25.931948058924814,26.473016014829998,42789500,PFE
2026-03-10,26.718957901000977,26.846847926242898,26.089351242504907,26.384478894580976,42814600,PFE
2026-03-11,26.8566837310791,26.96489807851495,26.561556080732412,26.758309098547432,40560100,PFE
2026-03-12,26.423830032348633,26.679608204360203,26.197563499477276,26.669770365854855,38542800,PFE
2026-03-13,26.14837646484375,26.83701015662544,26.14837646484375,26.58123198186012,34270800,PFE
2026-03-16,26.177888870239258,26.453340834166866,26.089350202869447,26.26642753760907,28551500,PFE
2026-03-17,27.004249572753906,27.309215063211404,26.384478876883676,26.384478876883676,60097500,PFE
2026-03-18,26.876358032226562,26.935383183998997,26.4041530652956,26.699280700533517,47478300,PFE
2026-03-19,26.96489715576172,27.279700472392342,26.807495497446407,26.846846850213122,47939600,PFE
2026-03-20,26.532041549682617,27.10262302785722,26.364802053853385,26.964897046483415,66805700,PFE
2026-03-23,26.335290908813477,26.74847073704606,26.197563048485414,26.591069076421817,42945200,PFE
2026-03-24,26.52220344543457,26.689442939585895,26.010649001303236,26.168050657401455,35605300,PFE
2026-03-25,26.83700942993164,27.08294975942611,26.60090693878205,26.738632922858695,37603900,PFE
2026-03-26,27.122299194335938,27.358401685119098,26.797658034962115,26.80749587329172,28835000,PFE
2026-03-27,26.600906372070312,27.319051668564438,26.581230695799736,27.279700316023284,29124600,PFE
2026-03-30,27.31905174255371,27.3682390569876,26.709118911144316,26.97473491238917,46696000,PFE
2026-03-31,27.6240177154541,27.850282368108846,27.33872790914503,27.53547904678471,44841500,PFE
2026-04-01,28.086383819580078,28.174922484972512,27.584667217523947,27.81093186180428,44208500,PFE
2026-04-02,27.86012077331543,28.283138448592776,27.761744264306024,28.037198114257187,30920600,PFE
2026-04-06,27.378076553344727,27.77158069303041,27.358400877266508,27.732231217249712,25169300,PFE
2026-04-07,26.659931182861328,27.230512652765707,26.34512787206936,27.210836976747277,46620500,PFE
2026-04-08,27.023921966552734,27.0435976426871,26.532041321448112,26.80749515820197,33789100,PFE
2026-04-09,26.777982711791992,27.053436559529775,26.738633234329924,26.768144873332517,27047600,PFE
2026-04-10,26.48285484313965,26.915710349875443,26.335291020227118,26.876358996365003,27882400,PFE
2026-04-13,26.896034240722656,27.122298890642686,26.246751929245146,26.394315749785346,44156200,PFE
2026-04-14,26.669769287109375,26.866520420130612,26.640255772787096,26.75830795370045,24558900,PFE
2026-04-15,26.748470306396484,26.915709802664164,26.532041619240797,26.73863246821888,29648900,PFE
2026-04-16,26.777982711791992,27.033760882610828,26.709119718951502,26.768144873332517,21905300,PFE
2026-04-17,27.11246109008789,27.2206754342764,26.679607466085415,26.886196439853535,30080400,PFE
2026-04-20,27.07311248779297,27.39775365446623,27.06327464924216,27.141975481272773,25023000,PFE
2026-04-21,26.866519927978516,27.171487274594917,26.758307463530635,27.073110771698524,29833000,PFE
2026-04-22,26.364803314208984,26.945222658282038,26.305778158852224,26.905873180169483,35246800,PFE
2026-04-23,26.236913681030273,26.394315337330262,25.951622006251696,26.325452347245985,38718400,PFE
2026-04-24,26.561555862426758,26.856683510347835,26.148376029511752,26.2565903760582,42500200,PFE
2026-04-27,26.35496711730957,26.90587294061129,26.35496711730957,26.620581252237997,34764200,PFE
2026-04-28,26.049999237060547,27.132137061585325,25.89259757637067,27.082949746260663,58079000,PFE
2026-04-29,25.833572387695312,26.118862193668157,25.774547234110553,25.931948894587116,29969700,PFE
2026-04-30,26.266427993774414,26.473016970307924,25.85324816433159,25.96146063359284,39082900,PFE
2026-05-01,25.902435302734375,26.177889145938778,25.863085825919914,26.168051307641214,29318700,PFE
2026-05-04,25.872920989990234,26.07951183511678,25.72535717282884,25.813895838400825,34583400,PFE
2026-05-05,26.02048683166504,26.315614467668027,25.587631339335008,26.158212811616334,57656100,PFE
2026-05-06,26.09918785095215,26.246751670035025,25.784382660166045,26.128699488943266,40357100,PFE
2026-05-07,26.049999237060547,26.286101728095367,25.735195915680787,26.079512752080827,48346000,PFE
2026-05-08,25.68000030517578,26.200000762939453,25.600000381469727,26.15999984741211,38903400,PFE
2026-05-11,25.809999465942383,26.18000030517578,25.68000030517578,25.790000915527344,43558000,PFE
2026-05-12,25.8700008392334,26.09000015258789,25.739999771118164,25.81999969482422,26819500,PFE
2026-05-13,25.959999084472656,26.09000015258789,25.639999389648438,25.799999237060547,39420000,PFE
2026-05-14,25.75,26.100000381469727,25.719999313354492,26.06999969482422,19664781,PFE
